exchanges,core,feasible,score,mean_client_delay_min,mean_client_loss,unavailable_fraction,estimated_direct_packets_per_day,estimated_backbone_originations_per_day,assignment
"Mercury, Venus, Earth, Mars, Ceres",Ceres,True,11173.071823222972,58.44662250058158,0.28278475052643937,0.005420054200542005,32.0,32.0,"{'Mercury': 'Mercury', 'Venus': 'Venus', 'Earth': 'Earth', 'Mars': 'Mars', 'Ceres': 'Ceres', 'Jupiter': 'Ceres', 'Saturn': 'Earth', 'Uranus': 'Ceres', 'Neptune': 'Earth'}"
"Mercury, Venus, Earth, Mars, Ceres",Mars,True,11934.824391289209,58.44662250058158,0.28278475052643937,0.005420054200542005,32.0,32.0,"{'Mercury': 'Mercury', 'Venus': 'Venus', 'Earth': 'Earth', 'Mars': 'Mars', 'Ceres': 'Ceres', 'Jupiter': 'Ceres', 'Saturn': 'Earth', 'Uranus': 'Ceres', 'Neptune': 'Earth'}"
"Mercury, Venus, Earth, Mars, Ceres",Venus,True,11962.995881256718,58.44662250058158,0.28278475052643937,0.005420054200542005,32.0,32.0,"{'Mercury': 'Mercury', 'Venus': 'Venus', 'Earth': 'Earth', 'Mars': 'Mars', 'Ceres': 'Ceres', 'Jupiter': 'Ceres', 'Saturn': 'Earth', 'Uranus': 'Ceres', 'Neptune': 'Earth'}"
"Mercury, Venus, Earth, Mars, Ceres",Earth,True,11970.392014717834,58.44662250058158,0.28278475052643937,0.005420054200542005,32.0,32.0,"{'Mercury': 'Mercury', 'Venus': 'Venus', 'Earth': 'Earth', 'Mars': 'Mars', 'Ceres': 'Ceres', 'Jupiter': 'Ceres', 'Saturn': 'Earth', 'Uranus': 'Ceres', 'Neptune': 'Earth'}"
"Mercury, Venus, Earth, Mars, Ceres",Mercury,True,12044.742518754878,58.44662250058158,0.28278475052643937,0.005420054200542005,32.0,32.0,"{'Mercury': 'Mercury', 'Venus': 'Venus', 'Earth': 'Earth', 'Mars': 'Mars', 'Ceres': 'Ceres', 'Jupiter': 'Ceres', 'Saturn': 'Earth', 'Uranus': 'Ceres', 'Neptune': 'Earth'}"
"Mercury, Venus, Earth, Ceres, Saturn",Ceres,True,12435.682930293633,51.28954178841561,0.23126674933669888,0.005420054200542005,32.0,32.0,"{'Mercury': 'Mercury', 'Venus': 'Venus', 'Earth': 'Earth', 'Mars': 'Earth', 'Ceres': 'Ceres', 'Jupiter': 'Ceres', 'Saturn': 'Saturn', 'Uranus': 'Saturn', 'Neptune': 'Saturn'}"
"Mercury, Venus, Earth, Ceres, Saturn",Earth,True,13175.774755330443,51.28954178841561,0.23126674933669888,0.005420054200542005,32.0,32.0,"{'Mercury': 'Mercury', 'Venus': 'Venus', 'Earth': 'Earth', 'Mars': 'Earth', 'Ceres': 'Ceres', 'Jupiter': 'Ceres', 'Saturn': 'Saturn', 'Uranus': 'Saturn', 'Neptune': 'Saturn'}"
"Mercury, Venus, Earth, Ceres, Saturn",Venus,True,13197.830733709437,51.28954178841561,0.23126674933669888,0.005420054200542005,32.0,32.0,"{'Mercury': 'Mercury', 'Venus': 'Venus', 'Earth': 'Earth', 'Mars': 'Earth', 'Ceres': 'Ceres', 'Jupiter': 'Ceres', 'Saturn': 'Saturn', 'Uranus': 'Saturn', 'Neptune': 'Saturn'}"
"Mercury, Venus, Earth, Ceres, Saturn",Mercury,True,13284.17617592802,51.28954178841561,0.23126674933669888,0.005420054200542005,32.0,32.0,"{'Mercury': 'Mercury', 'Venus': 'Venus', 'Earth': 'Earth', 'Mars': 'Earth', 'Ceres': 'Ceres', 'Jupiter': 'Ceres', 'Saturn': 'Saturn', 'Uranus': 'Saturn', 'Neptune': 'Saturn'}"
"Mercury, Venus, Earth, Jupiter, Saturn",Earth,True,13825.683742900954,48.765557935228045,0.21463261836377395,0.005420054200542005,32.0,32.0,"{'Mercury': 'Mercury', 'Venus': 'Venus', 'Earth': 'Earth', 'Mars': 'Earth', 'Ceres': 'Earth', 'Jupiter': 'Jupiter', 'Saturn': 'Saturn', 'Uranus': 'Saturn', 'Neptune': 'Saturn'}"
"Mercury, Venus, Earth, Jupiter, Saturn",Venus,True,13840.269122178426,48.765557935228045,0.21463261836377395,0.005420054200542005,32.0,32.0,"{'Mercury': 'Mercury', 'Venus': 'Venus', 'Earth': 'Earth', 'Mars': 'Earth', 'Ceres': 'Earth', 'Jupiter': 'Jupiter', 'Saturn': 'Saturn', 'Uranus': 'Saturn', 'Neptune': 'Saturn'}"
"Mercury, Venus, Earth, Jupiter, Saturn",Mercury,True,14026.155595241891,48.765557935228045,0.21463261836377395,0.005420054200542005,32.0,32.0,"{'Mercury': 'Mercury', 'Venus': 'Venus', 'Earth': 'Earth', 'Mars': 'Earth', 'Ceres': 'Earth', 'Jupiter': 'Jupiter', 'Saturn': 'Saturn', 'Uranus': 'Saturn', 'Neptune': 'Saturn'}"
"Mercury, Venus, Earth, Mars, Saturn",Mars,True,14761.608633935506,52.094926058891325,0.23846576359182797,0.006775067750677507,32.0,32.0,"{'Mercury': 'Mercury', 'Venus': 'Venus', 'Earth': 'Earth', 'Mars': 'Mars', 'Ceres': 'Mars', 'Jupiter': 'Mars', 'Saturn': 'Saturn', 'Uranus': 'Saturn', 'Neptune': 'Saturn'}"
"Mercury, Venus, Earth, Mars, Saturn",Earth,True,14792.84831898089,52.094926058891325,0.23846576359182797,0.006775067750677507,32.0,32.0,"{'Mercury': 'Mercury', 'Venus': 'Venus', 'Earth': 'Earth', 'Mars': 'Mars', 'Ceres': 'Mars', 'Jupiter': 'Mars', 'Saturn': 'Saturn', 'Uranus': 'Saturn', 'Neptune': 'Saturn'}"
"Mercury, Venus, Earth, Mars, Saturn",Venus,True,14818.79764831426,52.094926058891325,0.23846576359182797,0.006775067750677507,32.0,32.0,"{'Mercury': 'Mercury', 'Venus': 'Venus', 'Earth': 'Earth', 'Mars': 'Mars', 'Ceres': 'Mars', 'Jupiter': 'Mars', 'Saturn': 'Saturn', 'Uranus': 'Saturn', 'Neptune': 'Saturn'}"
"Mercury, Venus, Earth, Mars, Saturn",Mercury,True,14896.92131660958,52.094926058891325,0.23846576359182797,0.006775067750677507,32.0,32.0,"{'Mercury': 'Mercury', 'Venus': 'Venus', 'Earth': 'Earth', 'Mars': 'Mars', 'Ceres': 'Mars', 'Jupiter': 'Mars', 'Saturn': 'Saturn', 'Uranus': 'Saturn', 'Neptune': 'Saturn'}"
"Mercury, Venus, Earth, Jupiter, Saturn",Jupiter,True,15113.189622421229,48.765557935228045,0.21463261836377395,0.005420054200542005,32.0,32.0,"{'Mercury': 'Mercury', 'Venus': 'Venus', 'Earth': 'Earth', 'Mars': 'Earth', 'Ceres': 'Earth', 'Jupiter': 'Jupiter', 'Saturn': 'Saturn', 'Uranus': 'Saturn', 'Neptune': 'Saturn'}"
"Mercury, Venus, Mars, Ceres, Saturn",Ceres,True,15145.847162068967,50.90644447416194,0.22743171307239665,0.008130081300813009,32.0,32.0,"{'Mercury': 'Mercury', 'Venus': 'Venus', 'Earth': 'Venus', 'Mars': 'Mars', 'Ceres': 'Ceres', 'Jupiter': 'Ceres', 'Saturn': 'Saturn', 'Uranus': 'Saturn', 'Neptune': 'Saturn'}"
"Mercury, Earth, Mars, Ceres, Saturn",Ceres,True,15154.712736213101,50.90644195668244,0.22743169091532672,0.008130081300813009,32.0,32.0,"{'Mercury': 'Mercury', 'Venus': 'Earth', 'Earth': 'Earth', 'Mars': 'Mars', 'Ceres': 'Ceres', 'Jupiter': 'Ceres', 'Saturn': 'Saturn', 'Uranus': 'Saturn', 'Neptune': 'Saturn'}"
"Mercury, Venus, Mars, Ceres, Saturn",Mars,True,15854.699506589946,50.90644447416194,0.22743171307239665,0.008130081300813009,32.0,32.0,"{'Mercury': 'Mercury', 'Venus': 'Venus', 'Earth': 'Venus', 'Mars': 'Mars', 'Ceres': 'Ceres', 'Jupiter': 'Ceres', 'Saturn': 'Saturn', 'Uranus': 'Saturn', 'Neptune': 'Saturn'}"
"Mercury, Earth, Mars, Ceres, Saturn",Mars,True,15859.658746183817,50.90644195668244,0.22743169091532672,0.008130081300813009,32.0,32.0,"{'Mercury': 'Mercury', 'Venus': 'Earth', 'Earth': 'Earth', 'Mars': 'Mars', 'Ceres': 'Ceres', 'Jupiter': 'Ceres', 'Saturn': 'Saturn', 'Uranus': 'Saturn', 'Neptune': 'Saturn'}"
"Mercury, Earth, Mars, Ceres, Saturn",Earth,True,15868.608100555839,50.90644195668244,0.22743169091532672,0.008130081300813009,32.0,32.0,"{'Mercury': 'Mercury', 'Venus': 'Earth', 'Earth': 'Earth', 'Mars': 'Mars', 'Ceres': 'Ceres', 'Jupiter': 'Ceres', 'Saturn': 'Saturn', 'Uranus': 'Saturn', 'Neptune': 'Saturn'}"
"Mercury, Venus, Mars, Ceres, Saturn",Venus,True,15885.700166739653,50.90644447416194,0.22743171307239665,0.008130081300813009,32.0,32.0,"{'Mercury': 'Mercury', 'Venus': 'Venus', 'Earth': 'Venus', 'Mars': 'Mars', 'Ceres': 'Ceres', 'Jupiter': 'Ceres', 'Saturn': 'Saturn', 'Uranus': 'Saturn', 'Neptune': 'Saturn'}"
"Mercury, Venus, Mars, Ceres, Saturn",Mercury,True,15967.998460260482,50.90644447416194,0.22743171307239665,0.008130081300813009,32.0,32.0,"{'Mercury': 'Mercury', 'Venus': 'Venus', 'Earth': 'Venus', 'Mars': 'Mars', 'Ceres': 'Ceres', 'Jupiter': 'Ceres', 'Saturn': 'Saturn', 'Uranus': 'Saturn', 'Neptune': 'Saturn'}"
"Mercury, Earth, Mars, Ceres, Saturn",Mercury,True,15970.177094790317,50.90644195668244,0.22743169091532672,0.008130081300813009,32.0,32.0,"{'Mercury': 'Mercury', 'Venus': 'Earth', 'Earth': 'Earth', 'Mars': 'Mars', 'Ceres': 'Ceres', 'Jupiter': 'Ceres', 'Saturn': 'Saturn', 'Uranus': 'Saturn', 'Neptune': 'Saturn'}"
"Mercury, Venus, Earth, Ceres, Uranus",Ceres,True,16804.98659557348,45.5887437982631,0.21342884997143105,0.008130081300813009,32.0,32.0,"{'Mercury': 'Mercury', 'Venus': 'Venus', 'Earth': 'Earth', 'Mars': 'Earth', 'Ceres': 'Ceres', 'Jupiter': 'Ceres', 'Saturn': 'Earth', 'Uranus': 'Uranus', 'Neptune': 'Uranus'}"
"Mercury, Venus, Earth, Ceres, Saturn",Saturn,True,17044.965735571728,51.28954178841561,0.23126674933669888,0.005420054200542005,32.0,32.0,"{'Mercury': 'Mercury', 'Venus': 'Venus', 'Earth': 'Earth', 'Mars': 'Earth', 'Ceres': 'Ceres', 'Jupiter': 'Ceres', 'Saturn': 'Saturn', 'Uranus': 'Saturn', 'Neptune': 'Saturn'}"
"Mercury, Venus, Earth, Ceres, Uranus",Earth,True,17521.777818841394,45.5887437982631,0.21342884997143105,0.008130081300813009,32.0,32.0,"{'Mercury': 'Mercury', 'Venus': 'Venus', 'Earth': 'Earth', 'Mars': 'Earth', 'Ceres': 'Ceres', 'Jupiter': 'Ceres', 'Saturn': 'Earth', 'Uranus': 'Uranus', 'Neptune': 'Uranus'}"
"Mercury, Venus, Earth, Ceres, Uranus",Venus,True,17542.763348151482,45.5887437982631,0.21342884997143105,0.008130081300813009,32.0,32.0,"{'Mercury': 'Mercury', 'Venus': 'Venus', 'Earth': 'Earth', 'Mars': 'Earth', 'Ceres': 'Ceres', 'Jupiter': 'Ceres', 'Saturn': 'Earth', 'Uranus': 'Uranus', 'Neptune': 'Uranus'}"
"Mercury, Venus, Earth, Ceres, Uranus",Mercury,True,17592.848079712545,45.5887437982631,0.21342884997143105,0.008130081300813009,32.0,32.0,"{'Mercury': 'Mercury', 'Venus': 'Venus', 'Earth': 'Earth', 'Mars': 'Earth', 'Ceres': 'Ceres', 'Jupiter': 'Ceres', 'Saturn': 'Earth', 'Uranus': 'Uranus', 'Neptune': 'Uranus'}"
"Mercury, Venus, Earth, Jupiter, Saturn",Saturn,True,17637.26879096683,48.765557935228045,0.21463261836377395,0.005420054200542005,32.0,32.0,"{'Mercury': 'Mercury', 'Venus': 'Venus', 'Earth': 'Earth', 'Mars': 'Earth', 'Ceres': 'Earth', 'Jupiter': 'Jupiter', 'Saturn': 'Saturn', 'Uranus': 'Saturn', 'Neptune': 'Saturn'}"
"Mercury, Venus, Earth, Mars, Jupiter",Mars,True,17988.733651768423,55.43031751460262,0.26457400621350824,0.01084010840108401,32.0,32.0,"{'Mercury': 'Mercury', 'Venus': 'Venus', 'Earth': 'Earth', 'Mars': 'Mars', 'Ceres': 'Mars', 'Jupiter': 'Jupiter', 'Saturn': 'Earth', 'Uranus': 'Mars', 'Neptune': 'Earth'}"
"Mercury, Venus, Earth, Mars, Jupiter",Venus,True,18023.419535794917,55.43031751460262,0.26457400621350824,0.01084010840108401,32.0,32.0,"{'Mercury': 'Mercury', 'Venus': 'Venus', 'Earth': 'Earth', 'Mars': 'Mars', 'Ceres': 'Mars', 'Jupiter': 'Jupiter', 'Saturn': 'Earth', 'Uranus': 'Mars', 'Neptune': 'Earth'}"
"Mercury, Venus, Earth, Mars, Jupiter",Earth,True,18038.28626835755,55.43031751460262,0.26457400621350824,0.01084010840108401,32.0,32.0,"{'Mercury': 'Mercury', 'Venus': 'Venus', 'Earth': 'Earth', 'Mars': 'Mars', 'Ceres': 'Mars', 'Jupiter': 'Jupiter', 'Saturn': 'Earth', 'Uranus': 'Mars', 'Neptune': 'Earth'}"
"Mercury, Venus, Earth, Mars, Jupiter",Mercury,True,18204.707204137958,55.43031751460262,0.26457400621350824,0.01084010840108401,32.0,32.0,"{'Mercury': 'Mercury', 'Venus': 'Venus', 'Earth': 'Earth', 'Mars': 'Mars', 'Ceres': 'Mars', 'Jupiter': 'Jupiter', 'Saturn': 'Earth', 'Uranus': 'Mars', 'Neptune': 'Earth'}"
"Mercury, Mars, Ceres, Saturn",Ceres,True,18304.59208141406,53.03762915876023,0.2453653968308123,0.012195121951219513,40.0,24.0,"{'Mercury': 'Mercury', 'Venus': 'Mars', 'Earth': 'Mars', 'Mars': 'Mars', 'Ceres': 'Ceres', 'Jupiter': 'Ceres', 'Saturn': 'Saturn', 'Uranus': 'Saturn', 'Neptune': 'Saturn'}"
"Mercury, Venus, Earth, Ceres, Neptune",Ceres,True,18557.082379591073,32.97899780939456,0.19735938320726779,0.008130081300813009,32.0,32.0,"{'Mercury': 'Mercury', 'Venus': 'Venus', 'Earth': 'Earth', 'Mars': 'Earth', 'Ceres': 'Ceres', 'Jupiter': 'Ceres', 'Saturn': 'Earth', 'Uranus': 'Ceres', 'Neptune': 'Neptune'}"
"Mercury, Venus, Earth, Mars, Saturn",Saturn,True,18609.130251841343,52.094926058891325,0.23846576359182797,0.006775067750677507,32.0,32.0,"{'Mercury': 'Mercury', 'Venus': 'Venus', 'Earth': 'Earth', 'Mars': 'Mars', 'Ceres': 'Mars', 'Jupiter': 'Mars', 'Saturn': 'Saturn', 'Uranus': 'Saturn', 'Neptune': 'Saturn'}"
"Mercury, Mars, Ceres, Saturn",Mars,True,18755.481289119176,53.03762915876023,0.2453653968308123,0.012195121951219513,40.0,24.0,"{'Mercury': 'Mercury', 'Venus': 'Mars', 'Earth': 'Mars', 'Mars': 'Mars', 'Ceres': 'Ceres', 'Jupiter': 'Ceres', 'Saturn': 'Saturn', 'Uranus': 'Saturn', 'Neptune': 'Saturn'}"
"Mercury, Mars, Ceres, Saturn",Mercury,True,18822.948598031715,53.03762915876023,0.2453653968308123,0.012195121951219513,40.0,24.0,"{'Mercury': 'Mercury', 'Venus': 'Mars', 'Earth': 'Mars', 'Mars': 'Mars', 'Ceres': 'Ceres', 'Jupiter': 'Ceres', 'Saturn': 'Saturn', 'Uranus': 'Saturn', 'Neptune': 'Saturn'}"
"Mercury, Venus, Earth, Mars, Uranus",Mars,True,19110.461835744492,46.388532953213215,0.22062315852087605,0.009485094850948509,32.0,32.0,"{'Mercury': 'Mercury', 'Venus': 'Venus', 'Earth': 'Earth', 'Mars': 'Mars', 'Ceres': 'Mars', 'Jupiter': 'Mars', 'Saturn': 'Earth', 'Uranus': 'Uranus', 'Neptune': 'Uranus'}"
"Mercury, Venus, Earth, Mars, Uranus",Earth,True,19138.841081670627,46.388532953213215,0.22062315852087605,0.009485094850948509,32.0,32.0,"{'Mercury': 'Mercury', 'Venus': 'Venus', 'Earth': 'Earth', 'Mars': 'Mars', 'Ceres': 'Mars', 'Jupiter': 'Mars', 'Saturn': 'Earth', 'Uranus': 'Uranus', 'Neptune': 'Uranus'}"
"Mercury, Venus, Earth, Mars, Uranus",Venus,True,19163.719961935094,46.388532953213215,0.22062315852087605,0.009485094850948509,32.0,32.0,"{'Mercury': 'Mercury', 'Venus': 'Venus', 'Earth': 'Earth', 'Mars': 'Mars', 'Ceres': 'Mars', 'Jupiter': 'Mars', 'Saturn': 'Earth', 'Uranus': 'Uranus', 'Neptune': 'Uranus'}"
"Venus, Earth, Mars, Ceres, Saturn",Ceres,True,19189.789147082512,51.43867708697128,0.23119260516394433,0.012195121951219513,32.0,32.0,"{'Mercury': 'Mars', 'Venus': 'Venus', 'Earth': 'Earth', 'Mars': 'Mars', 'Ceres': 'Ceres', 'Jupiter': 'Ceres', 'Saturn': 'Saturn', 'Uranus': 'Saturn', 'Neptune': 'Saturn'}"
"Mercury, Venus, Mars, Jupiter, Saturn",Mars,True,19200.935328086933,48.49331075621475,0.2109714587802083,0.01084010840108401,32.0,32.0,"{'Mercury': 'Mercury', 'Venus': 'Venus', 'Earth': 'Venus', 'Mars': 'Mars', 'Ceres': 'Mars', 'Jupiter': 'Jupiter', 'Saturn': 'Saturn', 'Uranus': 'Saturn', 'Neptune': 'Saturn'}"
"Mercury, Venus, Earth, Mars, Uranus",Mercury,True,19205.58291957289,46.388532953213215,0.22062315852087605,0.009485094850948509,32.0,32.0,"{'Mercury': 'Mercury', 'Venus': 'Venus', 'Earth': 'Earth', 'Mars': 'Mars', 'Ceres': 'Mars', 'Jupiter': 'Mars', 'Saturn': 'Earth', 'Uranus': 'Uranus', 'Neptune': 'Uranus'}"
"Mercury, Earth, Mars, Jupiter, Saturn",Mars,True,19205.8945676132,48.49330823183804,0.2109714365624341,0.01084010840108401,32.0,32.0,"{'Mercury': 'Mercury', 'Venus': 'Earth', 'Earth': 'Earth', 'Mars': 'Mars', 'Ceres': 'Mars', 'Jupiter': 'Jupiter', 'Saturn': 'Saturn', 'Uranus': 'Saturn', 'Neptune': 'Saturn'}"
"Mercury, Earth, Mars, Jupiter, Saturn",Earth,True,19228.82891514573,48.49330823183804,0.2109714365624341,0.01084010840108401,32.0,32.0,"{'Mercury': 'Mercury', 'Venus': 'Earth', 'Earth': 'Earth', 'Mars': 'Mars', 'Ceres': 'Mars', 'Jupiter': 'Jupiter', 'Saturn': 'Saturn', 'Uranus': 'Saturn', 'Neptune': 'Saturn'}"
"Mercury, Venus, Mars, Jupiter, Saturn",Venus,True,19238.45038229562,48.49331075621475,0.2109714587802083,0.01084010840108401,32.0,32.0,"{'Mercury': 'Mercury', 'Venus': 'Venus', 'Earth': 'Venus', 'Mars': 'Mars', 'Ceres': 'Mars', 'Jupiter': 'Jupiter', 'Saturn': 'Saturn', 'Uranus': 'Saturn', 'Neptune': 'Saturn'}"
"Mercury, Venus, Earth, Ceres, Neptune",Earth,True,19262.469053054985,32.97899780939456,0.19735938320726779,0.008130081300813009,32.0,32.0,"{'Mercury': 'Mercury', 'Venus': 'Venus', 'Earth': 'Earth', 'Mars': 'Earth', 'Ceres': 'Ceres', 'Jupiter': 'Ceres', 'Saturn': 'Earth', 'Uranus': 'Ceres', 'Neptune': 'Neptune'}"
"Mercury, Venus, Earth, Ceres, Neptune",Venus,True,19264.22029519566,32.97899780939456,0.19735938320726779,0.008130081300813009,32.0,32.0,"{'Mercury': 'Mercury', 'Venus': 'Venus', 'Earth': 'Earth', 'Mars': 'Earth', 'Ceres': 'Ceres', 'Jupiter': 'Ceres', 'Saturn': 'Earth', 'Uranus': 'Ceres', 'Neptune': 'Neptune'}"
"Mercury, Venus, Earth, Mars, Jupiter",Jupiter,True,19312.177554917416,55.43031751460262,0.26457400621350824,0.01084010840108401,32.0,32.0,"{'Mercury': 'Mercury', 'Venus': 'Venus', 'Earth': 'Earth', 'Mars': 'Mars', 'Ceres': 'Mars', 'Jupiter': 'Jupiter', 'Saturn': 'Earth', 'Uranus': 'Mars', 'Neptune': 'Earth'}"
"Mercury, Venus, Earth, Ceres, Neptune",Mercury,True,19367.57747123881,32.97899780939456,0.19735938320726779,0.008130081300813009,32.0,32.0,"{'Mercury': 'Mercury', 'Venus': 'Venus', 'Earth': 'Earth', 'Mars': 'Earth', 'Ceres': 'Ceres', 'Jupiter': 'Ceres', 'Saturn': 'Earth', 'Uranus': 'Ceres', 'Neptune': 'Neptune'}"
"Mercury, Venus, Mars, Jupiter, Saturn",Mercury,True,19420.289706661333,48.49331075621475,0.2109714587802083,0.01084010840108401,32.0,32.0,"{'Mercury': 'Mercury', 'Venus': 'Venus', 'Earth': 'Venus', 'Mars': 'Mars', 'Ceres': 'Mars', 'Jupiter': 'Jupiter', 'Saturn': 'Saturn', 'Uranus': 'Saturn', 'Neptune': 'Saturn'}"
"Mercury, Earth, Mars, Jupiter, Saturn",Mercury,True,19422.468341123564,48.49330823183804,0.2109714365624341,0.01084010840108401,32.0,32.0,"{'Mercury': 'Mercury', 'Venus': 'Earth', 'Earth': 'Earth', 'Mars': 'Mars', 'Ceres': 'Mars', 'Jupiter': 'Jupiter', 'Saturn': 'Saturn', 'Uranus': 'Saturn', 'Neptune': 'Saturn'}"
"Mercury, Earth, Mars, Ceres, Uranus",Ceres,True,19523.940355313196,45.18897575331927,0.20953441358352012,0.01084010840108401,32.0,32.0,"{'Mercury': 'Mercury', 'Venus': 'Earth', 'Earth': 'Earth', 'Mars': 'Mars', 'Ceres': 'Ceres', 'Jupiter': 'Ceres', 'Saturn': 'Earth', 'Uranus': 'Uranus', 'Neptune': 'Uranus'}"
"Mercury, Earth, Ceres, Saturn",Ceres,True,19651.252452189114,52.65400295649341,0.24175110875551623,0.013550135501355014,40.0,24.0,"{'Mercury': 'Mercury', 'Venus': 'Earth', 'Earth': 'Earth', 'Mars': 'Earth', 'Ceres': 'Ceres', 'Jupiter': 'Ceres', 'Saturn': 'Saturn', 'Uranus': 'Saturn', 'Neptune': 'Saturn'}"
"Mercury, Mars, Ceres, Jupiter, Saturn",Ceres,True,19675.0273474195,47.83496531271124,0.20589354847982141,0.012195121951219513,32.0,32.0,"{'Mercury': 'Mercury', 'Venus': 'Mars', 'Earth': 'Mars', 'Mars': 'Mars', 'Ceres': 'Ceres', 'Jupiter': 'Jupiter', 'Saturn': 'Saturn', 'Uranus': 'Saturn', 'Neptune': 'Saturn'}"
"Mercury, Earth, Mars, Ceres, Saturn",Saturn,True,19743.10685345884,50.90644195668244,0.22743169091532672,0.008130081300813009,32.0,32.0,"{'Mercury': 'Mercury', 'Venus': 'Earth', 'Earth': 'Earth', 'Mars': 'Mars', 'Ceres': 'Ceres', 'Jupiter': 'Ceres', 'Saturn': 'Saturn', 'Uranus': 'Saturn', 'Neptune': 'Saturn'}"
"Mercury, Venus, Mars, Ceres, Saturn",Saturn,True,19759.452325782775,50.90644447416194,0.22743171307239665,0.008130081300813009,32.0,32.0,"{'Mercury': 'Mercury', 'Venus': 'Venus', 'Earth': 'Venus', 'Mars': 'Mars', 'Ceres': 'Ceres', 'Jupiter': 'Ceres', 'Saturn': 'Saturn', 'Uranus': 'Saturn', 'Neptune': 'Saturn'}"
"Venus, Earth, Mars, Ceres, Saturn",Mars,True,19902.967056690137,51.43867708697128,0.23119260516394433,0.012195121951219513,32.0,32.0,"{'Mercury': 'Mars', 'Venus': 'Venus', 'Earth': 'Earth', 'Mars': 'Mars', 'Ceres': 'Ceres', 'Jupiter': 'Ceres', 'Saturn': 'Saturn', 'Uranus': 'Saturn', 'Neptune': 'Saturn'}"
"Venus, Earth, Mars, Ceres, Saturn",Earth,True,19907.8740828507,51.43867708697128,0.23119260516394433,0.012195121951219513,32.0,32.0,"{'Mercury': 'Mars', 'Venus': 'Venus', 'Earth': 'Earth', 'Mars': 'Mars', 'Ceres': 'Ceres', 'Jupiter': 'Ceres', 'Saturn': 'Saturn', 'Uranus': 'Saturn', 'Neptune': 'Saturn'}"
"Venus, Earth, Mars, Ceres, Saturn",Venus,True,19918.52536843989,51.43867708697128,0.23119260516394433,0.012195121951219513,32.0,32.0,"{'Mercury': 'Mars', 'Venus': 'Venus', 'Earth': 'Earth', 'Mars': 'Mars', 'Ceres': 'Ceres', 'Jupiter': 'Ceres', 'Saturn': 'Saturn', 'Uranus': 'Saturn', 'Neptune': 'Saturn'}"
"Mercury, Mars, Ceres, Uranus",Ceres,True,19966.757457192867,47.865256790788045,0.22988788261333137,0.012195121951219513,40.0,24.0,"{'Mercury': 'Mercury', 'Venus': 'Mars', 'Earth': 'Mars', 'Mars': 'Mars', 'Ceres': 'Ceres', 'Jupiter': 'Ceres', 'Saturn': 'Ceres', 'Uranus': 'Uranus', 'Neptune': 'Uranus'}"
"Mercury, Earth, Ceres, Saturn",Earth,True,20115.443518672197,52.65400295649341,0.24175110875551623,0.013550135501355014,40.0,24.0,"{'Mercury': 'Mercury', 'Venus': 'Earth', 'Earth': 'Earth', 'Mars': 'Earth', 'Ceres': 'Ceres', 'Jupiter': 'Ceres', 'Saturn': 'Saturn', 'Uranus': 'Saturn', 'Neptune': 'Saturn'}"
"Mercury, Earth, Ceres, Saturn",Mercury,True,20195.95091624964,52.65400295649341,0.24175110875551623,0.013550135501355014,40.0,24.0,"{'Mercury': 'Mercury', 'Venus': 'Earth', 'Earth': 'Earth', 'Mars': 'Earth', 'Ceres': 'Ceres', 'Jupiter': 'Ceres', 'Saturn': 'Saturn', 'Uranus': 'Saturn', 'Neptune': 'Saturn'}"
"Mercury, Earth, Mars, Ceres, Uranus",Mars,True,20208.446202634266,45.18897575331927,0.20953441358352012,0.01084010840108401,32.0,32.0,"{'Mercury': 'Mercury', 'Venus': 'Earth', 'Earth': 'Earth', 'Mars': 'Mars', 'Ceres': 'Ceres', 'Jupiter': 'Ceres', 'Saturn': 'Earth', 'Uranus': 'Uranus', 'Neptune': 'Uranus'}"
"Mercury, Earth, Mars, Ceres, Uranus",Earth,True,20214.535117887037,45.18897575331927,0.20953441358352012,0.01084010840108401,32.0,32.0,"{'Mercury': 'Mercury', 'Venus': 'Earth', 'Earth': 'Earth', 'Mars': 'Mars', 'Ceres': 'Ceres', 'Jupiter': 'Ceres', 'Saturn': 'Earth', 'Uranus': 'Uranus', 'Neptune': 'Uranus'}"
"Mercury, Earth, Mars, Ceres, Uranus",Mercury,True,20278.77295239509,45.18897575331927,0.20953441358352012,0.01084010840108401,32.0,32.0,"{'Mercury': 'Mercury', 'Venus': 'Earth', 'Earth': 'Earth', 'Mars': 'Mars', 'Ceres': 'Ceres', 'Jupiter': 'Ceres', 'Saturn': 'Earth', 'Uranus': 'Uranus', 'Neptune': 'Uranus'}"
"Mercury, Mars, Ceres, Jupiter, Saturn",Mars,True,20305.471741370064,47.83496531271124,0.20589354847982141,0.012195121951219513,32.0,32.0,"{'Mercury': 'Mercury', 'Venus': 'Mars', 'Earth': 'Mars', 'Mars': 'Mars', 'Ceres': 'Ceres', 'Jupiter': 'Jupiter', 'Saturn': 'Saturn', 'Uranus': 'Saturn', 'Neptune': 'Saturn'}"
"Mercury, Mars, Ceres, Uranus",Mars,True,20397.206502248337,47.865256790788045,0.22988788261333137,0.012195121951219513,40.0,24.0,"{'Mercury': 'Mercury', 'Venus': 'Mars', 'Earth': 'Mars', 'Mars': 'Mars', 'Ceres': 'Ceres', 'Jupiter': 'Ceres', 'Saturn': 'Ceres', 'Uranus': 'Uranus', 'Neptune': 'Uranus'}"
"Mercury, Mars, Ceres, Uranus",Mercury,True,20424.482212315208,47.865256790788045,0.22988788261333137,0.012195121951219513,40.0,24.0,"{'Mercury': 'Mercury', 'Venus': 'Mars', 'Earth': 'Mars', 'Mars': 'Mars', 'Ceres': 'Ceres', 'Jupiter': 'Ceres', 'Saturn': 'Ceres', 'Uranus': 'Uranus', 'Neptune': 'Uranus'}"
"Mercury, Mars, Ceres, Jupiter, Saturn",Mercury,True,20500.03178587689,47.83496531271124,0.20589354847982141,0.012195121951219513,32.0,32.0,"{'Mercury': 'Mercury', 'Venus': 'Mars', 'Earth': 'Mars', 'Mars': 'Mars', 'Ceres': 'Ceres', 'Jupiter': 'Jupiter', 'Saturn': 'Saturn', 'Uranus': 'Saturn', 'Neptune': 'Saturn'}"
"Mercury, Venus, Mars, Jupiter, Saturn",Jupiter,True,20519.67922792805,48.49331075621475,0.2109714587802083,0.01084010840108401,32.0,32.0,"{'Mercury': 'Mercury', 'Venus': 'Venus', 'Earth': 'Venus', 'Mars': 'Mars', 'Ceres': 'Mars', 'Jupiter': 'Jupiter', 'Saturn': 'Saturn', 'Uranus': 'Saturn', 'Neptune': 'Saturn'}"
"Mercury, Earth, Mars, Jupiter, Saturn",Jupiter,True,20536.008553460528,48.49330823183804,0.2109714365624341,0.01084010840108401,32.0,32.0,"{'Mercury': 'Mercury', 'Venus': 'Earth', 'Earth': 'Earth', 'Mars': 'Mars', 'Ceres': 'Mars', 'Jupiter': 'Jupiter', 'Saturn': 'Saturn', 'Uranus': 'Saturn', 'Neptune': 'Saturn'}"
"Mercury, Venus, Ceres, Saturn",Ceres,True,20997.19476704162,52.65670578956699,0.24154276945813372,0.014905149051490514,40.0,24.0,"{'Mercury': 'Mercury', 'Venus': 'Venus', 'Earth': 'Venus', 'Mars': 'Venus', 'Ceres': 'Ceres', 'Jupiter': 'Ceres', 'Saturn': 'Saturn', 'Uranus': 'Saturn', 'Neptune': 'Saturn'}"
"Mercury, Earth, Ceres, Jupiter, Saturn",Ceres,True,21021.62635210637,47.44419259417238,0.2022250408326147,0.013550135501355014,32.0,32.0,"{'Mercury': 'Mercury', 'Venus': 'Earth', 'Earth': 'Earth', 'Mars': 'Earth', 'Ceres': 'Ceres', 'Jupiter': 'Jupiter', 'Saturn': 'Saturn', 'Uranus': 'Saturn', 'Neptune': 'Saturn'}"
"Mercury, Earth, Mars, Ceres, Neptune",Ceres,True,21275.957566145164,32.54468251516618,0.19342092088301682,0.01084010840108401,32.0,32.0,"{'Mercury': 'Mercury', 'Venus': 'Earth', 'Earth': 'Earth', 'Mars': 'Mars', 'Ceres': 'Ceres', 'Jupiter': 'Ceres', 'Saturn': 'Earth', 'Uranus': 'Ceres', 'Neptune': 'Neptune'}"
"Mercury, Mars, Ceres, Jupiter, Uranus",Ceres,True,21337.192723198306,42.66259294473908,0.19041603426234063,0.012195121951219513,32.0,32.0,"{'Mercury': 'Mercury', 'Venus': 'Mars', 'Earth': 'Mars', 'Mars': 'Mars', 'Ceres': 'Ceres', 'Jupiter': 'Jupiter', 'Saturn': 'Ceres', 'Uranus': 'Uranus', 'Neptune': 'Uranus'}"
"Mercury, Mars, Ceres, Saturn",Saturn,True,21374.870590581875,53.03762915876023,0.2453653968308123,0.012195121951219513,40.0,24.0,"{'Mercury': 'Mercury', 'Venus': 'Mars', 'Earth': 'Mars', 'Mars': 'Mars', 'Ceres': 'Ceres', 'Jupiter': 'Ceres', 'Saturn': 'Saturn', 'Uranus': 'Saturn', 'Neptune': 'Saturn'}"
"Mercury, Venus, Ceres, Saturn",Venus,True,21492.311326894218,52.65670578956699,0.24154276945813372,0.014905149051490514,40.0,24.0,"{'Mercury': 'Mercury', 'Venus': 'Venus', 'Earth': 'Venus', 'Mars': 'Venus', 'Ceres': 'Ceres', 'Jupiter': 'Ceres', 'Saturn': 'Saturn', 'Uranus': 'Saturn', 'Neptune': 'Saturn'}"
"Mercury, Venus, Ceres, Saturn",Mercury,True,21548.580170716446,52.65670578956699,0.24154276945813372,0.014905149051490514,40.0,24.0,"{'Mercury': 'Mercury', 'Venus': 'Venus', 'Earth': 'Venus', 'Mars': 'Venus', 'Ceres': 'Ceres', 'Jupiter': 'Ceres', 'Saturn': 'Saturn', 'Uranus': 'Saturn', 'Neptune': 'Saturn'}"
"Mercury, Earth, Ceres, Jupiter, Saturn",Earth,True,21675.004889059906,47.44419259417238,0.2022250408326147,0.013550135501355014,32.0,32.0,"{'Mercury': 'Mercury', 'Venus': 'Earth', 'Earth': 'Earth', 'Mars': 'Earth', 'Ceres': 'Ceres', 'Jupiter': 'Jupiter', 'Saturn': 'Saturn', 'Uranus': 'Saturn', 'Neptune': 'Saturn'}"
"Mercury, Mars, Ceres, Jupiter, Saturn",Jupiter,True,21696.094473695157,47.83496531271124,0.20589354847982141,0.012195121951219513,32.0,32.0,"{'Mercury': 'Mercury', 'Venus': 'Mars', 'Earth': 'Mars', 'Mars': 'Mars', 'Ceres': 'Ceres', 'Jupiter': 'Jupiter', 'Saturn': 'Saturn', 'Uranus': 'Saturn', 'Neptune': 'Saturn'}"
"Mercury, Venus, Mars, Saturn",Mars,True,21714.33813889183,53.46791351250683,0.24902398087023916,0.014905149051490514,40.0,24.0,"{'Mercury': 'Mercury', 'Venus': 'Venus', 'Earth': 'Venus', 'Mars': 'Mars', 'Ceres': 'Mars', 'Jupiter': 'Mars', 'Saturn': 'Saturn', 'Uranus': 'Saturn', 'Neptune': 'Saturn'}"
"Mercury, Earth, Mars, Saturn",Mars,True,21719.297378315994,53.467910977713174,0.24902395856078227,0.014905149051490514,40.0,24.0,"{'Mercury': 'Mercury', 'Venus': 'Earth', 'Earth': 'Earth', 'Mars': 'Mars', 'Ceres': 'Mars', 'Jupiter': 'Mars', 'Saturn': 'Saturn', 'Uranus': 'Saturn', 'Neptune': 'Saturn'}"
"Mercury, Earth, Mars, Saturn",Earth,True,21732.599441623523,53.467910977713174,0.24902395856078227,0.014905149051490514,40.0,24.0,"{'Mercury': 'Mercury', 'Venus': 'Earth', 'Earth': 'Earth', 'Mars': 'Mars', 'Ceres': 'Mars', 'Jupiter': 'Mars', 'Saturn': 'Saturn', 'Uranus': 'Saturn', 'Neptune': 'Saturn'}"
"Mercury, Venus, Mars, Saturn",Venus,True,21758.55271197298,53.46791351250683,0.24902398087023916,0.014905149051490514,40.0,24.0,"{'Mercury': 'Mercury', 'Venus': 'Venus', 'Earth': 'Venus', 'Mars': 'Mars', 'Ceres': 'Mars', 'Jupiter': 'Mars', 'Saturn': 'Saturn', 'Uranus': 'Saturn', 'Neptune': 'Saturn'}"
"Mercury, Venus, Mars, Saturn",Mercury,True,21806.599781871948,53.46791351250683,0.24902398087023916,0.014905149051490514,40.0,24.0,"{'Mercury': 'Mercury', 'Venus': 'Venus', 'Earth': 'Venus', 'Mars': 'Mars', 'Ceres': 'Mars', 'Jupiter': 'Mars', 'Saturn': 'Saturn', 'Uranus': 'Saturn', 'Neptune': 'Saturn'}"
"Mercury, Earth, Mars, Saturn",Mercury,True,21808.778416232082,53.467910977713174,0.24902395856078227,0.014905149051490514,40.0,24.0,"{'Mercury': 'Mercury', 'Venus': 'Earth', 'Earth': 'Earth', 'Mars': 'Mars', 'Ceres': 'Mars', 'Jupiter': 'Mars', 'Saturn': 'Saturn', 'Uranus': 'Saturn', 'Neptune': 'Saturn'}"
"Mercury, Earth, Ceres, Jupiter, Saturn",Mercury,True,21872.97273800663,47.44419259417238,0.2022250408326147,0.013550135501355014,32.0,32.0,"{'Mercury': 'Mercury', 'Venus': 'Earth', 'Earth': 'Earth', 'Mars': 'Earth', 'Ceres': 'Ceres', 'Jupiter': 'Jupiter', 'Saturn': 'Saturn', 'Uranus': 'Saturn', 'Neptune': 'Saturn'}"
"Mercury, Mars, Ceres, Jupiter, Uranus",Mars,True,21947.196954499224,42.66259294473908,0.19041603426234063,0.012195121951219513,32.0,32.0,"{'Mercury': 'Mercury', 'Venus': 'Mars', 'Earth': 'Mars', 'Mars': 'Mars', 'Ceres': 'Ceres', 'Jupiter': 'Jupiter', 'Saturn': 'Ceres', 'Uranus': 'Uranus', 'Neptune': 'Uranus'}"
"Mercury, Earth, Mars, Ceres, Neptune",Earth,True,21955.147778915005,32.54468251516618,0.19342092088301682,0.01084010840108401,32.0,32.0,"{'Mercury': 'Mercury', 'Venus': 'Earth', 'Earth': 'Earth', 'Mars': 'Mars', 'Ceres': 'Ceres', 'Jupiter': 'Ceres', 'Saturn': 'Earth', 'Uranus': 'Ceres', 'Neptune': 'Neptune'}"
"Mercury, Earth, Mars, Ceres, Neptune",Mars,True,21963.71490016321,32.54468251516618,0.19342092088301682,0.01084010840108401,32.0,32.0,"{'Mercury': 'Mercury', 'Venus': 'Earth', 'Earth': 'Earth', 'Mars': 'Mars', 'Ceres': 'Ceres', 'Jupiter': 'Ceres', 'Saturn': 'Earth', 'Uranus': 'Ceres', 'Neptune': 'Neptune'}"
"Mercury, Earth, Mars, Ceres, Neptune",Mercury,True,22053.42377073573,32.54468251516618,0.19342092088301682,0.01084010840108401,32.0,32.0,"{'Mercury': 'Mercury', 'Venus': 'Earth', 'Earth': 'Earth', 'Mars': 'Mars', 'Ceres': 'Ceres', 'Jupiter': 'Ceres', 'Saturn': 'Earth', 'Uranus': 'Ceres', 'Neptune': 'Neptune'}"
"Mercury, Mars, Ceres, Jupiter, Uranus",Mercury,True,22101.56540016037,42.66259294473908,0.19041603426234063,0.012195121951219513,32.0,32.0,"{'Mercury': 'Mercury', 'Venus': 'Mars', 'Earth': 'Mars', 'Mars': 'Mars', 'Ceres': 'Ceres', 'Jupiter': 'Jupiter', 'Saturn': 'Ceres', 'Uranus': 'Uranus', 'Neptune': 'Uranus'}"
"Mercury, Mars, Ceres, Saturn, Uranus",Ceres,True,22156.704337481322,38.77764616686417,0.16805472114715617,0.012195121951219513,32.0,32.0,"{'Mercury': 'Mercury', 'Venus': 'Mars', 'Earth': 'Mars', 'Mars': 'Mars', 'Ceres': 'Ceres', 'Jupiter': 'Ceres', 'Saturn': 'Saturn', 'Uranus': 'Uranus', 'Neptune': 'Saturn'}"
"Venus, Earth, Ceres, Saturn",Ceres,True,22324.80888258892,52.49057688886002,0.2397012538679565,0.016260162601626018,40.0,24.0,"{'Mercury': 'Venus', 'Venus': 'Venus', 'Earth': 'Earth', 'Mars': 'Earth', 'Ceres': 'Ceres', 'Jupiter': 'Ceres', 'Saturn': 'Saturn', 'Uranus': 'Saturn', 'Neptune': 'Saturn'}"
"Mercury, Venus, Ceres, Jupiter, Saturn",Ceres,True,22367.507132050643,47.43972925068156,0.20196233280356385,0.014905149051490514,32.0,32.0,"{'Mercury': 'Mercury', 'Venus': 'Venus', 'Earth': 'Venus', 'Mars': 'Venus', 'Ceres': 'Ceres', 'Jupiter': 'Jupiter', 'Saturn': 'Saturn', 'Uranus': 'Saturn', 'Neptune': 'Saturn'}"
"Venus, Earth, Mars, Ceres",Ceres,True,22424.536306706694,60.4423330747138,0.2977495606369399,0.017615176151761516,40.0,24.0,"{'Mercury': 'Mars', 'Venus': 'Venus', 'Earth': 'Earth', 'Mars': 'Mars', 'Ceres': 'Ceres', 'Jupiter': 'Ceres', 'Saturn': 'Earth', 'Uranus': 'Ceres', 'Neptune': 'Earth'}"
"Mercury, Earth, Ceres, Saturn",Saturn,True,22717.208602921215,52.65400295649341,0.24175110875551623,0.013550135501355014,40.0,24.0,"{'Mercury': 'Mercury', 'Venus': 'Earth', 'Earth': 'Earth', 'Mars': 'Earth', 'Ceres': 'Ceres', 'Jupiter': 'Ceres', 'Saturn': 'Saturn', 'Uranus': 'Saturn', 'Neptune': 'Saturn'}"
"Mercury, Mars, Ceres, Saturn, Uranus",Mars,True,22788.309961257142,38.77764616686417,0.16805472114715617,0.012195121951219513,32.0,32.0,"{'Mercury': 'Mercury', 'Venus': 'Mars', 'Earth': 'Mars', 'Mars': 'Mars', 'Ceres': 'Ceres', 'Jupiter': 'Ceres', 'Saturn': 'Saturn', 'Uranus': 'Uranus', 'Neptune': 'Saturn'}"
"Venus, Earth, Ceres, Saturn",Earth,True,22793.189520497457,52.49057688886002,0.2397012538679565,0.016260162601626018,40.0,24.0,"{'Mercury': 'Venus', 'Venus': 'Venus', 'Earth': 'Earth', 'Mars': 'Earth', 'Ceres': 'Ceres', 'Jupiter': 'Ceres', 'Saturn': 'Saturn', 'Uranus': 'Saturn', 'Neptune': 'Saturn'}"
"Venus, Earth, Ceres, Saturn",Venus,True,22808.80865912821,52.49057688886002,0.2397012538679565,0.016260162601626018,40.0,24.0,"{'Mercury': 'Venus', 'Venus': 'Venus', 'Earth': 'Earth', 'Mars': 'Earth', 'Ceres': 'Ceres', 'Jupiter': 'Ceres', 'Saturn': 'Saturn', 'Uranus': 'Saturn', 'Neptune': 'Saturn'}"
"Mercury, Mars, Ceres, Saturn, Uranus",Mercury,True,22862.017537222826,38.77764616686417,0.16805472114715617,0.012195121951219513,32.0,32.0,"{'Mercury': 'Mercury', 'Venus': 'Mars', 'Earth': 'Mars', 'Mars': 'Mars', 'Ceres': 'Ceres', 'Jupiter': 'Ceres', 'Saturn': 'Saturn', 'Uranus': 'Uranus', 'Neptune': 'Saturn'}"
"Venus, Earth, Mars, Ceres",Venus,True,22936.312337863925,60.4423330747138,0.2977495606369399,0.017615176151761516,40.0,24.0,"{'Mercury': 'Mars', 'Venus': 'Venus', 'Earth': 'Earth', 'Mars': 'Mars', 'Ceres': 'Ceres', 'Jupiter': 'Ceres', 'Saturn': 'Earth', 'Uranus': 'Ceres', 'Neptune': 'Earth'}"
"Venus, Earth, Mars, Ceres",Mars,True,22936.55763759397,60.4423330747138,0.2977495606369399,0.017615176151761516,40.0,24.0,"{'Mercury': 'Mars', 'Venus': 'Venus', 'Earth': 'Earth', 'Mars': 'Mars', 'Ceres': 'Ceres', 'Jupiter': 'Ceres', 'Saturn': 'Earth', 'Uranus': 'Ceres', 'Neptune': 'Earth'}"
"Venus, Earth, Mars, Ceres",Earth,True,22950.14531107328,60.4423330747138,0.2977495606369399,0.017615176151761516,40.0,24.0,"{'Mercury': 'Mars', 'Venus': 'Venus', 'Earth': 'Earth', 'Mars': 'Mars', 'Ceres': 'Ceres', 'Jupiter': 'Ceres', 'Saturn': 'Earth', 'Uranus': 'Ceres', 'Neptune': 'Earth'}"
"Mercury, Venus, Ceres, Jupiter, Saturn",Venus,True,23035.47935927623,47.43972925068156,0.20196233280356385,0.014905149051490514,32.0,32.0,"{'Mercury': 'Mercury', 'Venus': 'Venus', 'Earth': 'Venus', 'Mars': 'Venus', 'Ceres': 'Ceres', 'Jupiter': 'Jupiter', 'Saturn': 'Saturn', 'Uranus': 'Saturn', 'Neptune': 'Saturn'}"
"Mercury, Earth, Mars, Jupiter, Saturn",Saturn,True,23045.721735873318,48.49330823183804,0.2109714365624341,0.01084010840108401,32.0,32.0,"{'Mercury': 'Mercury', 'Venus': 'Earth', 'Earth': 'Earth', 'Mars': 'Mars', 'Ceres': 'Mars', 'Jupiter': 'Jupiter', 'Saturn': 'Saturn', 'Uranus': 'Saturn', 'Neptune': 'Saturn'}"
"Mercury, Earth, Ceres, Jupiter, Saturn",Jupiter,True,23056.67993173752,47.44419259417238,0.2022250408326147,0.013550135501355014,32.0,32.0,"{'Mercury': 'Mercury', 'Venus': 'Earth', 'Earth': 'Earth', 'Mars': 'Earth', 'Ceres': 'Ceres', 'Jupiter': 'Jupiter', 'Saturn': 'Saturn', 'Uranus': 'Saturn', 'Neptune': 'Saturn'}"
"Mercury, Venus, Mars, Jupiter, Saturn",Saturn,True,23062.06720826486,48.49331075621475,0.2109714587802083,0.01084010840108401,32.0,32.0,"{'Mercury': 'Mercury', 'Venus': 'Venus', 'Earth': 'Venus', 'Mars': 'Mars', 'Ceres': 'Mars', 'Jupiter': 'Jupiter', 'Saturn': 'Saturn', 'Uranus': 'Saturn', 'Neptune': 'Saturn'}"
"Mercury, Mars, Ceres, Jupiter, Neptune",Ceres,True,23089.17048576424,30.000954997068643,0.17428043800532056,0.012195121951219513,32.0,32.0,"{'Mercury': 'Mercury', 'Venus': 'Mars', 'Earth': 'Mars', 'Mars': 'Mars', 'Ceres': 'Ceres', 'Jupiter': 'Jupiter', 'Saturn': 'Ceres', 'Uranus': 'Ceres', 'Neptune': 'Neptune'}"
"Mercury, Venus, Earth, Saturn",Earth,True,23105.36885917349,53.97249094426908,0.25329964921619036,0.016260162601626018,40.0,24.0,"{'Mercury': 'Mercury', 'Venus': 'Venus', 'Earth': 'Earth', 'Mars': 'Earth', 'Ceres': 'Earth', 'Jupiter': 'Mercury', 'Saturn': 'Saturn', 'Uranus': 'Saturn', 'Neptune': 'Saturn'}"
"Mercury, Venus, Earth, Saturn",Venus,True,23136.28604154843,53.97249094426908,0.25329964921619036,0.016260162601626018,40.0,24.0,"{'Mercury': 'Mercury', 'Venus': 'Venus', 'Earth': 'Earth', 'Mars': 'Earth', 'Ceres': 'Earth', 'Jupiter': 'Mercury', 'Saturn': 'Saturn', 'Uranus': 'Saturn', 'Neptune': 'Saturn'}"
"Mercury, Venus, Earth, Saturn",Mercury,True,23188.380260145146,53.97249094426908,0.25329964921619036,0.016260162601626018,40.0,24.0,"{'Mercury': 'Mercury', 'Venus': 'Venus', 'Earth': 'Earth', 'Mars': 'Earth', 'Ceres': 'Earth', 'Jupiter': 'Mercury', 'Saturn': 'Saturn', 'Uranus': 'Saturn', 'Neptune': 'Saturn'}"
"Mercury, Venus, Ceres, Jupiter, Saturn",Mercury,True,23225.540457565203,47.43972925068156,0.20196233280356385,0.014905149051490514,32.0,32.0,"{'Mercury': 'Mercury', 'Venus': 'Venus', 'Earth': 'Venus', 'Mars': 'Venus', 'Ceres': 'Ceres', 'Jupiter': 'Jupiter', 'Saturn': 'Saturn', 'Uranus': 'Saturn', 'Neptune': 'Saturn'}"
"Venus, Earth, Mars, Jupiter, Saturn",Mars,True,23249.136806777737,49.01704964697703,0.2146747731844196,0.014905149051490514,32.0,32.0,"{'Mercury': 'Mars', 'Venus': 'Venus', 'Earth': 'Earth', 'Mars': 'Mars', 'Ceres': 'Mars', 'Jupiter': 'Jupiter', 'Saturn': 'Saturn', 'Uranus': 'Saturn', 'Neptune': 'Saturn'}"
"Venus, Earth, Mars, Jupiter, Saturn",Earth,True,23268.02882609881,49.01704964697703,0.2146747731844196,0.014905149051490514,32.0,32.0,"{'Mercury': 'Mars', 'Venus': 'Venus', 'Earth': 'Earth', 'Mars': 'Mars', 'Ceres': 'Mars', 'Jupiter': 'Jupiter', 'Saturn': 'Saturn', 'Uranus': 'Saturn', 'Neptune': 'Saturn'}"
"Venus, Earth, Mars, Jupiter, Saturn",Venus,True,23271.209512586473,49.01704964697703,0.2146747731844196,0.014905149051490514,32.0,32.0,"{'Mercury': 'Mars', 'Venus': 'Venus', 'Earth': 'Earth', 'Mars': 'Mars', 'Ceres': 'Mars', 'Jupiter': 'Jupiter', 'Saturn': 'Saturn', 'Uranus': 'Saturn', 'Neptune': 'Saturn'}"
"Mercury, Mars, Ceres, Jupiter, Uranus",Jupiter,True,23327.190706078192,42.66259294473908,0.19041603426234063,0.012195121951219513,32.0,32.0,"{'Mercury': 'Mercury', 'Venus': 'Mars', 'Earth': 'Mars', 'Mars': 'Mars', 'Ceres': 'Ceres', 'Jupiter': 'Jupiter', 'Saturn': 'Ceres', 'Uranus': 'Uranus', 'Neptune': 'Uranus'}"
"Venus, Earth, Jupiter, Saturn",Earth,True,23442.88739936465,49.93878054142246,0.22288382668596346,0.016260162601626018,40.0,24.0,"{'Mercury': 'Venus', 'Venus': 'Venus', 'Earth': 'Earth', 'Mars': 'Earth', 'Ceres': 'Earth', 'Jupiter': 'Jupiter', 'Saturn': 'Saturn', 'Uranus': 'Saturn', 'Neptune': 'Saturn'}"
"Venus, Earth, Jupiter, Saturn",Venus,True,23451.03593889388,49.93878054142246,0.22288382668596346,0.016260162601626018,40.0,24.0,"{'Mercury': 'Venus', 'Venus': 'Venus', 'Earth': 'Earth', 'Mars': 'Earth', 'Ceres': 'Earth', 'Jupiter': 'Jupiter', 'Saturn': 'Saturn', 'Uranus': 'Saturn', 'Neptune': 'Saturn'}"
"Mercury, Earth, Ceres, Saturn, Uranus",Ceres,True,23503.238924384576,38.37443207587222,0.1643342370887782,0.013550135501355014,32.0,32.0,"{'Mercury': 'Mercury', 'Venus': 'Earth', 'Earth': 'Earth', 'Mars': 'Earth', 'Ceres': 'Ceres', 'Jupiter': 'Ceres', 'Saturn': 'Saturn', 'Uranus': 'Uranus', 'Neptune': 'Saturn'}"
"Mercury, Earth, Mars, Jupiter, Uranus",Mars,True,23554.565298427347,42.753505215485376,0.19297977040731804,0.013550135501355014,32.0,32.0,"{'Mercury': 'Mercury', 'Venus': 'Earth', 'Earth': 'Earth', 'Mars': 'Mars', 'Ceres': 'Mars', 'Jupiter': 'Jupiter', 'Saturn': 'Earth', 'Uranus': 'Uranus', 'Neptune': 'Uranus'}"
"Venus, Earth, Mars, Ceres, Uranus",Ceres,True,23558.931129412522,45.699081683677555,0.2132318202619889,0.014905149051490514,32.0,32.0,"{'Mercury': 'Mars', 'Venus': 'Venus', 'Earth': 'Earth', 'Mars': 'Mars', 'Ceres': 'Ceres', 'Jupiter': 'Ceres', 'Saturn': 'Earth', 'Uranus': 'Uranus', 'Neptune': 'Uranus'}"
"Mercury, Earth, Mars, Jupiter, Uranus",Earth,True,23574.639206840628,42.753505215485376,0.19297977040731804,0.013550135501355014,32.0,32.0,"{'Mercury': 'Mercury', 'Venus': 'Earth', 'Earth': 'Earth', 'Mars': 'Mars', 'Ceres': 'Mars', 'Jupiter': 'Jupiter', 'Saturn': 'Earth', 'Uranus': 'Uranus', 'Neptune': 'Uranus'}"
"Mercury, Venus, Mars, Ceres, Uranus",Ceres,True,23578.525235283243,45.02013794091135,0.20811307977816096,0.014905149051490514,32.0,32.0,"{'Mercury': 'Mercury', 'Venus': 'Venus', 'Earth': 'Venus', 'Mars': 'Mars', 'Ceres': 'Ceres', 'Jupiter': 'Ceres', 'Saturn': 'Venus', 'Uranus': 'Uranus', 'Neptune': 'Uranus'}"
"Venus, Earth, Ceres, Jupiter, Saturn",Ceres,True,23695.05954317206,47.26641443187693,0.2000662987055979,0.016260162601626018,32.0,32.0,"{'Mercury': 'Venus', 'Venus': 'Venus', 'Earth': 'Earth', 'Mars': 'Earth', 'Ceres': 'Ceres', 'Jupiter': 'Jupiter', 'Saturn': 'Saturn', 'Uranus': 'Saturn', 'Neptune': 'Saturn'}"
"Mercury, Mars, Ceres, Jupiter, Neptune",Mars,True,23702.426203762137,30.000954997068643,0.17428043800532056,0.012195121951219513,32.0,32.0,"{'Mercury': 'Mercury', 'Venus': 'Mars', 'Earth': 'Mars', 'Mars': 'Mars', 'Ceres': 'Ceres', 'Jupiter': 'Jupiter', 'Saturn': 'Ceres', 'Uranus': 'Ceres', 'Neptune': 'Neptune'}"
"Mercury, Earth, Mars, Jupiter, Uranus",Mercury,True,23730.947473092037,42.753505215485376,0.19297977040731804,0.013550135501355014,32.0,32.0,"{'Mercury': 'Mercury', 'Venus': 'Earth', 'Earth': 'Earth', 'Mars': 'Mars', 'Ceres': 'Mars', 'Jupiter': 'Jupiter', 'Saturn': 'Earth', 'Uranus': 'Uranus', 'Neptune': 'Uranus'}"
"Venus, Earth, Mars, Ceres, Saturn",Saturn,True,23773.674586152647,51.43867708697128,0.23119260516394433,0.012195121951219513,32.0,32.0,"{'Mercury': 'Mars', 'Venus': 'Venus', 'Earth': 'Earth', 'Mars': 'Mars', 'Ceres': 'Ceres', 'Jupiter': 'Ceres', 'Saturn': 'Saturn', 'Uranus': 'Saturn', 'Neptune': 'Saturn'}"
"Venus, Earth, Mars, Ceres, Jupiter",Ceres,True,23794.72509264484,55.210964876410806,0.2580599365709093,0.017615176151761516,32.0,32.0,"{'Mercury': 'Mars', 'Venus': 'Venus', 'Earth': 'Earth', 'Mars': 'Mars', 'Ceres': 'Ceres', 'Jupiter': 'Jupiter', 'Saturn': 'Earth', 'Uranus': 'Ceres', 'Neptune': 'Earth'}"
"Mercury, Mars, Ceres, Jupiter, Neptune",Mercury,True,23876.176770234983,30.000954997068643,0.17428043800532056,0.012195121951219513,32.0,32.0,"{'Mercury': 'Mercury', 'Venus': 'Mars', 'Earth': 'Mars', 'Mars': 'Mars', 'Ceres': 'Ceres', 'Jupiter': 'Jupiter', 'Saturn': 'Ceres', 'Uranus': 'Ceres', 'Neptune': 'Neptune'}"
"Mercury, Mars, Ceres, Saturn, Neptune",Ceres,True,23895.335479819565,22.341668270145988,0.1423468446114945,0.012195121951219513,32.0,32.0,"{'Mercury': 'Mercury', 'Venus': 'Mars', 'Earth': 'Mars', 'Mars': 'Mars', 'Ceres': 'Ceres', 'Jupiter': 'Ceres', 'Saturn': 'Saturn', 'Uranus': 'Saturn', 'Neptune': 'Neptune'}"
"Mercury, Venus, Ceres, Saturn",Saturn,True,24088.361964241794,52.65670578956699,0.24154276945813372,0.014905149051490514,40.0,24.0,"{'Mercury': 'Mercury', 'Venus': 'Venus', 'Earth': 'Venus', 'Mars': 'Venus', 'Ceres': 'Ceres', 'Jupiter': 'Ceres', 'Saturn': 'Saturn', 'Uranus': 'Saturn', 'Neptune': 'Saturn'}"
"Mercury, Earth, Ceres, Saturn, Uranus",Earth,True,24136.605320500366,38.37443207587222,0.1643342370887782,0.013550135501355014,32.0,32.0,"{'Mercury': 'Mercury', 'Venus': 'Earth', 'Earth': 'Earth', 'Mars': 'Earth', 'Ceres': 'Ceres', 'Jupiter': 'Ceres', 'Saturn': 'Saturn', 'Uranus': 'Uranus', 'Neptune': 'Saturn'}"
"Mercury, Mars, Ceres, Jupiter, Saturn",Saturn,True,24202.530110917178,47.83496531271124,0.20589354847982141,0.012195121951219513,32.0,32.0,"{'Mercury': 'Mercury', 'Venus': 'Mars', 'Earth': 'Mars', 'Mars': 'Mars', 'Ceres': 'Ceres', 'Jupiter': 'Jupiter', 'Saturn': 'Saturn', 'Uranus': 'Saturn', 'Neptune': 'Saturn'}"
"Mercury, Earth, Ceres, Saturn, Uranus",Mercury,True,24234.894071568946,38.37443207587222,0.1643342370887782,0.013550135501355014,32.0,32.0,"{'Mercury': 'Mercury', 'Venus': 'Earth', 'Earth': 'Earth', 'Mars': 'Earth', 'Ceres': 'Ceres', 'Jupiter': 'Ceres', 'Saturn': 'Saturn', 'Uranus': 'Uranus', 'Neptune': 'Saturn'}"
"Venus, Earth, Jupiter, Saturn",Jupiter,True,24247.567373271486,49.93878054142246,0.22288382668596346,0.016260162601626018,40.0,24.0,"{'Mercury': 'Venus', 'Venus': 'Venus', 'Earth': 'Earth', 'Mars': 'Earth', 'Ceres': 'Earth', 'Jupiter': 'Jupiter', 'Saturn': 'Saturn', 'Uranus': 'Saturn', 'Neptune': 'Saturn'}"
"Venus, Earth, Mars, Ceres, Uranus",Mars,True,24251.668876370502,45.699081683677555,0.2132318202619889,0.014905149051490514,32.0,32.0,"{'Mercury': 'Mars', 'Venus': 'Venus', 'Earth': 'Earth', 'Mars': 'Mars', 'Ceres': 'Ceres', 'Jupiter': 'Ceres', 'Saturn': 'Earth', 'Uranus': 'Uranus', 'Neptune': 'Uranus'}"
"Venus, Earth, Mars, Ceres, Uranus",Earth,True,24253.71546341182,45.699081683677555,0.2132318202619889,0.014905149051490514,32.0,32.0,"{'Mercury': 'Mars', 'Venus': 'Venus', 'Earth': 'Earth', 'Mars': 'Mars', 'Ceres': 'Ceres', 'Jupiter': 'Ceres', 'Saturn': 'Earth', 'Uranus': 'Uranus', 'Neptune': 'Uranus'}"
"Venus, Earth, Mars, Ceres, Uranus",Venus,True,24263.296299932103,45.699081683677555,0.2132318202619889,0.014905149051490514,32.0,32.0,"{'Mercury': 'Mars', 'Venus': 'Venus', 'Earth': 'Earth', 'Mars': 'Mars', 'Ceres': 'Ceres', 'Jupiter': 'Ceres', 'Saturn': 'Earth', 'Uranus': 'Uranus', 'Neptune': 'Uranus'}"
"Mercury, Venus, Mars, Ceres, Uranus",Mars,True,24266.937417154582,45.02013794091135,0.20811307977816096,0.014905149051490514,32.0,32.0,"{'Mercury': 'Mercury', 'Venus': 'Venus', 'Earth': 'Venus', 'Mars': 'Mars', 'Ceres': 'Ceres', 'Jupiter': 'Ceres', 'Saturn': 'Venus', 'Uranus': 'Uranus', 'Neptune': 'Uranus'}"
"Mercury, Earth, Mars, Saturn",Saturn,True,24281.455478491705,53.467910977713174,0.24902395856078227,0.014905149051490514,40.0,24.0,"{'Mercury': 'Mercury', 'Venus': 'Earth', 'Earth': 'Earth', 'Mars': 'Mars', 'Ceres': 'Mars', 'Jupiter': 'Mars', 'Saturn': 'Saturn', 'Uranus': 'Saturn', 'Neptune': 'Saturn'}"
"Mercury, Venus, Mars, Ceres, Uranus",Venus,True,24294.00718911613,45.02013794091135,0.20811307977816096,0.014905149051490514,32.0,32.0,"{'Mercury': 'Mercury', 'Venus': 'Venus', 'Earth': 'Venus', 'Mars': 'Mars', 'Ceres': 'Ceres', 'Jupiter': 'Ceres', 'Saturn': 'Venus', 'Uranus': 'Uranus', 'Neptune': 'Uranus'}"
"Mercury, Venus, Mars, Saturn",Saturn,True,24297.800950985347,53.46791351250683,0.24902398087023916,0.014905149051490514,40.0,24.0,"{'Mercury': 'Mercury', 'Venus': 'Venus', 'Earth': 'Venus', 'Mars': 'Mars', 'Ceres': 'Mars', 'Jupiter': 'Mars', 'Saturn': 'Saturn', 'Uranus': 'Saturn', 'Neptune': 'Saturn'}"
"Mercury, Venus, Mars, Ceres, Uranus",Mercury,True,24340.044771979443,45.02013794091135,0.20811307977816096,0.014905149051490514,32.0,32.0,"{'Mercury': 'Mercury', 'Venus': 'Venus', 'Earth': 'Venus', 'Mars': 'Mars', 'Ceres': 'Ceres', 'Jupiter': 'Ceres', 'Saturn': 'Venus', 'Uranus': 'Uranus', 'Neptune': 'Uranus'}"
"Venus, Earth, Ceres, Jupiter, Saturn",Venus,True,24351.914987084336,47.26641443187693,0.2000662987055979,0.016260162601626018,32.0,32.0,"{'Mercury': 'Venus', 'Venus': 'Venus', 'Earth': 'Earth', 'Mars': 'Earth', 'Ceres': 'Ceres', 'Jupiter': 'Jupiter', 'Saturn': 'Saturn', 'Uranus': 'Saturn', 'Neptune': 'Saturn'}"
"Venus, Earth, Ceres, Jupiter, Saturn",Earth,True,24352.62765155105,47.26641443187693,0.2000662987055979,0.016260162601626018,32.0,32.0,"{'Mercury': 'Venus', 'Venus': 'Venus', 'Earth': 'Earth', 'Mars': 'Earth', 'Ceres': 'Ceres', 'Jupiter': 'Jupiter', 'Saturn': 'Saturn', 'Uranus': 'Saturn', 'Neptune': 'Saturn'}"
"Mercury, Venus, Ceres, Jupiter, Saturn",Jupiter,True,24395.096960225852,47.43972925068156,0.20196233280356385,0.014905149051490514,32.0,32.0,"{'Mercury': 'Mercury', 'Venus': 'Venus', 'Earth': 'Venus', 'Mars': 'Venus', 'Ceres': 'Ceres', 'Jupiter': 'Jupiter', 'Saturn': 'Saturn', 'Uranus': 'Saturn', 'Neptune': 'Saturn'}"
"Venus, Earth, Mars, Jupiter, Saturn",Jupiter,True,24478.081946297512,49.01704964697703,0.2146747731844196,0.014905149051490514,32.0,32.0,"{'Mercury': 'Mars', 'Venus': 'Venus', 'Earth': 'Earth', 'Mars': 'Mars', 'Ceres': 'Mars', 'Jupiter': 'Jupiter', 'Saturn': 'Saturn', 'Uranus': 'Saturn', 'Neptune': 'Saturn'}"
"Venus, Earth, Mars, Ceres, Jupiter",Venus,True,24479.356791175054,55.210964876410806,0.2580599365709093,0.017615176151761516,32.0,32.0,"{'Mercury': 'Mars', 'Venus': 'Venus', 'Earth': 'Earth', 'Mars': 'Mars', 'Ceres': 'Ceres', 'Jupiter': 'Jupiter', 'Saturn': 'Earth', 'Uranus': 'Ceres', 'Neptune': 'Earth'}"
"Venus, Earth, Mars, Ceres, Jupiter",Mars,True,24486.301609777565,55.210964876410806,0.2580599365709093,0.017615176151761516,32.0,32.0,"{'Mercury': 'Mars', 'Venus': 'Venus', 'Earth': 'Earth', 'Mars': 'Mars', 'Ceres': 'Ceres', 'Jupiter': 'Jupiter', 'Saturn': 'Earth', 'Uranus': 'Ceres', 'Neptune': 'Earth'}"
"Venus, Earth, Mars, Ceres, Jupiter",Earth,True,24509.521567481876,55.210964876410806,0.2580599365709093,0.017615176151761516,32.0,32.0,"{'Mercury': 'Mars', 'Venus': 'Venus', 'Earth': 'Earth', 'Mars': 'Mars', 'Ceres': 'Ceres', 'Jupiter': 'Jupiter', 'Saturn': 'Earth', 'Uranus': 'Ceres', 'Neptune': 'Earth'}"
"Mercury, Mars, Ceres, Saturn, Neptune",Mars,True,24530.19259029237,22.341668270145988,0.1423468446114945,0.012195121951219513,32.0,32.0,"{'Mercury': 'Mercury', 'Venus': 'Mars', 'Earth': 'Mars', 'Mars': 'Mars', 'Ceres': 'Ceres', 'Jupiter': 'Ceres', 'Saturn': 'Saturn', 'Uranus': 'Saturn', 'Neptune': 'Neptune'}"
"Mercury, Mars, Ceres, Saturn, Neptune",Mercury,True,24623.28228706975,22.341668270145988,0.1423468446114945,0.012195121951219513,32.0,32.0,"{'Mercury': 'Mercury', 'Venus': 'Mars', 'Earth': 'Mars', 'Mars': 'Mars', 'Ceres': 'Ceres', 'Jupiter': 'Ceres', 'Saturn': 'Saturn', 'Uranus': 'Saturn', 'Neptune': 'Neptune'}"
"Mercury, Venus, Ceres, Saturn, Uranus",Ceres,True,24849.05510932986,38.35749313331908,0.1640194096598047,0.014905149051490514,32.0,32.0,"{'Mercury': 'Mercury', 'Venus': 'Venus', 'Earth': 'Venus', 'Mars': 'Venus', 'Ceres': 'Ceres', 'Jupiter': 'Ceres', 'Saturn': 'Saturn', 'Uranus': 'Uranus', 'Neptune': 'Saturn'}"
"Mercury, Earth, Mars, Jupiter, Uranus",Jupiter,True,24874.050303528544,42.753505215485376,0.19297977040731804,0.013550135501355014,32.0,32.0,"{'Mercury': 'Mercury', 'Venus': 'Earth', 'Earth': 'Earth', 'Mars': 'Mars', 'Ceres': 'Mars', 'Jupiter': 'Jupiter', 'Saturn': 'Earth', 'Uranus': 'Uranus', 'Neptune': 'Uranus'}"
"Mercury, Mars, Ceres, Jupiter, Neptune",Jupiter,True,25018.743447336856,30.000954997068643,0.17428043800532056,0.012195121951219513,32.0,32.0,"{'Mercury': 'Mercury', 'Venus': 'Mars', 'Earth': 'Mars', 'Mars': 'Mars', 'Ceres': 'Ceres', 'Jupiter': 'Jupiter', 'Saturn': 'Ceres', 'Uranus': 'Ceres', 'Neptune': 'Neptune'}"
"Mercury, Earth, Ceres, Saturn, Neptune",Ceres,True,25241.812176812884,21.915877286438768,0.1385910475358972,0.013550135501355014,32.0,32.0,"{'Mercury': 'Mercury', 'Venus': 'Earth', 'Earth': 'Earth', 'Mars': 'Earth', 'Ceres': 'Ceres', 'Jupiter': 'Ceres', 'Saturn': 'Saturn', 'Uranus': 'Saturn', 'Neptune': 'Neptune'}"
"Venus, Earth, Mars, Ceres, Neptune",Ceres,True,25310.829669876104,33.002611169438545,0.1970518344691863,0.014905149051490514,32.0,32.0,"{'Mercury': 'Mars', 'Venus': 'Venus', 'Earth': 'Earth', 'Mars': 'Mars', 'Ceres': 'Ceres', 'Jupiter': 'Ceres', 'Saturn': 'Earth', 'Uranus': 'Ceres', 'Neptune': 'Neptune'}"
"Mercury, Venus, Mars, Ceres, Neptune",Ceres,True,25330.42377574682,32.323667426672344,0.19193309398535838,0.014905149051490514,32.0,32.0,"{'Mercury': 'Mercury', 'Venus': 'Venus', 'Earth': 'Venus', 'Mars': 'Mars', 'Ceres': 'Ceres', 'Jupiter': 'Ceres', 'Saturn': 'Venus', 'Uranus': 'Ceres', 'Neptune': 'Neptune'}"
"Venus, Earth, Ceres, Saturn",Saturn,True,25386.256355145422,52.49057688886002,0.2397012538679565,0.016260162601626018,40.0,24.0,"{'Mercury': 'Venus', 'Venus': 'Venus', 'Earth': 'Earth', 'Mars': 'Earth', 'Ceres': 'Ceres', 'Jupiter': 'Ceres', 'Saturn': 'Saturn', 'Uranus': 'Saturn', 'Neptune': 'Saturn'}"
"Mercury, Venus, Ceres, Saturn, Uranus",Venus,True,25536.760808544805,38.35749313331908,0.1640194096598047,0.014905149051490514,32.0,32.0,"{'Mercury': 'Mercury', 'Venus': 'Venus', 'Earth': 'Venus', 'Mars': 'Venus', 'Ceres': 'Ceres', 'Jupiter': 'Ceres', 'Saturn': 'Saturn', 'Uranus': 'Uranus', 'Neptune': 'Saturn'}"
"Mercury, Earth, Ceres, Jupiter, Saturn",Saturn,True,25544.806757168335,47.44419259417238,0.2022250408326147,0.013550135501355014,32.0,32.0,"{'Mercury': 'Mercury', 'Venus': 'Earth', 'Earth': 'Earth', 'Mars': 'Earth', 'Ceres': 'Ceres', 'Jupiter': 'Jupiter', 'Saturn': 'Saturn', 'Uranus': 'Saturn', 'Neptune': 'Saturn'}"
"Mercury, Mars, Ceres, Uranus, Neptune",Ceres,True,25556.888281731546,17.367511239058583,0.12605854119029208,0.012195121951219513,32.0,32.0,"{'Mercury': 'Mercury', 'Venus': 'Mars', 'Earth': 'Mars', 'Mars': 'Mars', 'Ceres': 'Ceres', 'Jupiter': 'Ceres', 'Saturn': 'Ceres', 'Uranus': 'Uranus', 'Neptune': 'Neptune'}"
"Mercury, Venus, Ceres, Saturn, Uranus",Mercury,True,25587.397196128535,38.35749313331908,0.1640194096598047,0.014905149051490514,32.0,32.0,"{'Mercury': 'Mercury', 'Venus': 'Venus', 'Earth': 'Venus', 'Mars': 'Venus', 'Ceres': 'Ceres', 'Jupiter': 'Ceres', 'Saturn': 'Saturn', 'Uranus': 'Uranus', 'Neptune': 'Saturn'}"
"Venus, Earth, Ceres, Jupiter, Saturn",Jupiter,True,25637.176176112574,47.26641443187693,0.2000662987055979,0.016260162601626018,32.0,32.0,"{'Mercury': 'Venus', 'Venus': 'Venus', 'Earth': 'Earth', 'Mars': 'Earth', 'Ceres': 'Ceres', 'Jupiter': 'Jupiter', 'Saturn': 'Saturn', 'Uranus': 'Saturn', 'Neptune': 'Saturn'}"
"Mercury, Venus, Earth, Saturn",Saturn,True,25648.917123379964,53.97249094426908,0.25329964921619036,0.016260162601626018,40.0,24.0,"{'Mercury': 'Mercury', 'Venus': 'Venus', 'Earth': 'Earth', 'Mars': 'Earth', 'Ceres': 'Earth', 'Jupiter': 'Mercury', 'Saturn': 'Saturn', 'Uranus': 'Saturn', 'Neptune': 'Saturn'}"
"Mercury, Venus, Mars, Saturn, Uranus",Mars,True,25746.914897250776,39.1687008562589,0.17150062107191008,0.014905149051490514,32.0,32.0,"{'Mercury': 'Mercury', 'Venus': 'Venus', 'Earth': 'Venus', 'Mars': 'Mars', 'Ceres': 'Mars', 'Jupiter': 'Mars', 'Saturn': 'Saturn', 'Uranus': 'Uranus', 'Neptune': 'Saturn'}"
"Mercury, Earth, Mars, Saturn, Uranus",Mars,True,25751.87413667494,39.16869832146524,0.17150059876245313,0.014905149051490514,32.0,32.0,"{'Mercury': 'Mercury', 'Venus': 'Earth', 'Earth': 'Earth', 'Mars': 'Mars', 'Ceres': 'Mars', 'Jupiter': 'Mars', 'Saturn': 'Saturn', 'Uranus': 'Uranus', 'Neptune': 'Saturn'}"
"Mercury, Earth, Mars, Saturn, Uranus",Earth,True,25753.635113544475,39.16869832146524,0.17150059876245313,0.014905149051490514,32.0,32.0,"{'Mercury': 'Mercury', 'Venus': 'Earth', 'Earth': 'Earth', 'Mars': 'Mars', 'Ceres': 'Mars', 'Jupiter': 'Mars', 'Saturn': 'Saturn', 'Uranus': 'Uranus', 'Neptune': 'Saturn'}"
"Venus, Earth, Mars, Ceres, Jupiter",Jupiter,True,25780.45549908299,55.210964876410806,0.2580599365709093,0.017615176151761516,32.0,32.0,"{'Mercury': 'Mars', 'Venus': 'Venus', 'Earth': 'Earth', 'Mars': 'Mars', 'Ceres': 'Ceres', 'Jupiter': 'Jupiter', 'Saturn': 'Earth', 'Uranus': 'Ceres', 'Neptune': 'Earth'}"
"Mercury, Venus, Mars, Saturn, Uranus",Venus,True,25803.002193623564,39.1687008562589,0.17150062107191008,0.014905149051490514,32.0,32.0,"{'Mercury': 'Mercury', 'Venus': 'Venus', 'Earth': 'Venus', 'Mars': 'Mars', 'Ceres': 'Mars', 'Jupiter': 'Mars', 'Saturn': 'Saturn', 'Uranus': 'Uranus', 'Neptune': 'Saturn'}"
"Mercury, Venus, Mars, Saturn, Uranus",Mercury,True,25845.416807284033,39.1687008562589,0.17150062107191008,0.014905149051490514,32.0,32.0,"{'Mercury': 'Mercury', 'Venus': 'Venus', 'Earth': 'Venus', 'Mars': 'Mars', 'Ceres': 'Mars', 'Jupiter': 'Mars', 'Saturn': 'Saturn', 'Uranus': 'Uranus', 'Neptune': 'Saturn'}"
"Mercury, Earth, Mars, Saturn, Uranus",Mercury,True,25847.59544164417,39.16869832146524,0.17150059876245313,0.014905149051490514,32.0,32.0,"{'Mercury': 'Mercury', 'Venus': 'Earth', 'Earth': 'Earth', 'Mars': 'Mars', 'Ceres': 'Mars', 'Jupiter': 'Mars', 'Saturn': 'Saturn', 'Uranus': 'Uranus', 'Neptune': 'Saturn'}"
"Mercury, Earth, Ceres, Saturn, Neptune",Earth,True,25863.774023124675,21.915877286438768,0.1385910475358972,0.013550135501355014,32.0,32.0,"{'Mercury': 'Mercury', 'Venus': 'Earth', 'Earth': 'Earth', 'Mars': 'Earth', 'Ceres': 'Ceres', 'Jupiter': 'Ceres', 'Saturn': 'Saturn', 'Uranus': 'Saturn', 'Neptune': 'Neptune'}"
"Venus, Earth, Jupiter, Saturn",Saturn,True,25978.348301837206,49.93878054142246,0.22288382668596346,0.016260162601626018,40.0,24.0,"{'Mercury': 'Venus', 'Venus': 'Venus', 'Earth': 'Earth', 'Mars': 'Earth', 'Ceres': 'Earth', 'Jupiter': 'Jupiter', 'Saturn': 'Saturn', 'Uranus': 'Saturn', 'Neptune': 'Saturn'}"
"Venus, Earth, Mars, Ceres, Neptune",Venus,True,25984.55600342227,33.002611169438545,0.1970518344691863,0.014905149051490514,32.0,32.0,"{'Mercury': 'Mars', 'Venus': 'Venus', 'Earth': 'Earth', 'Mars': 'Mars', 'Ceres': 'Ceres', 'Jupiter': 'Ceres', 'Saturn': 'Earth', 'Uranus': 'Ceres', 'Neptune': 'Neptune'}"
"Venus, Earth, Mars, Ceres, Neptune",Earth,True,25994.2094540714,33.002611169438545,0.1970518344691863,0.014905149051490514,32.0,32.0,"{'Mercury': 'Mars', 'Venus': 'Venus', 'Earth': 'Earth', 'Mars': 'Mars', 'Ceres': 'Ceres', 'Jupiter': 'Ceres', 'Saturn': 'Earth', 'Uranus': 'Ceres', 'Neptune': 'Neptune'}"
"Mercury, Earth, Ceres, Saturn, Neptune",Mercury,True,25996.100931505935,21.915877286438768,0.1385910475358972,0.013550135501355014,32.0,32.0,"{'Mercury': 'Mercury', 'Venus': 'Earth', 'Earth': 'Earth', 'Mars': 'Earth', 'Ceres': 'Ceres', 'Jupiter': 'Ceres', 'Saturn': 'Saturn', 'Uranus': 'Saturn', 'Neptune': 'Neptune'}"
"Venus, Earth, Mars, Ceres, Neptune",Mars,True,26006.818903531068,33.002611169438545,0.1970518344691863,0.014905149051490514,32.0,32.0,"{'Mercury': 'Mars', 'Venus': 'Venus', 'Earth': 'Earth', 'Mars': 'Mars', 'Ceres': 'Ceres', 'Jupiter': 'Ceres', 'Saturn': 'Earth', 'Uranus': 'Ceres', 'Neptune': 'Neptune'}"
"Mercury, Venus, Mars, Ceres, Neptune",Venus,True,26015.266892606305,32.323667426672344,0.19193309398535838,0.014905149051490514,32.0,32.0,"{'Mercury': 'Mercury', 'Venus': 'Venus', 'Earth': 'Venus', 'Mars': 'Mars', 'Ceres': 'Ceres', 'Jupiter': 'Ceres', 'Saturn': 'Venus', 'Uranus': 'Ceres', 'Neptune': 'Neptune'}"
"Mercury, Venus, Mars, Ceres, Neptune",Mars,True,26022.087444315144,32.323667426672344,0.19193309398535838,0.014905149051490514,32.0,32.0,"{'Mercury': 'Mercury', 'Venus': 'Venus', 'Earth': 'Venus', 'Mars': 'Mars', 'Ceres': 'Ceres', 'Jupiter': 'Ceres', 'Saturn': 'Venus', 'Uranus': 'Ceres', 'Neptune': 'Neptune'}"
"Mercury, Earth, Mars, Uranus",Mars,True,26067.988605463903,47.71808009438487,0.23106281660639894,0.017615176151761516,40.0,24.0,"{'Mercury': 'Mercury', 'Venus': 'Earth', 'Earth': 'Earth', 'Mars': 'Mars', 'Ceres': 'Mars', 'Jupiter': 'Mars', 'Saturn': 'Earth', 'Uranus': 'Uranus', 'Neptune': 'Uranus'}"
"Mercury, Earth, Mars, Uranus",Earth,True,26078.430229652175,47.71808009438487,0.23106281660639894,0.017615176151761516,40.0,24.0,"{'Mercury': 'Mercury', 'Venus': 'Earth', 'Earth': 'Earth', 'Mars': 'Mars', 'Ceres': 'Mars', 'Jupiter': 'Mars', 'Saturn': 'Earth', 'Uranus': 'Uranus', 'Neptune': 'Uranus'}"
"Mercury, Venus, Mars, Ceres, Neptune",Mercury,True,26114.576919951698,32.323667426672344,0.19193309398535838,0.014905149051490514,32.0,32.0,"{'Mercury': 'Mercury', 'Venus': 'Venus', 'Earth': 'Venus', 'Mars': 'Mars', 'Ceres': 'Ceres', 'Jupiter': 'Ceres', 'Saturn': 'Venus', 'Uranus': 'Ceres', 'Neptune': 'Neptune'}"
"Mercury, Earth, Mars, Uranus",Mercury,True,26117.278044534312,47.71808009438487,0.23106281660639894,0.017615176151761516,40.0,24.0,"{'Mercury': 'Mercury', 'Venus': 'Earth', 'Earth': 'Earth', 'Mars': 'Mars', 'Ceres': 'Mars', 'Jupiter': 'Mars', 'Saturn': 'Earth', 'Uranus': 'Uranus', 'Neptune': 'Uranus'}"
"Mercury, Mars, Ceres, Uranus, Neptune",Mars,True,26171.305229554695,17.367511239058583,0.12605854119029208,0.012195121951219513,32.0,32.0,"{'Mercury': 'Mercury', 'Venus': 'Mars', 'Earth': 'Mars', 'Mars': 'Mars', 'Ceres': 'Ceres', 'Jupiter': 'Ceres', 'Saturn': 'Ceres', 'Uranus': 'Uranus', 'Neptune': 'Neptune'}"
"Venus, Earth, Ceres, Saturn, Uranus",Ceres,True,26176.542747504638,38.17166834741068,0.16207111258230175,0.016260162601626018,32.0,32.0,"{'Mercury': 'Venus', 'Venus': 'Venus', 'Earth': 'Earth', 'Mars': 'Earth', 'Ceres': 'Ceres', 'Jupiter': 'Ceres', 'Saturn': 'Saturn', 'Uranus': 'Uranus', 'Neptune': 'Saturn'}"
"Mercury, Mars, Ceres, Uranus, Neptune",Mercury,True,26224.203327486404,17.367511239058583,0.12605854119029208,0.012195121951219513,32.0,32.0,"{'Mercury': 'Mercury', 'Venus': 'Mars', 'Earth': 'Mars', 'Mars': 'Mars', 'Ceres': 'Ceres', 'Jupiter': 'Ceres', 'Saturn': 'Ceres', 'Uranus': 'Uranus', 'Neptune': 'Neptune'}"
"Mercury, Mars, Ceres, Uranus",Uranus,True,26318.059247003985,47.865256790788045,0.22988788261333137,0.012195121951219513,40.0,24.0,"{'Mercury': 'Mercury', 'Venus': 'Mars', 'Earth': 'Mars', 'Mars': 'Mars', 'Ceres': 'Ceres', 'Jupiter': 'Ceres', 'Saturn': 'Ceres', 'Uranus': 'Uranus', 'Neptune': 'Uranus'}"
"Mercury, Venus, Earth, Ceres, Uranus",Uranus,True,26354.013630413392,45.5887437982631,0.21342884997143105,0.008130081300813009,32.0,32.0,"{'Mercury': 'Mercury', 'Venus': 'Venus', 'Earth': 'Earth', 'Mars': 'Earth', 'Ceres': 'Ceres', 'Jupiter': 'Ceres', 'Saturn': 'Earth', 'Uranus': 'Uranus', 'Neptune': 'Uranus'}"
"Mercury, Mars, Ceres, Saturn, Uranus",Saturn,True,26377.59279435275,38.77764616686417,0.16805472114715617,0.012195121951219513,32.0,32.0,"{'Mercury': 'Mercury', 'Venus': 'Mars', 'Earth': 'Mars', 'Mars': 'Mars', 'Ceres': 'Ceres', 'Jupiter': 'Ceres', 'Saturn': 'Saturn', 'Uranus': 'Uranus', 'Neptune': 'Saturn'}"
"Venus, Mars, Ceres, Saturn",Ceres,True,26396.575659525082,52.81381454886196,0.24174887765472944,0.02032520325203252,40.0,24.0,"{'Mercury': 'Mars', 'Venus': 'Venus', 'Earth': 'Venus', 'Mars': 'Mars', 'Ceres': 'Ceres', 'Jupiter': 'Ceres', 'Saturn': 'Saturn', 'Uranus': 'Saturn', 'Neptune': 'Saturn'}"
"Earth, Mars, Ceres, Saturn",Ceres,True,26405.44123336207,52.81381200004454,0.2417488552218454,0.02032520325203252,40.0,24.0,"{'Mercury': 'Mars', 'Venus': 'Earth', 'Earth': 'Earth', 'Mars': 'Mars', 'Ceres': 'Ceres', 'Jupiter': 'Ceres', 'Saturn': 'Saturn', 'Uranus': 'Saturn', 'Neptune': 'Saturn'}"
"Mercury, Venus, Ceres, Saturn, Neptune",Ceres,True,26587.57031259126,21.87629934142424,0.1382408099424768,0.014905149051490514,32.0,32.0,"{'Mercury': 'Mercury', 'Venus': 'Venus', 'Earth': 'Venus', 'Mars': 'Venus', 'Ceres': 'Ceres', 'Jupiter': 'Ceres', 'Saturn': 'Saturn', 'Uranus': 'Saturn', 'Neptune': 'Neptune'}"
"Venus, Earth, Ceres, Uranus",Ceres,True,26693.879069278184,46.730104432242996,0.22168955037857302,0.018970189701897018,40.0,24.0,"{'Mercury': 'Venus', 'Venus': 'Venus', 'Earth': 'Earth', 'Mars': 'Earth', 'Ceres': 'Ceres', 'Jupiter': 'Ceres', 'Saturn': 'Earth', 'Uranus': 'Uranus', 'Neptune': 'Uranus'}"
"Venus, Earth, Ceres, Saturn, Uranus",Earth,True,26814.098715045882,38.17166834741068,0.16207111258230175,0.016260162601626018,32.0,32.0,"{'Mercury': 'Venus', 'Venus': 'Venus', 'Earth': 'Earth', 'Mars': 'Earth', 'Ceres': 'Ceres', 'Jupiter': 'Ceres', 'Saturn': 'Saturn', 'Uranus': 'Uranus', 'Neptune': 'Saturn'}"
"Earth, Mars, Ceres, Saturn",Earth,True,26847.62541057653,52.81381200004454,0.2417488552218454,0.02032520325203252,40.0,24.0,"{'Mercury': 'Mars', 'Venus': 'Earth', 'Earth': 'Earth', 'Mars': 'Mars', 'Ceres': 'Ceres', 'Jupiter': 'Ceres', 'Saturn': 'Saturn', 'Uranus': 'Saturn', 'Neptune': 'Saturn'}"
"Venus, Earth, Ceres, Saturn, Uranus",Venus,True,26853.131663406275,38.17166834741068,0.16207111258230175,0.016260162601626018,32.0,32.0,"{'Mercury': 'Venus', 'Venus': 'Venus', 'Earth': 'Earth', 'Mars': 'Earth', 'Ceres': 'Ceres', 'Jupiter': 'Ceres', 'Saturn': 'Saturn', 'Uranus': 'Uranus', 'Neptune': 'Saturn'}"
"Venus, Mars, Ceres, Saturn",Mars,True,26855.69676686711,52.81381454886196,0.24174887765472944,0.02032520325203252,40.0,24.0,"{'Mercury': 'Mars', 'Venus': 'Venus', 'Earth': 'Venus', 'Mars': 'Mars', 'Ceres': 'Ceres', 'Jupiter': 'Ceres', 'Saturn': 'Saturn', 'Uranus': 'Saturn', 'Neptune': 'Saturn'}"
"Venus, Mars, Ceres, Saturn",Venus,True,26858.280637319258,52.81381454886196,0.24174887765472944,0.02032520325203252,40.0,24.0,"{'Mercury': 'Mars', 'Venus': 'Venus', 'Earth': 'Venus', 'Mars': 'Mars', 'Ceres': 'Ceres', 'Jupiter': 'Ceres', 'Saturn': 'Saturn', 'Uranus': 'Saturn', 'Neptune': 'Saturn'}"
"Earth, Mars, Ceres, Saturn",Mars,True,26860.656006153826,52.81381200004454,0.2417488552218454,0.02032520325203252,40.0,24.0,"{'Mercury': 'Mars', 'Venus': 'Earth', 'Earth': 'Earth', 'Mars': 'Mars', 'Ceres': 'Ceres', 'Jupiter': 'Ceres', 'Saturn': 'Saturn', 'Uranus': 'Saturn', 'Neptune': 'Saturn'}"
"Mercury, Venus, Ceres, Jupiter, Saturn",Saturn,True,26915.898583580674,47.43972925068156,0.20196233280356385,0.014905149051490514,32.0,32.0,"{'Mercury': 'Mercury', 'Venus': 'Venus', 'Earth': 'Venus', 'Mars': 'Venus', 'Ceres': 'Ceres', 'Jupiter': 'Jupiter', 'Saturn': 'Saturn', 'Uranus': 'Saturn', 'Neptune': 'Saturn'}"
"Venus, Earth, Mars, Jupiter, Saturn",Saturn,True,27076.223397225345,49.01704964697703,0.2146747731844196,0.014905149051490514,32.0,32.0,"{'Mercury': 'Mars', 'Venus': 'Venus', 'Earth': 'Earth', 'Mars': 'Mars', 'Ceres': 'Mars', 'Jupiter': 'Jupiter', 'Saturn': 'Saturn', 'Uranus': 'Saturn', 'Neptune': 'Saturn'}"
"Mercury, Venus, Earth, Saturn, Uranus",Earth,True,27126.278053721915,39.65358240281971,0.17566950793053548,0.016260162601626018,32.0,32.0,"{'Mercury': 'Mercury', 'Venus': 'Venus', 'Earth': 'Earth', 'Mars': 'Earth', 'Ceres': 'Earth', 'Jupiter': 'Mercury', 'Saturn': 'Saturn', 'Uranus': 'Uranus', 'Neptune': 'Saturn'}"
"Venus, Earth, Ceres, Uranus",Earth,True,27138.959105417824,46.730104432242996,0.22168955037857302,0.018970189701897018,40.0,24.0,"{'Mercury': 'Venus', 'Venus': 'Venus', 'Earth': 'Earth', 'Mars': 'Earth', 'Ceres': 'Ceres', 'Jupiter': 'Ceres', 'Saturn': 'Earth', 'Uranus': 'Uranus', 'Neptune': 'Uranus'}"
"Venus, Earth, Ceres, Uranus",Venus,True,27153.507794979676,46.730104432242996,0.22168955037857302,0.018970189701897018,40.0,24.0,"{'Mercury': 'Venus', 'Venus': 'Venus', 'Earth': 'Earth', 'Mars': 'Earth', 'Ceres': 'Ceres', 'Jupiter': 'Ceres', 'Saturn': 'Earth', 'Uranus': 'Uranus', 'Neptune': 'Uranus'}"
"Mercury, Venus, Earth, Saturn, Uranus",Venus,True,27180.609045826488,39.65358240281971,0.17566950793053548,0.016260162601626018,32.0,32.0,"{'Mercury': 'Mercury', 'Venus': 'Venus', 'Earth': 'Earth', 'Mars': 'Earth', 'Ceres': 'Earth', 'Jupiter': 'Mercury', 'Saturn': 'Saturn', 'Uranus': 'Uranus', 'Neptune': 'Saturn'}"
"Mercury, Venus, Earth, Saturn, Uranus",Mercury,True,27227.07080818471,39.65358240281971,0.17566950793053548,0.016260162601626018,32.0,32.0,"{'Mercury': 'Mercury', 'Venus': 'Venus', 'Earth': 'Earth', 'Mars': 'Earth', 'Ceres': 'Earth', 'Jupiter': 'Mercury', 'Saturn': 'Saturn', 'Uranus': 'Uranus', 'Neptune': 'Saturn'}"
"Mercury, Venus, Ceres, Saturn, Neptune",Venus,True,27244.63717483279,21.87629934142424,0.1382408099424768,0.014905149051490514,32.0,32.0,"{'Mercury': 'Mercury', 'Venus': 'Venus', 'Earth': 'Venus', 'Mars': 'Venus', 'Ceres': 'Ceres', 'Jupiter': 'Ceres', 'Saturn': 'Saturn', 'Uranus': 'Saturn', 'Neptune': 'Neptune'}"
"Venus, Earth, Saturn",Earth,True,27301.695877060833,54.91345255362977,0.26096068050086485,0.02168021680216802,48.0,16.0,"{'Mercury': 'Venus', 'Venus': 'Venus', 'Earth': 'Earth', 'Mars': 'Earth', 'Ceres': 'Earth', 'Jupiter': 'Venus', 'Saturn': 'Saturn', 'Uranus': 'Saturn', 'Neptune': 'Saturn'}"
"Venus, Earth, Saturn",Venus,True,27326.17621968753,54.91345255362977,0.26096068050086485,0.02168021680216802,48.0,16.0,"{'Mercury': 'Venus', 'Venus': 'Venus', 'Earth': 'Earth', 'Mars': 'Earth', 'Ceres': 'Earth', 'Jupiter': 'Venus', 'Saturn': 'Saturn', 'Uranus': 'Saturn', 'Neptune': 'Saturn'}"
"Mercury, Venus, Ceres, Saturn, Neptune",Mercury,True,27348.546006898614,21.87629934142424,0.1382408099424768,0.014905149051490514,32.0,32.0,"{'Mercury': 'Mercury', 'Venus': 'Venus', 'Earth': 'Venus', 'Mars': 'Venus', 'Ceres': 'Ceres', 'Jupiter': 'Ceres', 'Saturn': 'Saturn', 'Uranus': 'Saturn', 'Neptune': 'Neptune'}"
"Venus, Earth, Jupiter, Saturn, Uranus",Earth,True,27463.796593913074,35.61987199997317,0.14525368540030875,0.016260162601626018,32.0,32.0,"{'Mercury': 'Venus', 'Venus': 'Venus', 'Earth': 'Earth', 'Mars': 'Earth', 'Ceres': 'Earth', 'Jupiter': 'Jupiter', 'Saturn': 'Saturn', 'Uranus': 'Uranus', 'Neptune': 'Saturn'}"
"Mercury, Earth, Mars, Saturn, Neptune",Earth,True,27480.745767001874,22.687504529570393,0.1457219990451253,0.014905149051490514,32.0,32.0,"{'Mercury': 'Mercury', 'Venus': 'Earth', 'Earth': 'Earth', 'Mars': 'Mars', 'Ceres': 'Mars', 'Jupiter': 'Mars', 'Saturn': 'Saturn', 'Uranus': 'Saturn', 'Neptune': 'Neptune'}"
"Mercury, Venus, Mars, Saturn, Neptune",Mars,True,27488.681587209154,22.687507064364056,0.14572202135458226,0.014905149051490514,32.0,32.0,"{'Mercury': 'Mercury', 'Venus': 'Venus', 'Earth': 'Venus', 'Mars': 'Mars', 'Ceres': 'Mars', 'Jupiter': 'Mars', 'Saturn': 'Saturn', 'Uranus': 'Saturn', 'Neptune': 'Neptune'}"
"Mercury, Earth, Mars, Saturn, Neptune",Mars,True,27493.640826633316,22.687504529570393,0.1457219990451253,0.014905149051490514,32.0,32.0,"{'Mercury': 'Mercury', 'Venus': 'Earth', 'Earth': 'Earth', 'Mars': 'Mars', 'Ceres': 'Mars', 'Jupiter': 'Mars', 'Saturn': 'Saturn', 'Uranus': 'Saturn', 'Neptune': 'Neptune'}"
"Venus, Earth, Jupiter, Saturn, Uranus",Venus,True,27495.358943171945,35.61987199997317,0.14525368540030875,0.016260162601626018,32.0,32.0,"{'Mercury': 'Venus', 'Venus': 'Venus', 'Earth': 'Earth', 'Mars': 'Earth', 'Ceres': 'Earth', 'Jupiter': 'Jupiter', 'Saturn': 'Saturn', 'Uranus': 'Uranus', 'Neptune': 'Saturn'}"
"Mercury, Venus, Mars, Saturn, Neptune",Venus,True,27510.87855991155,22.687507064364056,0.14572202135458226,0.014905149051490514,32.0,32.0,"{'Mercury': 'Mercury', 'Venus': 'Venus', 'Earth': 'Venus', 'Mars': 'Mars', 'Ceres': 'Mars', 'Jupiter': 'Mars', 'Saturn': 'Saturn', 'Uranus': 'Saturn', 'Neptune': 'Neptune'}"
"Venus, Earth, Mars, Jupiter, Uranus",Mars,True,27597.72099931403,43.25494052549497,0.19661887485658444,0.017615176151761516,32.0,32.0,"{'Mercury': 'Mars', 'Venus': 'Venus', 'Earth': 'Earth', 'Mars': 'Mars', 'Ceres': 'Mars', 'Jupiter': 'Jupiter', 'Saturn': 'Earth', 'Uranus': 'Uranus', 'Neptune': 'Uranus'}"
"Mercury, Venus, Mars, Saturn, Neptune",Mercury,True,27606.565618054115,22.687507064364056,0.14572202135458226,0.014905149051490514,32.0,32.0,"{'Mercury': 'Mercury', 'Venus': 'Venus', 'Earth': 'Venus', 'Mars': 'Mars', 'Ceres': 'Mars', 'Jupiter': 'Mars', 'Saturn': 'Saturn', 'Uranus': 'Saturn', 'Neptune': 'Neptune'}"
"Mercury, Earth, Mars, Saturn, Neptune",Mercury,True,27608.744252414253,22.687504529570393,0.1457219990451253,0.014905149051490514,32.0,32.0,"{'Mercury': 'Mercury', 'Venus': 'Earth', 'Earth': 'Earth', 'Mars': 'Mars', 'Ceres': 'Mars', 'Jupiter': 'Mars', 'Saturn': 'Saturn', 'Uranus': 'Saturn', 'Neptune': 'Neptune'}"
"Mercury, Venus, Mars, Jupiter, Uranus",Mars,True,27612.973546486453,42.57412383447287,0.1914860137093528,0.017615176151761516,32.0,32.0,"{'Mercury': 'Mercury', 'Venus': 'Venus', 'Earth': 'Venus', 'Mars': 'Mars', 'Ceres': 'Mars', 'Jupiter': 'Jupiter', 'Saturn': 'Venus', 'Uranus': 'Uranus', 'Neptune': 'Uranus'}"
"Venus, Earth, Mars, Jupiter, Uranus",Earth,True,27613.752579515854,43.25494052549497,0.19661887485658444,0.017615176151761516,32.0,32.0,"{'Mercury': 'Mars', 'Venus': 'Venus', 'Earth': 'Earth', 'Mars': 'Mars', 'Ceres': 'Mars', 'Jupiter': 'Jupiter', 'Saturn': 'Earth', 'Uranus': 'Uranus', 'Neptune': 'Uranus'}"
"Venus, Earth, Mars, Jupiter, Uranus",Venus,True,27615.86281693462,43.25494052549497,0.19661887485658444,0.017615176151761516,32.0,32.0,"{'Mercury': 'Mars', 'Venus': 'Venus', 'Earth': 'Earth', 'Mars': 'Mars', 'Ceres': 'Mars', 'Jupiter': 'Jupiter', 'Saturn': 'Earth', 'Uranus': 'Uranus', 'Neptune': 'Uranus'}"
"Mercury, Venus, Mars, Jupiter, Uranus",Venus,True,27646.55771250699,42.57412383447287,0.1914860137093528,0.017615176151761516,32.0,32.0,"{'Mercury': 'Mercury', 'Venus': 'Venus', 'Earth': 'Venus', 'Mars': 'Mars', 'Ceres': 'Mars', 'Jupiter': 'Jupiter', 'Saturn': 'Venus', 'Uranus': 'Uranus', 'Neptune': 'Uranus'}"
"Mercury, Earth, Ceres, Saturn, Uranus",Saturn,True,27719.805022820285,38.37443207587222,0.1643342370887782,0.013550135501355014,32.0,32.0,"{'Mercury': 'Mercury', 'Venus': 'Earth', 'Earth': 'Earth', 'Mars': 'Earth', 'Ceres': 'Ceres', 'Jupiter': 'Ceres', 'Saturn': 'Saturn', 'Uranus': 'Uranus', 'Neptune': 'Saturn'}"
"Venus, Mars, Ceres, Jupiter, Saturn",Ceres,True,27766.640182690713,47.56797506923579,0.2019494620975063,0.02032520325203252,32.0,32.0,"{'Mercury': 'Mars', 'Venus': 'Venus', 'Earth': 'Venus', 'Mars': 'Mars', 'Ceres': 'Ceres', 'Jupiter': 'Jupiter', 'Saturn': 'Saturn', 'Uranus': 'Saturn', 'Neptune': 'Saturn'}"
"Earth, Mars, Ceres, Jupiter, Saturn",Ceres,True,27775.505756527695,47.56797252041839,0.20194943966462228,0.02032520325203252,32.0,32.0,"{'Mercury': 'Mars', 'Venus': 'Earth', 'Earth': 'Earth', 'Mars': 'Mars', 'Ceres': 'Ceres', 'Jupiter': 'Jupiter', 'Saturn': 'Saturn', 'Uranus': 'Saturn', 'Neptune': 'Saturn'}"
"Mercury, Venus, Mars, Jupiter, Uranus",Mercury,True,27792.13632621518,42.57412383447287,0.1914860137093528,0.017615176151761516,32.0,32.0,"{'Mercury': 'Mercury', 'Venus': 'Venus', 'Earth': 'Venus', 'Mars': 'Mars', 'Ceres': 'Mars', 'Jupiter': 'Jupiter', 'Saturn': 'Venus', 'Uranus': 'Uranus', 'Neptune': 'Uranus'}"
"Mercury, Venus, Earth, Mars, Uranus",Uranus,True,27897.73377010578,46.388532953213215,0.22062315852087605,0.009485094850948509,32.0,32.0,"{'Mercury': 'Mercury', 'Venus': 'Venus', 'Earth': 'Earth', 'Mars': 'Mars', 'Ceres': 'Mars', 'Jupiter': 'Mars', 'Saturn': 'Earth', 'Uranus': 'Uranus', 'Neptune': 'Uranus'}"
"Venus, Earth, Ceres, Saturn, Neptune",Ceres,True,27914.999741684074,21.667773186656472,0.1362570051518646,0.016260162601626018,32.0,32.0,"{'Mercury': 'Venus', 'Venus': 'Venus', 'Earth': 'Earth', 'Mars': 'Earth', 'Ceres': 'Ceres', 'Jupiter': 'Ceres', 'Saturn': 'Saturn', 'Uranus': 'Saturn', 'Neptune': 'Neptune'}"
"Mercury, Earth, Mars, Jupiter, Neptune",Mars,True,28016.872134091856,29.36904835579119,0.17461747919291565,0.016260162601626018,32.0,32.0,"{'Mercury': 'Mercury', 'Venus': 'Earth', 'Earth': 'Earth', 'Mars': 'Mars', 'Ceres': 'Mars', 'Jupiter': 'Jupiter', 'Saturn': 'Earth', 'Uranus': 'Mars', 'Neptune': 'Neptune'}"
"Mercury, Earth, Mars, Jupiter, Neptune",Earth,True,28022.290006004157,29.36904835579119,0.17461747919291565,0.016260162601626018,32.0,32.0,"{'Mercury': 'Mercury', 'Venus': 'Earth', 'Earth': 'Earth', 'Mars': 'Mars', 'Ceres': 'Mars', 'Jupiter': 'Jupiter', 'Saturn': 'Earth', 'Uranus': 'Mars', 'Neptune': 'Neptune'}"
"Venus, Earth, Ceres, Jupiter, Uranus",Ceres,True,28064.005809646907,41.49151058725727,0.1819451063897992,0.018970189701897018,32.0,32.0,"{'Mercury': 'Venus', 'Venus': 'Venus', 'Earth': 'Earth', 'Mars': 'Earth', 'Ceres': 'Ceres', 'Jupiter': 'Jupiter', 'Saturn': 'Earth', 'Uranus': 'Uranus', 'Neptune': 'Uranus'}"
"Mercury, Mars, Ceres, Saturn, Neptune",Saturn,True,28132.185259921556,22.341668270145988,0.1423468446114945,0.012195121951219513,32.0,32.0,"{'Mercury': 'Mercury', 'Venus': 'Mars', 'Earth': 'Mars', 'Mars': 'Mars', 'Ceres': 'Ceres', 'Jupiter': 'Ceres', 'Saturn': 'Saturn', 'Uranus': 'Saturn', 'Neptune': 'Neptune'}"
"Mercury, Earth, Mars, Jupiter, Neptune",Mercury,True,28212.63642956825,29.36904835579119,0.17461747919291565,0.016260162601626018,32.0,32.0,"{'Mercury': 'Mercury', 'Venus': 'Earth', 'Earth': 'Earth', 'Mars': 'Mars', 'Ceres': 'Mars', 'Jupiter': 'Jupiter', 'Saturn': 'Earth', 'Uranus': 'Mars', 'Neptune': 'Neptune'}"
"Venus, Earth, Ceres, Jupiter, Saturn",Saturn,True,28213.731270058423,47.26641443187693,0.2000662987055979,0.016260162601626018,32.0,32.0,"{'Mercury': 'Venus', 'Venus': 'Venus', 'Earth': 'Earth', 'Mars': 'Earth', 'Ceres': 'Ceres', 'Jupiter': 'Jupiter', 'Saturn': 'Saturn', 'Uranus': 'Saturn', 'Neptune': 'Saturn'}"
"Mercury, Ceres, Saturn",Ceres,True,28224.717119435838,55.340593097844625,0.2626605332354867,0.023035230352303523,48.0,16.0,"{'Mercury': 'Mercury', 'Venus': 'Mercury', 'Earth': 'Ceres', 'Mars': 'Mercury', 'Ceres': 'Ceres', 'Jupiter': 'Ceres', 'Saturn': 'Saturn', 'Uranus': 'Saturn', 'Neptune': 'Saturn'}"
"Venus, Mars, Ceres, Jupiter, Saturn",Venus,True,28401.200827857876,47.56797506923579,0.2019494620975063,0.02032520325203252,32.0,32.0,"{'Mercury': 'Mars', 'Venus': 'Venus', 'Earth': 'Venus', 'Mars': 'Mars', 'Ceres': 'Ceres', 'Jupiter': 'Jupiter', 'Saturn': 'Saturn', 'Uranus': 'Saturn', 'Neptune': 'Saturn'}"
"Venus, Mars, Ceres, Jupiter, Saturn",Mars,True,28405.31647627819,47.56797506923579,0.2019494620975063,0.02032520325203252,32.0,32.0,"{'Mercury': 'Mars', 'Venus': 'Venus', 'Earth': 'Venus', 'Mars': 'Mars', 'Ceres': 'Ceres', 'Jupiter': 'Jupiter', 'Saturn': 'Saturn', 'Uranus': 'Saturn', 'Neptune': 'Saturn'}"
"Earth, Mars, Ceres, Jupiter, Saturn",Earth,True,28406.877404212613,47.56797252041839,0.20194943966462228,0.02032520325203252,32.0,32.0,"{'Mercury': 'Mars', 'Venus': 'Earth', 'Earth': 'Earth', 'Mars': 'Mars', 'Ceres': 'Ceres', 'Jupiter': 'Jupiter', 'Saturn': 'Saturn', 'Uranus': 'Saturn', 'Neptune': 'Saturn'}"
"Earth, Mars, Ceres, Jupiter, Saturn",Mars,True,28410.2757155649,47.56797252041839,0.20194943966462228,0.02032520325203252,32.0,32.0,"{'Mercury': 'Mars', 'Venus': 'Earth', 'Earth': 'Earth', 'Mars': 'Mars', 'Ceres': 'Ceres', 'Jupiter': 'Jupiter', 'Saturn': 'Saturn', 'Uranus': 'Saturn', 'Neptune': 'Saturn'}"
"Venus, Earth, Ceres, Neptune",Ceres,True,28445.65795591729,33.98102423355269,0.20544252044574504,0.018970189701897018,40.0,24.0,"{'Mercury': 'Venus', 'Venus': 'Venus', 'Earth': 'Earth', 'Mars': 'Earth', 'Ceres': 'Ceres', 'Jupiter': 'Ceres', 'Saturn': 'Earth', 'Uranus': 'Ceres', 'Neptune': 'Neptune'}"
"Mercury, Ceres, Saturn",Mercury,True,28472.307741536802,55.340593097844625,0.2626605332354867,0.023035230352303523,48.0,16.0,"{'Mercury': 'Mercury', 'Venus': 'Mercury', 'Earth': 'Ceres', 'Mars': 'Mercury', 'Ceres': 'Ceres', 'Jupiter': 'Ceres', 'Saturn': 'Saturn', 'Uranus': 'Saturn', 'Neptune': 'Saturn'}"
"Venus, Earth, Ceres, Saturn, Neptune",Earth,True,28541.15115942131,21.667773186656472,0.1362570051518646,0.016260162601626018,32.0,32.0,"{'Mercury': 'Venus', 'Venus': 'Venus', 'Earth': 'Earth', 'Mars': 'Earth', 'Ceres': 'Ceres', 'Jupiter': 'Ceres', 'Saturn': 'Saturn', 'Uranus': 'Saturn', 'Neptune': 'Neptune'}"
"Venus, Earth, Ceres, Saturn, Neptune",Venus,True,28560.949820612288,21.667773186656472,0.1362570051518646,0.016260162601626018,32.0,32.0,"{'Mercury': 'Venus', 'Venus': 'Venus', 'Earth': 'Earth', 'Mars': 'Earth', 'Ceres': 'Ceres', 'Jupiter': 'Ceres', 'Saturn': 'Saturn', 'Uranus': 'Saturn', 'Neptune': 'Neptune'}"
"Venus, Earth, Saturn",Saturn,True,28569.119995673977,54.91345255362977,0.26096068050086485,0.02168021680216802,48.0,16.0,"{'Mercury': 'Venus', 'Venus': 'Venus', 'Earth': 'Earth', 'Mars': 'Earth', 'Ceres': 'Earth', 'Jupiter': 'Venus', 'Saturn': 'Saturn', 'Uranus': 'Saturn', 'Neptune': 'Saturn'}"
"Venus, Earth, Jupiter, Saturn, Uranus",Jupiter,True,28679.695765445314,35.61987199997317,0.14525368540030875,0.016260162601626018,32.0,32.0,"{'Mercury': 'Venus', 'Venus': 'Venus', 'Earth': 'Earth', 'Mars': 'Earth', 'Ceres': 'Earth', 'Jupiter': 'Jupiter', 'Saturn': 'Saturn', 'Uranus': 'Uranus', 'Neptune': 'Saturn'}"
"Venus, Earth, Ceres, Jupiter, Uranus",Venus,True,28696.49020272139,41.49151058725727,0.1819451063897992,0.018970189701897018,32.0,32.0,"{'Mercury': 'Venus', 'Venus': 'Venus', 'Earth': 'Earth', 'Mars': 'Earth', 'Ceres': 'Ceres', 'Jupiter': 'Jupiter', 'Saturn': 'Earth', 'Uranus': 'Uranus', 'Neptune': 'Uranus'}"
"Venus, Earth, Ceres, Jupiter, Uranus",Earth,True,28698.273316256997,41.49151058725727,0.1819451063897992,0.018970189701897018,32.0,32.0,"{'Mercury': 'Venus', 'Venus': 'Venus', 'Earth': 'Earth', 'Mars': 'Earth', 'Ceres': 'Ceres', 'Jupiter': 'Jupiter', 'Saturn': 'Earth', 'Uranus': 'Uranus', 'Neptune': 'Uranus'}"
"Venus, Earth, Mars, Jupiter, Uranus",Jupiter,True,28816.03715808768,43.25494052549497,0.19661887485658444,0.017615176151761516,32.0,32.0,"{'Mercury': 'Mars', 'Venus': 'Venus', 'Earth': 'Earth', 'Mars': 'Mars', 'Ceres': 'Mars', 'Jupiter': 'Jupiter', 'Saturn': 'Earth', 'Uranus': 'Uranus', 'Neptune': 'Uranus'}"
"Mercury, Venus, Earth, Saturn, Neptune",Earth,True,28853.330498097344,23.1496872420655,0.1498554005000984,0.016260162601626018,32.0,32.0,"{'Mercury': 'Mercury', 'Venus': 'Venus', 'Earth': 'Earth', 'Mars': 'Earth', 'Ceres': 'Earth', 'Jupiter': 'Mercury', 'Saturn': 'Saturn', 'Uranus': 'Saturn', 'Neptune': 'Neptune'}"
"Venus, Earth, Ceres, Neptune",Venus,True,28874.64784464537,33.98102423355269,0.20544252044574504,0.018970189701897018,40.0,24.0,"{'Mercury': 'Venus', 'Venus': 'Venus', 'Earth': 'Earth', 'Mars': 'Earth', 'Ceres': 'Ceres', 'Jupiter': 'Ceres', 'Saturn': 'Earth', 'Uranus': 'Ceres', 'Neptune': 'Neptune'}"
"Venus, Earth, Ceres, Neptune",Earth,True,28879.33344225293,33.98102423355269,0.20544252044574504,0.018970189701897018,40.0,24.0,"{'Mercury': 'Venus', 'Venus': 'Venus', 'Earth': 'Earth', 'Mars': 'Earth', 'Ceres': 'Ceres', 'Jupiter': 'Ceres', 'Saturn': 'Earth', 'Uranus': 'Ceres', 'Neptune': 'Neptune'}"
"Mercury, Venus, Earth, Saturn, Neptune",Venus,True,28888.4272030325,23.1496872420655,0.1498554005000984,0.016260162601626018,32.0,32.0,"{'Mercury': 'Mercury', 'Venus': 'Venus', 'Earth': 'Earth', 'Mars': 'Earth', 'Ceres': 'Earth', 'Jupiter': 'Mercury', 'Saturn': 'Saturn', 'Uranus': 'Saturn', 'Neptune': 'Neptune'}"
"Mercury, Venus, Mars, Jupiter, Uranus",Jupiter,True,28921.088465581444,42.57412383447287,0.1914860137093528,0.017615176151761516,32.0,32.0,"{'Mercury': 'Mercury', 'Venus': 'Venus', 'Earth': 'Venus', 'Mars': 'Mars', 'Ceres': 'Mars', 'Jupiter': 'Jupiter', 'Saturn': 'Venus', 'Uranus': 'Uranus', 'Neptune': 'Uranus'}"
"Mercury, Venus, Earth, Saturn, Neptune",Mercury,True,28988.161409872824,23.1496872420655,0.1498554005000984,0.016260162601626018,32.0,32.0,"{'Mercury': 'Mercury', 'Venus': 'Venus', 'Earth': 'Earth', 'Mars': 'Earth', 'Ceres': 'Earth', 'Jupiter': 'Mercury', 'Saturn': 'Saturn', 'Uranus': 'Saturn', 'Neptune': 'Neptune'}"
"Mercury, Earth, Mars, Ceres, Uranus",Uranus,True,29052.865190150296,45.18897575331927,0.20953441358352012,0.01084010840108401,32.0,32.0,"{'Mercury': 'Mercury', 'Venus': 'Earth', 'Earth': 'Earth', 'Mars': 'Mars', 'Ceres': 'Ceres', 'Jupiter': 'Ceres', 'Saturn': 'Earth', 'Uranus': 'Uranus', 'Neptune': 'Uranus'}"
"Mercury, Venus, Ceres, Saturn, Uranus",Saturn,True,29090.832254233646,38.35749313331908,0.1640194096598047,0.014905149051490514,32.0,32.0,"{'Mercury': 'Mercury', 'Venus': 'Venus', 'Earth': 'Venus', 'Mars': 'Venus', 'Ceres': 'Ceres', 'Jupiter': 'Ceres', 'Saturn': 'Saturn', 'Uranus': 'Uranus', 'Neptune': 'Saturn'}"
"Venus, Earth, Jupiter, Saturn, Neptune",Earth,True,29190.849038288507,19.11597683921898,0.11943957796987165,0.016260162601626018,32.0,32.0,"{'Mercury': 'Venus', 'Venus': 'Venus', 'Earth': 'Earth', 'Mars': 'Earth', 'Ceres': 'Earth', 'Jupiter': 'Jupiter', 'Saturn': 'Saturn', 'Uranus': 'Saturn', 'Neptune': 'Neptune'}"
"Venus, Earth, Jupiter, Saturn, Neptune",Venus,True,29203.177100377954,19.11597683921898,0.11943957796987165,0.016260162601626018,32.0,32.0,"{'Mercury': 'Venus', 'Venus': 'Venus', 'Earth': 'Earth', 'Mars': 'Earth', 'Ceres': 'Earth', 'Jupiter': 'Jupiter', 'Saturn': 'Saturn', 'Uranus': 'Saturn', 'Neptune': 'Neptune'}"
"Mercury, Earth, Mars, Jupiter, Neptune",Jupiter,True,29272.68063118881,29.36904835579119,0.17461747919291565,0.016260162601626018,32.0,32.0,"{'Mercury': 'Mercury', 'Venus': 'Earth', 'Earth': 'Earth', 'Mars': 'Mars', 'Ceres': 'Mars', 'Jupiter': 'Jupiter', 'Saturn': 'Earth', 'Uranus': 'Mars', 'Neptune': 'Neptune'}"
"Mercury, Earth, Mars, Saturn, Uranus",Saturn,True,29283.925768483554,39.16869832146524,0.17150059876245313,0.014905149051490514,32.0,32.0,"{'Mercury': 'Mercury', 'Venus': 'Earth', 'Earth': 'Earth', 'Mars': 'Mars', 'Ceres': 'Mars', 'Jupiter': 'Mars', 'Saturn': 'Saturn', 'Uranus': 'Uranus', 'Neptune': 'Saturn'}"
"Mercury, Venus, Mars, Saturn, Uranus",Saturn,True,29300.271240977192,39.1687008562589,0.17150062107191008,0.014905149051490514,32.0,32.0,"{'Mercury': 'Mercury', 'Venus': 'Venus', 'Earth': 'Venus', 'Mars': 'Mars', 'Ceres': 'Mars', 'Jupiter': 'Mars', 'Saturn': 'Saturn', 'Uranus': 'Uranus', 'Neptune': 'Saturn'}"
"Earth, Mars, Ceres, Saturn",Saturn,True,29446.00001788621,52.81381200004454,0.2417488552218454,0.02032520325203252,40.0,24.0,"{'Mercury': 'Mars', 'Venus': 'Earth', 'Earth': 'Earth', 'Mars': 'Mars', 'Ceres': 'Ceres', 'Jupiter': 'Ceres', 'Saturn': 'Saturn', 'Uranus': 'Saturn', 'Neptune': 'Saturn'}"
"Venus, Mars, Ceres, Saturn",Saturn,True,29462.3454905173,52.81381454886196,0.24174887765472944,0.02032520325203252,40.0,24.0,"{'Mercury': 'Mars', 'Venus': 'Venus', 'Earth': 'Venus', 'Mars': 'Mars', 'Ceres': 'Ceres', 'Jupiter': 'Ceres', 'Saturn': 'Saturn', 'Uranus': 'Saturn', 'Neptune': 'Saturn'}"
"Mercury, Earth, Ceres, Saturn, Neptune",Saturn,True,29474.33959847915,21.915877286438768,0.1385910475358972,0.013550135501355014,32.0,32.0,"{'Mercury': 'Mercury', 'Venus': 'Earth', 'Earth': 'Earth', 'Mars': 'Earth', 'Ceres': 'Ceres', 'Jupiter': 'Ceres', 'Saturn': 'Saturn', 'Uranus': 'Saturn', 'Neptune': 'Neptune'}"
"Mercury, Ceres, Jupiter, Saturn",Ceres,True,29594.656690437703,50.08020205239433,0.22275071708032398,0.023035230352303523,40.0,24.0,"{'Mercury': 'Mercury', 'Venus': 'Mercury', 'Earth': 'Ceres', 'Mars': 'Mercury', 'Ceres': 'Ceres', 'Jupiter': 'Jupiter', 'Saturn': 'Saturn', 'Uranus': 'Saturn', 'Neptune': 'Saturn'}"
"Venus, Mars, Ceres, Jupiter, Saturn",Jupiter,True,29694.770362275733,47.56797506923579,0.2019494620975063,0.02032520325203252,32.0,32.0,"{'Mercury': 'Mars', 'Venus': 'Venus', 'Earth': 'Venus', 'Mars': 'Mars', 'Ceres': 'Ceres', 'Jupiter': 'Jupiter', 'Saturn': 'Saturn', 'Uranus': 'Saturn', 'Neptune': 'Saturn'}"
"Earth, Mars, Ceres, Jupiter, Saturn",Jupiter,True,29711.09968756866,47.56797252041839,0.20194943966462228,0.02032520325203252,32.0,32.0,"{'Mercury': 'Mars', 'Venus': 'Earth', 'Earth': 'Earth', 'Mars': 'Mars', 'Ceres': 'Ceres', 'Jupiter': 'Jupiter', 'Saturn': 'Saturn', 'Uranus': 'Saturn', 'Neptune': 'Saturn'}"
"Mercury, Ceres, Saturn",Saturn,True,29772.557662090014,55.340593097844625,0.2626605332354867,0.023035230352303523,48.0,16.0,"{'Mercury': 'Mercury', 'Venus': 'Mercury', 'Earth': 'Ceres', 'Mars': 'Mercury', 'Ceres': 'Ceres', 'Jupiter': 'Ceres', 'Saturn': 'Saturn', 'Uranus': 'Saturn', 'Neptune': 'Saturn'}"
"Venus, Earth, Ceres, Jupiter, Neptune",Ceres,True,29815.784696286013,28.74243038856701,0.16569807645697116,0.018970189701897018,32.0,32.0,"{'Mercury': 'Venus', 'Venus': 'Venus', 'Earth': 'Earth', 'Mars': 'Earth', 'Ceres': 'Ceres', 'Jupiter': 'Jupiter', 'Saturn': 'Earth', 'Uranus': 'Ceres', 'Neptune': 'Neptune'}"
"Venus, Earth, Ceres, Jupiter, Uranus",Jupiter,True,29975.05329919164,41.49151058725727,0.1819451063897992,0.018970189701897018,32.0,32.0,"{'Mercury': 'Venus', 'Venus': 'Venus', 'Earth': 'Earth', 'Mars': 'Earth', 'Ceres': 'Ceres', 'Jupiter': 'Jupiter', 'Saturn': 'Earth', 'Uranus': 'Uranus', 'Neptune': 'Uranus'}"
"Mercury, Venus, Mars, Uranus",Mars,True,30126.568769657362,47.55858178884834,0.2297210929673026,0.02168021680216802,40.0,24.0,"{'Mercury': 'Mercury', 'Venus': 'Venus', 'Earth': 'Venus', 'Mars': 'Mars', 'Ceres': 'Mars', 'Jupiter': 'Mars', 'Saturn': 'Venus', 'Uranus': 'Uranus', 'Neptune': 'Uranus'}"
"Mercury, Ceres, Jupiter, Saturn",Mercury,True,30148.895234378404,50.08020205239433,0.22275071708032398,0.023035230352303523,40.0,24.0,"{'Mercury': 'Mercury', 'Venus': 'Mercury', 'Earth': 'Ceres', 'Mars': 'Mercury', 'Ceres': 'Ceres', 'Jupiter': 'Jupiter', 'Saturn': 'Saturn', 'Uranus': 'Saturn', 'Neptune': 'Saturn'}"
"Mercury, Venus, Mars, Uranus",Venus,True,30166.852454550353,47.55858178884834,0.2297210929673026,0.02168021680216802,40.0,24.0,"{'Mercury': 'Mercury', 'Venus': 'Venus', 'Earth': 'Venus', 'Mars': 'Mars', 'Ceres': 'Mars', 'Jupiter': 'Mars', 'Saturn': 'Venus', 'Uranus': 'Uranus', 'Neptune': 'Uranus'}"
"Mercury, Venus, Mars, Uranus",Mercury,True,30178.638813791804,47.55858178884834,0.2297210929673026,0.02168021680216802,40.0,24.0,"{'Mercury': 'Mercury', 'Venus': 'Venus', 'Earth': 'Venus', 'Mars': 'Mars', 'Ceres': 'Mars', 'Jupiter': 'Mars', 'Saturn': 'Venus', 'Uranus': 'Uranus', 'Neptune': 'Uranus'}"
"Venus, Mars, Jupiter, Saturn",Mars,True,30201.742003866482,50.37584939774956,0.22512287029809583,0.023035230352303523,40.0,24.0,"{'Mercury': 'Mars', 'Venus': 'Venus', 'Earth': 'Venus', 'Mars': 'Mars', 'Ceres': 'Mars', 'Jupiter': 'Jupiter', 'Saturn': 'Saturn', 'Uranus': 'Saturn', 'Neptune': 'Saturn'}"
"Earth, Mars, Jupiter, Saturn",Mars,True,30206.701243083902,50.37584684186193,0.22512284780298472,0.023035230352303523,40.0,24.0,"{'Mercury': 'Mars', 'Venus': 'Earth', 'Earth': 'Earth', 'Mars': 'Mars', 'Ceres': 'Mars', 'Jupiter': 'Jupiter', 'Saturn': 'Saturn', 'Uranus': 'Saturn', 'Neptune': 'Saturn'}"
"Earth, Mars, Jupiter, Saturn",Earth,True,30207.65564066711,50.37584684186193,0.22512284780298472,0.023035230352303523,40.0,24.0,"{'Mercury': 'Mars', 'Venus': 'Earth', 'Earth': 'Earth', 'Mars': 'Mars', 'Ceres': 'Mars', 'Jupiter': 'Jupiter', 'Saturn': 'Saturn', 'Uranus': 'Saturn', 'Neptune': 'Saturn'}"
"Venus, Mars, Jupiter, Saturn",Venus,True,30210.840268377615,50.37584939774956,0.22512287029809583,0.023035230352303523,40.0,24.0,"{'Mercury': 'Mars', 'Venus': 'Venus', 'Earth': 'Venus', 'Mars': 'Mars', 'Ceres': 'Mars', 'Jupiter': 'Jupiter', 'Saturn': 'Saturn', 'Uranus': 'Saturn', 'Neptune': 'Saturn'}"
"Venus, Mars, Ceres, Saturn, Uranus",Ceres,True,30247.92799311371,38.43549144914933,0.16379661960025468,0.02032520325203252,32.0,32.0,"{'Mercury': 'Mars', 'Venus': 'Venus', 'Earth': 'Venus', 'Mars': 'Mars', 'Ceres': 'Ceres', 'Jupiter': 'Ceres', 'Saturn': 'Saturn', 'Uranus': 'Uranus', 'Neptune': 'Saturn'}"
"Earth, Mars, Ceres, Saturn, Uranus",Ceres,True,30256.7935669507,38.43548890033192,0.1637965971673706,0.02032520325203252,32.0,32.0,"{'Mercury': 'Mars', 'Venus': 'Earth', 'Earth': 'Earth', 'Mars': 'Mars', 'Ceres': 'Ceres', 'Jupiter': 'Ceres', 'Saturn': 'Saturn', 'Uranus': 'Uranus', 'Neptune': 'Saturn'}"
"Venus, Earth, Jupiter, Saturn, Neptune",Jupiter,True,30357.727738317473,19.11597683921898,0.11943957796987165,0.016260162601626018,32.0,32.0,"{'Mercury': 'Venus', 'Venus': 'Venus', 'Earth': 'Earth', 'Mars': 'Earth', 'Ceres': 'Earth', 'Jupiter': 'Jupiter', 'Saturn': 'Saturn', 'Uranus': 'Saturn', 'Neptune': 'Neptune'}"
"Venus, Earth, Ceres, Saturn, Uranus",Saturn,True,30388.600167764747,38.17166834741068,0.16207111258230175,0.016260162601626018,32.0,32.0,"{'Mercury': 'Venus', 'Venus': 'Venus', 'Earth': 'Earth', 'Mars': 'Earth', 'Ceres': 'Ceres', 'Jupiter': 'Ceres', 'Saturn': 'Saturn', 'Uranus': 'Uranus', 'Neptune': 'Saturn'}"
"Venus, Earth, Ceres, Jupiter, Neptune",Venus,True,30417.630252387076,28.74243038856701,0.16569807645697116,0.018970189701897018,32.0,32.0,"{'Mercury': 'Venus', 'Venus': 'Venus', 'Earth': 'Earth', 'Mars': 'Earth', 'Ceres': 'Ceres', 'Jupiter': 'Jupiter', 'Saturn': 'Earth', 'Uranus': 'Ceres', 'Neptune': 'Neptune'}"
"Venus, Earth, Ceres, Jupiter, Neptune",Earth,True,30438.6476530921,28.74243038856701,0.16569807645697116,0.018970189701897018,32.0,32.0,"{'Mercury': 'Venus', 'Venus': 'Venus', 'Earth': 'Earth', 'Mars': 'Earth', 'Ceres': 'Ceres', 'Jupiter': 'Jupiter', 'Saturn': 'Earth', 'Uranus': 'Ceres', 'Neptune': 'Neptune'}"
"Mercury, Venus, Earth, Saturn, Uranus",Saturn,True,30651.260935999282,39.65358240281971,0.17566950793053548,0.016260162601626018,32.0,32.0,"{'Mercury': 'Mercury', 'Venus': 'Venus', 'Earth': 'Earth', 'Mars': 'Earth', 'Ceres': 'Earth', 'Jupiter': 'Mercury', 'Saturn': 'Saturn', 'Uranus': 'Uranus', 'Neptune': 'Saturn'}"
"Earth, Mars, Ceres, Uranus",Ceres,True,30774.41908322067,47.030267494679265,0.22366788695054748,0.023035230352303523,40.0,24.0,"{'Mercury': 'Mars', 'Venus': 'Earth', 'Earth': 'Earth', 'Mars': 'Mars', 'Ceres': 'Ceres', 'Jupiter': 'Ceres', 'Saturn': 'Earth', 'Uranus': 'Uranus', 'Neptune': 'Uranus'}"
"Mercury, Mars, Ceres, Jupiter, Uranus",Uranus,True,30797.449789971855,42.66259294473908,0.19041603426234063,0.012195121951219513,32.0,32.0,"{'Mercury': 'Mercury', 'Venus': 'Mars', 'Earth': 'Mars', 'Mars': 'Mars', 'Ceres': 'Ceres', 'Jupiter': 'Jupiter', 'Saturn': 'Ceres', 'Uranus': 'Uranus', 'Neptune': 'Uranus'}"
"Mercury, Venus, Ceres, Saturn, Neptune",Saturn,True,30845.30878072561,21.87629934142424,0.1382408099424768,0.014905149051490514,32.0,32.0,"{'Mercury': 'Mercury', 'Venus': 'Venus', 'Earth': 'Venus', 'Mars': 'Venus', 'Ceres': 'Ceres', 'Jupiter': 'Ceres', 'Saturn': 'Saturn', 'Uranus': 'Saturn', 'Neptune': 'Neptune'}"
"Earth, Mars, Ceres, Saturn, Uranus",Earth,True,30868.153073797876,38.43548890033192,0.1637965971673706,0.02032520325203252,32.0,32.0,"{'Mercury': 'Mars', 'Venus': 'Earth', 'Earth': 'Earth', 'Mars': 'Mars', 'Ceres': 'Ceres', 'Jupiter': 'Ceres', 'Saturn': 'Saturn', 'Uranus': 'Uranus', 'Neptune': 'Saturn'}"
"Venus, Mars, Ceres, Saturn, Uranus",Mars,True,30887.765516526444,38.43549144914933,0.16379661960025468,0.02032520325203252,32.0,32.0,"{'Mercury': 'Mars', 'Venus': 'Venus', 'Earth': 'Venus', 'Mars': 'Mars', 'Ceres': 'Ceres', 'Jupiter': 'Ceres', 'Saturn': 'Saturn', 'Uranus': 'Uranus', 'Neptune': 'Saturn'}"
"Earth, Mars, Ceres, Saturn, Uranus",Mars,True,30892.72475581316,38.43548890033192,0.1637965971673706,0.02032520325203252,32.0,32.0,"{'Mercury': 'Mars', 'Venus': 'Earth', 'Earth': 'Earth', 'Mars': 'Mars', 'Ceres': 'Ceres', 'Jupiter': 'Ceres', 'Saturn': 'Saturn', 'Uranus': 'Uranus', 'Neptune': 'Saturn'}"
"Venus, Mars, Ceres, Saturn, Uranus",Venus,True,30902.22211027023,38.43549144914933,0.16379661960025468,0.02032520325203252,32.0,32.0,"{'Mercury': 'Mars', 'Venus': 'Venus', 'Earth': 'Venus', 'Mars': 'Mars', 'Ceres': 'Ceres', 'Jupiter': 'Ceres', 'Saturn': 'Saturn', 'Uranus': 'Uranus', 'Neptune': 'Saturn'}"
"Mercury, Ceres, Jupiter, Saturn",Jupiter,True,30960.646372561827,50.08020205239433,0.22275071708032398,0.023035230352303523,40.0,24.0,"{'Mercury': 'Mercury', 'Venus': 'Mercury', 'Earth': 'Ceres', 'Mars': 'Mercury', 'Ceres': 'Ceres', 'Jupiter': 'Jupiter', 'Saturn': 'Saturn', 'Uranus': 'Saturn', 'Neptune': 'Saturn'}"
"Venus, Earth, Jupiter, Saturn, Uranus",Saturn,True,30980.692114456528,35.61987199997317,0.14525368540030875,0.016260162601626018,32.0,32.0,"{'Mercury': 'Venus', 'Venus': 'Venus', 'Earth': 'Earth', 'Mars': 'Earth', 'Ceres': 'Earth', 'Jupiter': 'Jupiter', 'Saturn': 'Saturn', 'Uranus': 'Uranus', 'Neptune': 'Saturn'}"
"Venus, Mars, Jupiter, Saturn",Jupiter,True,31015.68004814484,50.37584939774956,0.22512287029809583,0.023035230352303523,40.0,24.0,"{'Mercury': 'Mars', 'Venus': 'Venus', 'Earth': 'Venus', 'Mars': 'Mars', 'Ceres': 'Mars', 'Jupiter': 'Jupiter', 'Saturn': 'Saturn', 'Uranus': 'Saturn', 'Neptune': 'Saturn'}"
"Earth, Mars, Jupiter, Saturn",Jupiter,True,31032.009373368477,50.37584684186193,0.22512284780298472,0.023035230352303523,40.0,24.0,"{'Mercury': 'Mars', 'Venus': 'Earth', 'Earth': 'Earth', 'Mars': 'Mars', 'Ceres': 'Mars', 'Jupiter': 'Jupiter', 'Saturn': 'Saturn', 'Uranus': 'Saturn', 'Neptune': 'Saturn'}"
"Mercury, Earth, Mars, Saturn, Neptune",Saturn,True,31038.402294975516,22.687504529570393,0.1457219990451253,0.014905149051490514,32.0,32.0,"{'Mercury': 'Mercury', 'Venus': 'Earth', 'Earth': 'Earth', 'Mars': 'Mars', 'Ceres': 'Mars', 'Jupiter': 'Mars', 'Saturn': 'Saturn', 'Uranus': 'Saturn', 'Neptune': 'Neptune'}"
"Mercury, Venus, Mars, Saturn, Neptune",Saturn,True,31054.74776746915,22.687507064364056,0.14572202135458226,0.014905149051490514,32.0,32.0,"{'Mercury': 'Mercury', 'Venus': 'Venus', 'Earth': 'Venus', 'Mars': 'Mars', 'Ceres': 'Mars', 'Jupiter': 'Mars', 'Saturn': 'Saturn', 'Uranus': 'Saturn', 'Neptune': 'Neptune'}"
"Earth, Mars, Ceres, Uranus",Earth,True,31193.302658666238,47.030267494679265,0.22366788695054748,0.023035230352303523,40.0,24.0,"{'Mercury': 'Mars', 'Venus': 'Earth', 'Earth': 'Earth', 'Mars': 'Mars', 'Ceres': 'Ceres', 'Jupiter': 'Ceres', 'Saturn': 'Earth', 'Uranus': 'Uranus', 'Neptune': 'Uranus'}"
"Earth, Mars, Ceres, Uranus",Mars,True,31209.19369336278,47.030267494679265,0.22366788695054748,0.023035230352303523,40.0,24.0,"{'Mercury': 'Mars', 'Venus': 'Earth', 'Earth': 'Earth', 'Mars': 'Mars', 'Ceres': 'Ceres', 'Jupiter': 'Ceres', 'Saturn': 'Earth', 'Uranus': 'Uranus', 'Neptune': 'Uranus'}"
"Mercury, Ceres, Jupiter, Uranus",Ceres,True,31256.59294126133,44.85043859018664,0.2071014690019002,0.023035230352303523,40.0,24.0,"{'Mercury': 'Mercury', 'Venus': 'Mercury', 'Earth': 'Ceres', 'Mars': 'Mercury', 'Ceres': 'Ceres', 'Jupiter': 'Jupiter', 'Saturn': 'Ceres', 'Uranus': 'Uranus', 'Neptune': 'Uranus'}"
"Venus, Earth, Saturn, Uranus",Earth,True,31322.095658590824,40.5152148789868,0.18290045532997096,0.02168021680216802,40.0,24.0,"{'Mercury': 'Venus', 'Venus': 'Venus', 'Earth': 'Earth', 'Mars': 'Earth', 'Ceres': 'Earth', 'Jupiter': 'Venus', 'Saturn': 'Saturn', 'Uranus': 'Uranus', 'Neptune': 'Saturn'}"
"Mercury, Mars, Ceres, Saturn, Uranus",Uranus,True,31341.407838308358,38.77764616686417,0.16805472114715617,0.012195121951219513,32.0,32.0,"{'Mercury': 'Mercury', 'Venus': 'Mars', 'Earth': 'Mars', 'Mars': 'Mars', 'Ceres': 'Ceres', 'Jupiter': 'Ceres', 'Saturn': 'Saturn', 'Uranus': 'Uranus', 'Neptune': 'Saturn'}"
"Venus, Earth, Saturn, Uranus",Venus,True,31369.989810947154,40.5152148789868,0.18290045532997096,0.02168021680216802,40.0,24.0,"{'Mercury': 'Venus', 'Venus': 'Venus', 'Earth': 'Earth', 'Mars': 'Earth', 'Ceres': 'Earth', 'Jupiter': 'Venus', 'Saturn': 'Saturn', 'Uranus': 'Uranus', 'Neptune': 'Saturn'}"
"Venus, Earth, Ceres, Jupiter, Neptune",Jupiter,True,31666.407164523473,28.74243038856701,0.16569807645697116,0.018970189701897018,32.0,32.0,"{'Mercury': 'Venus', 'Venus': 'Venus', 'Earth': 'Earth', 'Mars': 'Earth', 'Ceres': 'Ceres', 'Jupiter': 'Jupiter', 'Saturn': 'Earth', 'Uranus': 'Ceres', 'Neptune': 'Neptune'}"
"Mercury, Ceres, Jupiter, Uranus",Mercury,True,31750.19972370671,44.85043859018664,0.2071014690019002,0.023035230352303523,40.0,24.0,"{'Mercury': 'Mercury', 'Venus': 'Mercury', 'Earth': 'Ceres', 'Mars': 'Mercury', 'Ceres': 'Ceres', 'Jupiter': 'Jupiter', 'Saturn': 'Ceres', 'Uranus': 'Uranus', 'Neptune': 'Uranus'}"
"Mercury, Earth, Mars, Uranus, Neptune",Earth,True,31825.59071905694,17.05207111892174,0.126660623644474,0.017615176151761516,32.0,32.0,"{'Mercury': 'Mercury', 'Venus': 'Earth', 'Earth': 'Earth', 'Mars': 'Mars', 'Ceres': 'Mars', 'Jupiter': 'Mars', 'Saturn': 'Earth', 'Uranus': 'Uranus', 'Neptune': 'Neptune'}"
"Mercury, Earth, Mars, Uranus, Neptune",Mars,True,31841.346217807637,17.05207111892174,0.126660623644474,0.017615176151761516,32.0,32.0,"{'Mercury': 'Mercury', 'Venus': 'Earth', 'Earth': 'Earth', 'Mars': 'Mars', 'Ceres': 'Mars', 'Jupiter': 'Mars', 'Saturn': 'Earth', 'Uranus': 'Uranus', 'Neptune': 'Neptune'}"
"Mercury, Earth, Mars, Uranus",Uranus,True,31908.309283232746,47.71808009438487,0.23106281660639894,0.017615176151761516,40.0,24.0,"{'Mercury': 'Mercury', 'Venus': 'Earth', 'Earth': 'Earth', 'Mars': 'Mars', 'Ceres': 'Mars', 'Jupiter': 'Mars', 'Saturn': 'Earth', 'Uranus': 'Uranus', 'Neptune': 'Uranus'}"
"Mercury, Earth, Mars, Uranus, Neptune",Mercury,True,31916.25804474289,17.05207111892174,0.126660623644474,0.017615176151761516,32.0,32.0,"{'Mercury': 'Mercury', 'Venus': 'Earth', 'Earth': 'Earth', 'Mars': 'Mars', 'Ceres': 'Mars', 'Jupiter': 'Mars', 'Saturn': 'Earth', 'Uranus': 'Uranus', 'Neptune': 'Neptune'}"
"Venus, Mars, Ceres, Saturn, Neptune",Ceres,True,31986.209393921396,21.863115395611914,0.13787539969085313,0.02032520325203252,32.0,32.0,"{'Mercury': 'Mars', 'Venus': 'Venus', 'Earth': 'Venus', 'Mars': 'Mars', 'Ceres': 'Ceres', 'Jupiter': 'Ceres', 'Saturn': 'Saturn', 'Uranus': 'Saturn', 'Neptune': 'Neptune'}"
"Earth, Mars, Ceres, Saturn, Neptune",Ceres,True,31995.074967758384,21.8631128467945,0.13787537725796903,0.02032520325203252,32.0,32.0,"{'Mercury': 'Mars', 'Venus': 'Earth', 'Earth': 'Earth', 'Mars': 'Mars', 'Ceres': 'Ceres', 'Jupiter': 'Ceres', 'Saturn': 'Saturn', 'Uranus': 'Saturn', 'Neptune': 'Neptune'}"
"Mercury, Venus, Mars, Jupiter, Neptune",Venus,True,32074.837866934882,29.13363359533041,0.17304339830817436,0.02032520325203252,32.0,32.0,"{'Mercury': 'Mercury', 'Venus': 'Venus', 'Earth': 'Venus', 'Mars': 'Mars', 'Ceres': 'Mars', 'Jupiter': 'Jupiter', 'Saturn': 'Venus', 'Uranus': 'Mars', 'Neptune': 'Neptune'}"
"Mercury, Venus, Mars, Jupiter, Neptune",Mars,True,32075.14402458474,29.13363359533041,0.17304339830817436,0.02032520325203252,32.0,32.0,"{'Mercury': 'Mercury', 'Venus': 'Venus', 'Earth': 'Venus', 'Mars': 'Mars', 'Ceres': 'Mars', 'Jupiter': 'Jupiter', 'Saturn': 'Venus', 'Uranus': 'Mars', 'Neptune': 'Neptune'}"
"Mercury, Ceres, Saturn, Uranus",Ceres,True,32075.813334907532,40.92238560673198,0.18449204145547937,0.023035230352303523,40.0,24.0,"{'Mercury': 'Mercury', 'Venus': 'Mercury', 'Earth': 'Ceres', 'Mars': 'Mercury', 'Ceres': 'Ceres', 'Jupiter': 'Ceres', 'Saturn': 'Saturn', 'Uranus': 'Uranus', 'Neptune': 'Saturn'}"
"Venus, Earth, Ceres, Saturn, Neptune",Saturn,True,32143.018485174733,21.667773186656472,0.1362570051518646,0.016260162601626018,32.0,32.0,"{'Mercury': 'Venus', 'Venus': 'Venus', 'Earth': 'Earth', 'Mars': 'Earth', 'Ceres': 'Ceres', 'Jupiter': 'Ceres', 'Saturn': 'Saturn', 'Uranus': 'Saturn', 'Neptune': 'Neptune'}"
"Earth, Mars, Ceres, Jupiter, Uranus",Ceres,True,32144.35865422254,41.769876449228974,0.18375807079538484,0.023035230352303523,32.0,32.0,"{'Mercury': 'Mars', 'Venus': 'Earth', 'Earth': 'Earth', 'Mars': 'Mars', 'Ceres': 'Ceres', 'Jupiter': 'Jupiter', 'Saturn': 'Earth', 'Uranus': 'Uranus', 'Neptune': 'Uranus'}"
"Earth, Mars, Ceres, Jupiter, Saturn",Saturn,True,32273.288795381697,47.56797252041839,0.20194943966462228,0.02032520325203252,32.0,32.0,"{'Mercury': 'Mars', 'Venus': 'Earth', 'Earth': 'Earth', 'Mars': 'Mars', 'Ceres': 'Ceres', 'Jupiter': 'Jupiter', 'Saturn': 'Saturn', 'Uranus': 'Saturn', 'Neptune': 'Saturn'}"
"Mercury, Venus, Mars, Jupiter, Neptune",Mercury,True,32273.688925125163,29.13363359533041,0.17304339830817436,0.02032520325203252,32.0,32.0,"{'Mercury': 'Mercury', 'Venus': 'Venus', 'Earth': 'Venus', 'Mars': 'Mars', 'Ceres': 'Mars', 'Jupiter': 'Jupiter', 'Saturn': 'Venus', 'Uranus': 'Mars', 'Neptune': 'Neptune'}"
"Venus, Earth, Ceres, Uranus, Neptune",Ceres,True,32283.082220564276,16.02173909079169,0.11714315549266749,0.018970189701897018,32.0,32.0,"{'Mercury': 'Venus', 'Venus': 'Venus', 'Earth': 'Earth', 'Mars': 'Earth', 'Ceres': 'Ceres', 'Jupiter': 'Ceres', 'Saturn': 'Earth', 'Uranus': 'Uranus', 'Neptune': 'Neptune'}"
"Venus, Mars, Ceres, Jupiter, Saturn",Saturn,True,32289.63426801279,47.56797506923579,0.2019494620975063,0.02032520325203252,32.0,32.0,"{'Mercury': 'Mars', 'Venus': 'Venus', 'Earth': 'Venus', 'Mars': 'Mars', 'Ceres': 'Ceres', 'Jupiter': 'Jupiter', 'Saturn': 'Saturn', 'Uranus': 'Saturn', 'Neptune': 'Saturn'}"
"Mercury, Earth, Mars, Jupiter, Uranus",Uranus,True,32324.28606691317,42.753505215485376,0.19297977040731804,0.013550135501355014,32.0,32.0,"{'Mercury': 'Mercury', 'Venus': 'Earth', 'Earth': 'Earth', 'Mars': 'Mars', 'Ceres': 'Mars', 'Jupiter': 'Jupiter', 'Saturn': 'Earth', 'Uranus': 'Uranus', 'Neptune': 'Uranus'}"
"Mercury, Venus, Earth, Saturn, Neptune",Saturn,True,32405.67925340927,23.1496872420655,0.1498554005000984,0.016260162601626018,32.0,32.0,"{'Mercury': 'Mercury', 'Venus': 'Venus', 'Earth': 'Earth', 'Mars': 'Earth', 'Ceres': 'Earth', 'Jupiter': 'Mercury', 'Saturn': 'Saturn', 'Uranus': 'Saturn', 'Neptune': 'Neptune'}"
"Mercury, Ceres, Saturn, Uranus",Mercury,True,32510.36064013235,40.92238560673198,0.18449204145547937,0.023035230352303523,40.0,24.0,"{'Mercury': 'Mercury', 'Venus': 'Mercury', 'Earth': 'Ceres', 'Mars': 'Mercury', 'Ceres': 'Ceres', 'Jupiter': 'Ceres', 'Saturn': 'Saturn', 'Uranus': 'Uranus', 'Neptune': 'Saturn'}"
"Earth, Mars, Ceres, Neptune",Ceres,True,32526.07732030306,34.22813980556445,0.20735325495142473,0.023035230352303523,40.0,24.0,"{'Mercury': 'Mars', 'Venus': 'Earth', 'Earth': 'Earth', 'Mars': 'Mars', 'Ceres': 'Ceres', 'Jupiter': 'Ceres', 'Saturn': 'Earth', 'Uranus': 'Ceres', 'Neptune': 'Neptune'}"
"Mercury, Ceres, Jupiter, Uranus",Jupiter,True,32591.513479989684,44.85043859018664,0.2071014690019002,0.023035230352303523,40.0,24.0,"{'Mercury': 'Mercury', 'Venus': 'Mercury', 'Earth': 'Ceres', 'Mars': 'Mercury', 'Ceres': 'Ceres', 'Jupiter': 'Jupiter', 'Saturn': 'Ceres', 'Uranus': 'Uranus', 'Neptune': 'Uranus'}"
"Earth, Mars, Ceres, Saturn, Neptune",Earth,True,32595.029924801554,21.8631128467945,0.13787537725796903,0.02032520325203252,32.0,32.0,"{'Mercury': 'Mars', 'Venus': 'Earth', 'Earth': 'Earth', 'Mars': 'Mars', 'Ceres': 'Ceres', 'Jupiter': 'Ceres', 'Saturn': 'Saturn', 'Uranus': 'Saturn', 'Neptune': 'Neptune'}"
"Mercury, Ceres, Jupiter, Saturn",Saturn,True,32599.72148742174,50.08020205239433,0.22275071708032398,0.023035230352303523,40.0,24.0,"{'Mercury': 'Mercury', 'Venus': 'Mercury', 'Earth': 'Ceres', 'Mars': 'Mercury', 'Ceres': 'Ceres', 'Jupiter': 'Jupiter', 'Saturn': 'Saturn', 'Uranus': 'Saturn', 'Neptune': 'Saturn'}"
"Venus, Mars, Ceres, Saturn, Neptune",Venus,True,32609.864674104498,21.863115395611914,0.13787539969085313,0.02032520325203252,32.0,32.0,"{'Mercury': 'Mars', 'Venus': 'Venus', 'Earth': 'Venus', 'Mars': 'Mars', 'Ceres': 'Ceres', 'Jupiter': 'Ceres', 'Saturn': 'Saturn', 'Uranus': 'Saturn', 'Neptune': 'Neptune'}"
"Venus, Mars, Ceres, Saturn, Neptune",Mars,True,32629.298404031106,21.863115395611914,0.13787539969085313,0.02032520325203252,32.0,32.0,"{'Mercury': 'Mars', 'Venus': 'Venus', 'Earth': 'Venus', 'Mars': 'Mars', 'Ceres': 'Ceres', 'Jupiter': 'Ceres', 'Saturn': 'Saturn', 'Uranus': 'Saturn', 'Neptune': 'Neptune'}"
"Earth, Mars, Ceres, Saturn, Neptune",Mars,True,32634.257643317822,21.8631128467945,0.13787537725796903,0.02032520325203252,32.0,32.0,"{'Mercury': 'Mars', 'Venus': 'Earth', 'Earth': 'Earth', 'Mars': 'Mars', 'Ceres': 'Ceres', 'Jupiter': 'Ceres', 'Saturn': 'Saturn', 'Uranus': 'Saturn', 'Neptune': 'Neptune'}"
"Mercury, Earth, Ceres, Saturn, Uranus",Uranus,True,32680.753276832093,38.37443207587222,0.1643342370887782,0.013550135501355014,32.0,32.0,"{'Mercury': 'Mercury', 'Venus': 'Earth', 'Earth': 'Earth', 'Mars': 'Earth', 'Ceres': 'Ceres', 'Jupiter': 'Ceres', 'Saturn': 'Saturn', 'Uranus': 'Uranus', 'Neptune': 'Saturn'}"
"Venus, Earth, Jupiter, Saturn, Neptune",Saturn,True,32735.110431866524,19.11597683921898,0.11943957796987165,0.016260162601626018,32.0,32.0,"{'Mercury': 'Venus', 'Venus': 'Venus', 'Earth': 'Earth', 'Mars': 'Earth', 'Ceres': 'Earth', 'Jupiter': 'Jupiter', 'Saturn': 'Saturn', 'Uranus': 'Saturn', 'Neptune': 'Neptune'}"
"Earth, Mars, Jupiter, Saturn",Saturn,True,32748.42431580138,50.37584684186193,0.22512284780298472,0.023035230352303523,40.0,24.0,"{'Mercury': 'Mars', 'Venus': 'Earth', 'Earth': 'Earth', 'Mars': 'Mars', 'Ceres': 'Mars', 'Jupiter': 'Jupiter', 'Saturn': 'Saturn', 'Uranus': 'Saturn', 'Neptune': 'Saturn'}"
"Earth, Mars, Ceres, Jupiter, Uranus",Earth,True,32752.429700138553,41.769876449228974,0.18375807079538484,0.023035230352303523,32.0,32.0,"{'Mercury': 'Mars', 'Venus': 'Earth', 'Earth': 'Earth', 'Mars': 'Mars', 'Ceres': 'Ceres', 'Jupiter': 'Jupiter', 'Saturn': 'Earth', 'Uranus': 'Uranus', 'Neptune': 'Uranus'}"
"Earth, Mars, Ceres, Jupiter, Uranus",Mars,True,32758.68845061009,41.769876449228974,0.18375807079538484,0.023035230352303523,32.0,32.0,"{'Mercury': 'Mars', 'Venus': 'Earth', 'Earth': 'Earth', 'Mars': 'Mars', 'Ceres': 'Ceres', 'Jupiter': 'Jupiter', 'Saturn': 'Earth', 'Uranus': 'Uranus', 'Neptune': 'Uranus'}"
"Venus, Mars, Jupiter, Saturn",Saturn,True,32764.76978850177,50.37584939774956,0.22512287029809583,0.023035230352303523,40.0,24.0,"{'Mercury': 'Mars', 'Venus': 'Venus', 'Earth': 'Venus', 'Mars': 'Mars', 'Ceres': 'Mars', 'Jupiter': 'Jupiter', 'Saturn': 'Saturn', 'Uranus': 'Saturn', 'Neptune': 'Saturn'}"
"Venus, Earth, Ceres, Uranus, Neptune",Earth,True,32885.93303653262,16.02173909079169,0.11714315549266749,0.018970189701897018,32.0,32.0,"{'Mercury': 'Venus', 'Venus': 'Venus', 'Earth': 'Earth', 'Mars': 'Earth', 'Ceres': 'Ceres', 'Jupiter': 'Ceres', 'Saturn': 'Earth', 'Uranus': 'Uranus', 'Neptune': 'Neptune'}"
"Venus, Earth, Ceres, Uranus, Neptune",Venus,True,32904.66124865468,16.02173909079169,0.11714315549266749,0.018970189701897018,32.0,32.0,"{'Mercury': 'Venus', 'Venus': 'Venus', 'Earth': 'Earth', 'Mars': 'Earth', 'Ceres': 'Ceres', 'Jupiter': 'Ceres', 'Saturn': 'Earth', 'Uranus': 'Uranus', 'Neptune': 'Neptune'}"
"Earth, Mars, Ceres, Neptune",Earth,True,32933.55634594462,34.22813980556445,0.20735325495142473,0.023035230352303523,40.0,24.0,"{'Mercury': 'Mars', 'Venus': 'Earth', 'Earth': 'Earth', 'Mars': 'Mars', 'Ceres': 'Ceres', 'Jupiter': 'Ceres', 'Saturn': 'Earth', 'Uranus': 'Ceres', 'Neptune': 'Neptune'}"
"Earth, Mars, Ceres, Neptune",Mars,True,32964.10341714215,34.22813980556445,0.20735325495142473,0.023035230352303523,40.0,24.0,"{'Mercury': 'Mars', 'Venus': 'Earth', 'Earth': 'Earth', 'Mars': 'Mars', 'Ceres': 'Ceres', 'Jupiter': 'Ceres', 'Saturn': 'Earth', 'Uranus': 'Ceres', 'Neptune': 'Neptune'}"
"Venus, Earth, Saturn, Neptune",Earth,True,33048.91365419843,23.919885396012344,0.15694333345393582,0.02168021680216802,40.0,24.0,"{'Mercury': 'Venus', 'Venus': 'Venus', 'Earth': 'Earth', 'Mars': 'Earth', 'Ceres': 'Earth', 'Jupiter': 'Venus', 'Saturn': 'Saturn', 'Uranus': 'Saturn', 'Neptune': 'Neptune'}"
"Venus, Earth, Ceres, Uranus",Uranus,True,33076.41475792865,46.730104432242996,0.22168955037857302,0.018970189701897018,40.0,24.0,"{'Mercury': 'Venus', 'Venus': 'Venus', 'Earth': 'Earth', 'Mars': 'Earth', 'Ceres': 'Ceres', 'Jupiter': 'Ceres', 'Saturn': 'Earth', 'Uranus': 'Uranus', 'Neptune': 'Uranus'}"
"Venus, Earth, Saturn, Neptune",Venus,True,33077.57351938536,23.919885396012344,0.15694333345393582,0.02168021680216802,40.0,24.0,"{'Mercury': 'Venus', 'Venus': 'Venus', 'Earth': 'Earth', 'Mars': 'Earth', 'Ceres': 'Earth', 'Jupiter': 'Venus', 'Saturn': 'Saturn', 'Uranus': 'Saturn', 'Neptune': 'Neptune'}"
"Venus, Earth, Mars, Ceres, Uranus",Uranus,True,33126.27901146849,45.699081683677555,0.2132318202619889,0.014905149051490514,32.0,32.0,"{'Mercury': 'Mars', 'Venus': 'Venus', 'Earth': 'Earth', 'Mars': 'Mars', 'Ceres': 'Ceres', 'Jupiter': 'Ceres', 'Saturn': 'Earth', 'Uranus': 'Uranus', 'Neptune': 'Uranus'}"
"Mercury, Venus, Mars, Ceres, Uranus",Uranus,True,33134.74141850267,45.02013794091135,0.20811307977816096,0.014905149051490514,32.0,32.0,"{'Mercury': 'Mercury', 'Venus': 'Venus', 'Earth': 'Venus', 'Mars': 'Mars', 'Ceres': 'Ceres', 'Jupiter': 'Ceres', 'Saturn': 'Venus', 'Uranus': 'Uranus', 'Neptune': 'Uranus'}"
"Mercury, Venus, Mars, Jupiter, Neptune",Jupiter,True,33319.58243567548,29.13363359533041,0.17304339830817436,0.02032520325203252,32.0,32.0,"{'Mercury': 'Mercury', 'Venus': 'Venus', 'Earth': 'Venus', 'Mars': 'Mars', 'Ceres': 'Mars', 'Jupiter': 'Jupiter', 'Saturn': 'Venus', 'Uranus': 'Mars', 'Neptune': 'Neptune'}"
"Mercury, Venus, Earth, Ceres, Neptune",Neptune,True,33425.98837353113,32.97899780939456,0.19735938320726779,0.008130081300813009,32.0,32.0,"{'Mercury': 'Mercury', 'Venus': 'Venus', 'Earth': 'Earth', 'Mars': 'Earth', 'Ceres': 'Ceres', 'Jupiter': 'Ceres', 'Saturn': 'Earth', 'Uranus': 'Ceres', 'Neptune': 'Neptune'}"
"Mercury, Ceres, Jupiter, Saturn, Uranus",Ceres,True,33445.752905909394,35.66199456128173,0.1445822253003165,0.023035230352303523,32.0,32.0,"{'Mercury': 'Mercury', 'Venus': 'Mercury', 'Earth': 'Ceres', 'Mars': 'Mercury', 'Ceres': 'Ceres', 'Jupiter': 'Jupiter', 'Saturn': 'Saturn', 'Uranus': 'Uranus', 'Neptune': 'Saturn'}"
"Venus, Earth, Saturn, Uranus",Saturn,True,33570.95439527487,40.5152148789868,0.18290045532997096,0.02168021680216802,40.0,24.0,"{'Mercury': 'Venus', 'Venus': 'Venus', 'Earth': 'Earth', 'Mars': 'Earth', 'Ceres': 'Earth', 'Jupiter': 'Venus', 'Saturn': 'Saturn', 'Uranus': 'Uranus', 'Neptune': 'Saturn'}"
"Mercury, Ceres, Saturn, Neptune",Ceres,True,33813.97686166261,24.304039023226345,0.1584989180234441,0.023035230352303523,40.0,24.0,"{'Mercury': 'Mercury', 'Venus': 'Mercury', 'Earth': 'Ceres', 'Mars': 'Mercury', 'Ceres': 'Ceres', 'Jupiter': 'Ceres', 'Saturn': 'Saturn', 'Uranus': 'Saturn', 'Neptune': 'Neptune'}"
"Earth, Mars, Ceres, Jupiter, Neptune",Ceres,True,33896.01689130493,28.967748760114205,0.1674434387962621,0.023035230352303523,32.0,32.0,"{'Mercury': 'Mars', 'Venus': 'Earth', 'Earth': 'Earth', 'Mars': 'Mars', 'Ceres': 'Ceres', 'Jupiter': 'Jupiter', 'Saturn': 'Earth', 'Uranus': 'Ceres', 'Neptune': 'Neptune'}"
"Earth, Mars, Ceres, Jupiter, Uranus",Jupiter,True,34048.88344186772,41.769876449228974,0.18375807079538484,0.023035230352303523,32.0,32.0,"{'Mercury': 'Mars', 'Venus': 'Earth', 'Earth': 'Earth', 'Mars': 'Mars', 'Ceres': 'Ceres', 'Jupiter': 'Jupiter', 'Saturn': 'Earth', 'Uranus': 'Uranus', 'Neptune': 'Uranus'}"
"Mercury, Venus, Ceres, Saturn, Uranus",Uranus,True,34053.860810159706,38.35749313331908,0.1640194096598047,0.014905149051490514,32.0,32.0,"{'Mercury': 'Mercury', 'Venus': 'Venus', 'Earth': 'Venus', 'Mars': 'Venus', 'Ceres': 'Ceres', 'Jupiter': 'Ceres', 'Saturn': 'Saturn', 'Uranus': 'Uranus', 'Neptune': 'Saturn'}"
"Mercury, Ceres, Jupiter, Saturn, Uranus",Mercury,True,34186.94813297395,35.66199456128173,0.1445822253003165,0.023035230352303523,32.0,32.0,"{'Mercury': 'Mercury', 'Venus': 'Mercury', 'Earth': 'Ceres', 'Mars': 'Mercury', 'Ceres': 'Ceres', 'Jupiter': 'Jupiter', 'Saturn': 'Saturn', 'Uranus': 'Uranus', 'Neptune': 'Saturn'}"
"Mercury, Mars, Ceres, Uranus, Neptune",Uranus,True,34220.36072971058,17.367511239058583,0.12605854119029208,0.012195121951219513,32.0,32.0,"{'Mercury': 'Mercury', 'Venus': 'Mars', 'Earth': 'Mars', 'Mars': 'Mars', 'Ceres': 'Ceres', 'Jupiter': 'Ceres', 'Saturn': 'Ceres', 'Uranus': 'Uranus', 'Neptune': 'Neptune'}"
"Mercury, Earth, Mars, Saturn, Uranus",Uranus,True,34224.43994673935,39.16869832146524,0.17150059876245313,0.014905149051490514,32.0,32.0,"{'Mercury': 'Mercury', 'Venus': 'Earth', 'Earth': 'Earth', 'Mars': 'Mars', 'Ceres': 'Mars', 'Jupiter': 'Mars', 'Saturn': 'Saturn', 'Uranus': 'Uranus', 'Neptune': 'Saturn'}"
"Earth, Mars, Jupiter, Saturn, Uranus",Earth,True,34227.92718577152,35.957639350749325,0.1469543560229773,0.023035230352303523,32.0,32.0,"{'Mercury': 'Mars', 'Venus': 'Earth', 'Earth': 'Earth', 'Mars': 'Mars', 'Ceres': 'Mars', 'Jupiter': 'Jupiter', 'Saturn': 'Saturn', 'Uranus': 'Uranus', 'Neptune': 'Saturn'}"
"Venus, Mars, Jupiter, Saturn, Uranus",Mars,True,34233.55463540889,35.95764190663697,0.1469543785180886,0.023035230352303523,32.0,32.0,"{'Mercury': 'Mars', 'Venus': 'Venus', 'Earth': 'Venus', 'Mars': 'Mars', 'Ceres': 'Mars', 'Jupiter': 'Jupiter', 'Saturn': 'Saturn', 'Uranus': 'Uranus', 'Neptune': 'Saturn'}"
"Earth, Mars, Jupiter, Saturn, Uranus",Mars,True,34238.5138746263,35.957639350749325,0.1469543560229773,0.023035230352303523,32.0,32.0,"{'Mercury': 'Mars', 'Venus': 'Earth', 'Earth': 'Earth', 'Mars': 'Mars', 'Ceres': 'Mars', 'Jupiter': 'Jupiter', 'Saturn': 'Saturn', 'Uranus': 'Uranus', 'Neptune': 'Saturn'}"
"Mercury, Venus, Mars, Saturn, Uranus",Uranus,True,34242.865721147245,39.1687008562589,0.17150062107191008,0.014905149051490514,32.0,32.0,"{'Mercury': 'Mercury', 'Venus': 'Venus', 'Earth': 'Venus', 'Mars': 'Mars', 'Ceres': 'Mars', 'Jupiter': 'Mars', 'Saturn': 'Saturn', 'Uranus': 'Uranus', 'Neptune': 'Saturn'}"
"Venus, Mars, Jupiter, Saturn, Uranus",Venus,True,34254.52562321166,35.95764190663697,0.1469543785180886,0.023035230352303523,32.0,32.0,"{'Mercury': 'Mars', 'Venus': 'Venus', 'Earth': 'Venus', 'Mars': 'Mars', 'Ceres': 'Mars', 'Jupiter': 'Jupiter', 'Saturn': 'Saturn', 'Uranus': 'Uranus', 'Neptune': 'Saturn'}"
"Mercury, Ceres, Saturn, Neptune",Mercury,True,34271.15777439611,24.304039023226345,0.1584989180234441,0.023035230352303523,40.0,24.0,"{'Mercury': 'Mercury', 'Venus': 'Mercury', 'Earth': 'Ceres', 'Mars': 'Mercury', 'Ceres': 'Ceres', 'Jupiter': 'Ceres', 'Saturn': 'Saturn', 'Uranus': 'Saturn', 'Neptune': 'Neptune'}"
"Earth, Mars, Ceres, Saturn, Uranus",Saturn,True,34447.96229917845,38.43548890033192,0.1637965971673706,0.02032520325203252,32.0,32.0,"{'Mercury': 'Mars', 'Venus': 'Earth', 'Earth': 'Earth', 'Mars': 'Mars', 'Ceres': 'Ceres', 'Jupiter': 'Ceres', 'Saturn': 'Saturn', 'Uranus': 'Uranus', 'Neptune': 'Saturn'}"
"Venus, Mars, Ceres, Saturn, Uranus",Saturn,True,34464.30777180954,38.43549144914933,0.16379661960025468,0.02032520325203252,32.0,32.0,"{'Mercury': 'Mars', 'Venus': 'Venus', 'Earth': 'Venus', 'Mars': 'Mars', 'Ceres': 'Ceres', 'Jupiter': 'Ceres', 'Saturn': 'Saturn', 'Uranus': 'Uranus', 'Neptune': 'Saturn'}"
"Earth, Mars, Ceres, Jupiter, Neptune",Earth,True,34492.68338741694,28.967748760114205,0.1674434387962621,0.023035230352303523,32.0,32.0,"{'Mercury': 'Mars', 'Venus': 'Earth', 'Earth': 'Earth', 'Mars': 'Mars', 'Ceres': 'Ceres', 'Jupiter': 'Jupiter', 'Saturn': 'Earth', 'Uranus': 'Ceres', 'Neptune': 'Neptune'}"
"Earth, Mars, Ceres, Jupiter, Neptune",Mars,True,34513.598174389466,28.967748760114205,0.1674434387962621,0.023035230352303523,32.0,32.0,"{'Mercury': 'Mars', 'Venus': 'Earth', 'Earth': 'Earth', 'Mars': 'Mars', 'Ceres': 'Ceres', 'Jupiter': 'Jupiter', 'Saturn': 'Earth', 'Uranus': 'Ceres', 'Neptune': 'Neptune'}"
"Earth, Mars, Jupiter, Uranus",Earth,True,34553.21347711467,44.56943304675105,0.20694533717928026,0.025745257452574527,40.0,24.0,"{'Mercury': 'Mars', 'Venus': 'Earth', 'Earth': 'Earth', 'Mars': 'Mars', 'Ceres': 'Mars', 'Jupiter': 'Jupiter', 'Saturn': 'Earth', 'Uranus': 'Uranus', 'Neptune': 'Uranus'}"
"Earth, Mars, Jupiter, Uranus",Mars,True,34555.11951865071,44.56943304675105,0.20694533717928026,0.025745257452574527,40.0,24.0,"{'Mercury': 'Mars', 'Venus': 'Earth', 'Earth': 'Earth', 'Mars': 'Mars', 'Ceres': 'Mars', 'Jupiter': 'Jupiter', 'Saturn': 'Earth', 'Uranus': 'Uranus', 'Neptune': 'Uranus'}"
"Mercury, Ceres, Saturn, Uranus",Saturn,True,34774.26382526532,40.92238560673198,0.18449204145547937,0.023035230352303523,40.0,24.0,"{'Mercury': 'Mercury', 'Venus': 'Mercury', 'Earth': 'Ceres', 'Mars': 'Mercury', 'Ceres': 'Ceres', 'Jupiter': 'Ceres', 'Saturn': 'Saturn', 'Uranus': 'Uranus', 'Neptune': 'Saturn'}"
"Venus, Mars, Ceres, Uranus",Ceres,True,34829.05077760683,46.86700675039447,0.22228779049317268,0.02710027100271003,40.0,24.0,"{'Mercury': 'Mars', 'Venus': 'Venus', 'Earth': 'Venus', 'Mars': 'Mars', 'Ceres': 'Ceres', 'Jupiter': 'Ceres', 'Saturn': 'Venus', 'Uranus': 'Uranus', 'Neptune': 'Uranus'}"
"Mercury, Ceres, Jupiter, Saturn, Neptune",Ceres,True,35183.916432664475,19.043647977776118,0.1185891018682813,0.023035230352303523,32.0,32.0,"{'Mercury': 'Mercury', 'Venus': 'Mercury', 'Earth': 'Ceres', 'Mars': 'Mercury', 'Ceres': 'Ceres', 'Jupiter': 'Jupiter', 'Saturn': 'Saturn', 'Uranus': 'Saturn', 'Neptune': 'Neptune'}"
"Venus, Mars, Ceres, Uranus",Venus,True,35266.38470456321,46.86700675039447,0.22228779049317268,0.02710027100271003,40.0,24.0,"{'Mercury': 'Mars', 'Venus': 'Venus', 'Earth': 'Venus', 'Mars': 'Mars', 'Ceres': 'Ceres', 'Jupiter': 'Ceres', 'Saturn': 'Venus', 'Uranus': 'Uranus', 'Neptune': 'Uranus'}"
"Venus, Mars, Ceres, Uranus",Mars,True,35267.73172229921,46.86700675039447,0.22228779049317268,0.02710027100271003,40.0,24.0,"{'Mercury': 'Mars', 'Venus': 'Venus', 'Earth': 'Venus', 'Mars': 'Mars', 'Ceres': 'Ceres', 'Jupiter': 'Ceres', 'Saturn': 'Venus', 'Uranus': 'Uranus', 'Neptune': 'Uranus'}"
"Venus, Earth, Saturn, Neptune",Saturn,True,35325.13826391703,23.919885396012344,0.15694333345393582,0.02168021680216802,40.0,24.0,"{'Mercury': 'Venus', 'Venus': 'Venus', 'Earth': 'Earth', 'Mars': 'Earth', 'Ceres': 'Earth', 'Jupiter': 'Venus', 'Saturn': 'Saturn', 'Uranus': 'Saturn', 'Neptune': 'Neptune'}"
"Earth, Mars, Jupiter, Uranus",Jupiter,True,35369.79866818914,44.56943304675105,0.20694533717928026,0.025745257452574527,40.0,24.0,"{'Mercury': 'Mars', 'Venus': 'Earth', 'Earth': 'Earth', 'Mars': 'Mars', 'Ceres': 'Mars', 'Jupiter': 'Jupiter', 'Saturn': 'Earth', 'Uranus': 'Uranus', 'Neptune': 'Uranus'}"
"Mercury, Ceres, Jupiter, Saturn, Uranus",Jupiter,True,35392.13711529165,35.66199456128173,0.1445822253003165,0.023035230352303523,32.0,32.0,"{'Mercury': 'Mercury', 'Venus': 'Mercury', 'Earth': 'Ceres', 'Mars': 'Mercury', 'Ceres': 'Ceres', 'Jupiter': 'Jupiter', 'Saturn': 'Saturn', 'Uranus': 'Uranus', 'Neptune': 'Saturn'}"
"Venus, Earth, Ceres, Saturn, Uranus",Uranus,True,35392.480147171016,38.17166834741068,0.16207111258230175,0.016260162601626018,32.0,32.0,"{'Mercury': 'Venus', 'Venus': 'Venus', 'Earth': 'Earth', 'Mars': 'Earth', 'Ceres': 'Ceres', 'Jupiter': 'Ceres', 'Saturn': 'Saturn', 'Uranus': 'Uranus', 'Neptune': 'Saturn'}"
"Venus, Mars, Jupiter, Saturn, Uranus",Jupiter,True,35447.17079087466,35.95764190663697,0.1469543785180886,0.023035230352303523,32.0,32.0,"{'Mercury': 'Mars', 'Venus': 'Venus', 'Earth': 'Venus', 'Mars': 'Mars', 'Ceres': 'Mars', 'Jupiter': 'Jupiter', 'Saturn': 'Saturn', 'Uranus': 'Uranus', 'Neptune': 'Saturn'}"
"Earth, Mars, Jupiter, Saturn, Uranus",Jupiter,True,35463.50011609829,35.957639350749325,0.1469543560229773,0.023035230352303523,32.0,32.0,"{'Mercury': 'Mars', 'Venus': 'Earth', 'Earth': 'Earth', 'Mars': 'Mars', 'Ceres': 'Mars', 'Jupiter': 'Jupiter', 'Saturn': 'Saturn', 'Uranus': 'Uranus', 'Neptune': 'Saturn'}"
"Mercury, Venus, Earth, Saturn, Uranus",Uranus,True,35590.98862622554,39.65358240281971,0.17566950793053548,0.016260162601626018,32.0,32.0,"{'Mercury': 'Mercury', 'Venus': 'Venus', 'Earth': 'Earth', 'Mars': 'Earth', 'Ceres': 'Earth', 'Jupiter': 'Mercury', 'Saturn': 'Saturn', 'Uranus': 'Uranus', 'Neptune': 'Saturn'}"
"Earth, Mars, Ceres, Jupiter, Neptune",Jupiter,True,35740.11665764284,28.967748760114205,0.1674434387962621,0.023035230352303523,32.0,32.0,"{'Mercury': 'Mars', 'Venus': 'Earth', 'Earth': 'Earth', 'Mars': 'Mars', 'Ceres': 'Ceres', 'Jupiter': 'Jupiter', 'Saturn': 'Earth', 'Uranus': 'Ceres', 'Neptune': 'Neptune'}"
"Mercury, Venus, Mars, Uranus, Neptune",Mars,True,35899.365156785294,16.765151723459475,0.12488509587949727,0.02168021680216802,32.0,32.0,"{'Mercury': 'Mercury', 'Venus': 'Venus', 'Earth': 'Venus', 'Mars': 'Mars', 'Ceres': 'Mars', 'Jupiter': 'Mars', 'Saturn': 'Venus', 'Uranus': 'Uranus', 'Neptune': 'Neptune'}"
"Mercury, Venus, Mars, Uranus, Neptune",Venus,True,35917.63124129954,16.765151723459475,0.12488509587949727,0.02168021680216802,32.0,32.0,"{'Mercury': 'Mercury', 'Venus': 'Venus', 'Earth': 'Venus', 'Mars': 'Mars', 'Ceres': 'Mars', 'Jupiter': 'Mars', 'Saturn': 'Venus', 'Uranus': 'Uranus', 'Neptune': 'Neptune'}"
"Mercury, Ceres, Jupiter, Saturn, Neptune",Mercury,True,35947.745267237704,19.043647977776118,0.1185891018682813,0.023035230352303523,32.0,32.0,"{'Mercury': 'Mercury', 'Venus': 'Mercury', 'Earth': 'Ceres', 'Mars': 'Mercury', 'Ceres': 'Ceres', 'Jupiter': 'Jupiter', 'Saturn': 'Saturn', 'Uranus': 'Saturn', 'Neptune': 'Neptune'}"
"Venus, Earth, Jupiter, Saturn, Uranus",Uranus,True,35953.494813847494,35.61987199997317,0.14525368540030875,0.016260162601626018,32.0,32.0,"{'Mercury': 'Venus', 'Venus': 'Venus', 'Earth': 'Earth', 'Mars': 'Earth', 'Ceres': 'Earth', 'Jupiter': 'Jupiter', 'Saturn': 'Saturn', 'Uranus': 'Uranus', 'Neptune': 'Saturn'}"
"Earth, Mars, Jupiter, Saturn, Neptune",Earth,True,35954.6861627226,19.339292767243716,0.12096123259094214,0.023035230352303523,32.0,32.0,"{'Mercury': 'Mars', 'Venus': 'Earth', 'Earth': 'Earth', 'Mars': 'Mars', 'Ceres': 'Mars', 'Jupiter': 'Jupiter', 'Saturn': 'Saturn', 'Uranus': 'Saturn', 'Neptune': 'Neptune'}"
"Venus, Mars, Jupiter, Saturn, Neptune",Venus,True,35962.05031299332,19.339295323131356,0.12096125508605343,0.023035230352303523,32.0,32.0,"{'Mercury': 'Mars', 'Venus': 'Venus', 'Earth': 'Venus', 'Mars': 'Mars', 'Ceres': 'Mars', 'Jupiter': 'Jupiter', 'Saturn': 'Saturn', 'Uranus': 'Saturn', 'Neptune': 'Neptune'}"
"Venus, Mars, Jupiter, Saturn, Neptune",Mars,True,35974.96964886095,19.339295323131356,0.12096125508605343,0.023035230352303523,32.0,32.0,"{'Mercury': 'Mars', 'Venus': 'Venus', 'Earth': 'Venus', 'Mars': 'Mars', 'Ceres': 'Mars', 'Jupiter': 'Jupiter', 'Saturn': 'Saturn', 'Uranus': 'Saturn', 'Neptune': 'Neptune'}"
"Mercury, Venus, Mars, Uranus, Neptune",Mercury,True,35977.05758878458,16.765151723459475,0.12488509587949727,0.02168021680216802,32.0,32.0,"{'Mercury': 'Mercury', 'Venus': 'Venus', 'Earth': 'Venus', 'Mars': 'Mars', 'Ceres': 'Mars', 'Jupiter': 'Mars', 'Saturn': 'Venus', 'Uranus': 'Uranus', 'Neptune': 'Neptune'}"
"Earth, Mars, Jupiter, Saturn, Neptune",Mars,True,35979.92888807836,19.339292767243716,0.12096123259094214,0.023035230352303523,32.0,32.0,"{'Mercury': 'Mars', 'Venus': 'Earth', 'Earth': 'Earth', 'Mars': 'Mars', 'Ceres': 'Mars', 'Jupiter': 'Jupiter', 'Saturn': 'Saturn', 'Uranus': 'Saturn', 'Neptune': 'Neptune'}"
"Mercury, Venus, Mars, Uranus",Uranus,True,35990.27446125826,47.55858178884834,0.2297210929673026,0.02168021680216802,40.0,24.0,"{'Mercury': 'Mercury', 'Venus': 'Venus', 'Earth': 'Venus', 'Mars': 'Mars', 'Ceres': 'Mars', 'Jupiter': 'Mars', 'Saturn': 'Venus', 'Uranus': 'Uranus', 'Neptune': 'Uranus'}"
"Mercury, Earth, Mars, Ceres, Neptune",Neptune,True,36153.68133348126,32.54468251516618,0.19342092088301682,0.01084010840108401,32.0,32.0,"{'Mercury': 'Mercury', 'Venus': 'Earth', 'Earth': 'Earth', 'Mars': 'Mars', 'Ceres': 'Ceres', 'Jupiter': 'Ceres', 'Saturn': 'Earth', 'Uranus': 'Ceres', 'Neptune': 'Neptune'}"
"Venus, Mars, Ceres, Jupiter, Uranus",Ceres,True,36198.80161515243,41.58463635517211,0.18221122023151223,0.02710027100271003,32.0,32.0,"{'Mercury': 'Mars', 'Venus': 'Venus', 'Earth': 'Venus', 'Mars': 'Mars', 'Ceres': 'Ceres', 'Jupiter': 'Jupiter', 'Saturn': 'Venus', 'Uranus': 'Uranus', 'Neptune': 'Uranus'}"
"Earth, Mars, Ceres, Saturn, Neptune",Saturn,True,36202.205023216695,21.8631128467945,0.13787537725796903,0.02032520325203252,32.0,32.0,"{'Mercury': 'Mars', 'Venus': 'Earth', 'Earth': 'Earth', 'Mars': 'Mars', 'Ceres': 'Ceres', 'Jupiter': 'Ceres', 'Saturn': 'Saturn', 'Uranus': 'Saturn', 'Neptune': 'Neptune'}"
"Venus, Mars, Ceres, Saturn, Neptune",Saturn,True,36218.55049584778,21.863115395611914,0.13787539969085313,0.02032520325203252,32.0,32.0,"{'Mercury': 'Mars', 'Venus': 'Venus', 'Earth': 'Venus', 'Mars': 'Mars', 'Ceres': 'Ceres', 'Jupiter': 'Ceres', 'Saturn': 'Saturn', 'Uranus': 'Saturn', 'Neptune': 'Neptune'}"
"Earth, Mars, Ceres, Uranus, Neptune",Ceres,True,36363.05945464451,16.194128094941757,0.1186864862606784,0.023035230352303523,32.0,32.0,"{'Mercury': 'Mars', 'Venus': 'Earth', 'Earth': 'Earth', 'Mars': 'Mars', 'Ceres': 'Ceres', 'Jupiter': 'Ceres', 'Saturn': 'Earth', 'Uranus': 'Uranus', 'Neptune': 'Neptune'}"
"Venus, Earth, Mars, Jupiter, Uranus",Uranus,True,36397.63291538181,43.25494052549497,0.19661887485658444,0.017615176151761516,32.0,32.0,"{'Mercury': 'Mars', 'Venus': 'Venus', 'Earth': 'Earth', 'Mars': 'Mars', 'Ceres': 'Mars', 'Jupiter': 'Jupiter', 'Saturn': 'Earth', 'Uranus': 'Uranus', 'Neptune': 'Uranus'}"
"Mercury, Venus, Mars, Jupiter, Uranus",Uranus,True,36406.07932880434,42.57412383447287,0.1914860137093528,0.017615176151761516,32.0,32.0,"{'Mercury': 'Mercury', 'Venus': 'Venus', 'Earth': 'Venus', 'Mars': 'Mars', 'Ceres': 'Mars', 'Jupiter': 'Jupiter', 'Saturn': 'Venus', 'Uranus': 'Uranus', 'Neptune': 'Uranus'}"
"Mercury, Ceres, Saturn, Neptune",Saturn,True,36528.38867525096,24.304039023226345,0.1584989180234441,0.023035230352303523,40.0,24.0,"{'Mercury': 'Mercury', 'Venus': 'Mercury', 'Earth': 'Ceres', 'Mars': 'Mercury', 'Ceres': 'Ceres', 'Jupiter': 'Ceres', 'Saturn': 'Saturn', 'Uranus': 'Saturn', 'Neptune': 'Neptune'}"
"Venus, Mars, Ceres, Neptune",Ceres,True,36580.58735691893,34.011388277063304,0.20590499150798125,0.02710027100271003,40.0,24.0,"{'Mercury': 'Mars', 'Venus': 'Venus', 'Earth': 'Venus', 'Mars': 'Mars', 'Ceres': 'Ceres', 'Jupiter': 'Ceres', 'Saturn': 'Venus', 'Uranus': 'Ceres', 'Neptune': 'Neptune'}"
"Venus, Mars, Ceres, Jupiter, Uranus",Venus,True,36808.99120948179,41.58463635517211,0.18221122023151223,0.02710027100271003,32.0,32.0,"{'Mercury': 'Mars', 'Venus': 'Venus', 'Earth': 'Venus', 'Mars': 'Mars', 'Ceres': 'Ceres', 'Jupiter': 'Jupiter', 'Saturn': 'Venus', 'Uranus': 'Uranus', 'Neptune': 'Uranus'}"
"Venus, Mars, Ceres, Jupiter, Uranus",Mars,True,36817.03774609025,41.58463635517211,0.18221122023151223,0.02710027100271003,32.0,32.0,"{'Mercury': 'Mars', 'Venus': 'Venus', 'Earth': 'Venus', 'Mars': 'Mars', 'Ceres': 'Ceres', 'Jupiter': 'Jupiter', 'Saturn': 'Venus', 'Uranus': 'Uranus', 'Neptune': 'Uranus'}"
"Mercury, Ceres, Jupiter, Uranus, Neptune",Ceres,True,36845.23331268517,14.014299190449183,0.10212006831203087,0.023035230352303523,32.0,32.0,"{'Mercury': 'Mercury', 'Venus': 'Mercury', 'Earth': 'Ceres', 'Mars': 'Mercury', 'Ceres': 'Ceres', 'Jupiter': 'Jupiter', 'Saturn': 'Ceres', 'Uranus': 'Uranus', 'Neptune': 'Neptune'}"
"Venus, Earth, Saturn, Uranus",Uranus,True,36892.02607203328,40.5152148789868,0.18290045532997096,0.02168021680216802,40.0,24.0,"{'Mercury': 'Venus', 'Venus': 'Venus', 'Earth': 'Earth', 'Mars': 'Earth', 'Ceres': 'Earth', 'Jupiter': 'Venus', 'Saturn': 'Saturn', 'Uranus': 'Uranus', 'Neptune': 'Saturn'}"
"Earth, Mars, Ceres, Uranus, Neptune",Earth,True,36939.71380991878,16.194128094941757,0.1186864862606784,0.023035230352303523,32.0,32.0,"{'Mercury': 'Mars', 'Venus': 'Earth', 'Earth': 'Earth', 'Mars': 'Mars', 'Ceres': 'Ceres', 'Jupiter': 'Ceres', 'Saturn': 'Earth', 'Uranus': 'Uranus', 'Neptune': 'Neptune'}"
"Earth, Mars, Ceres, Uranus, Neptune",Mars,True,36981.8019675543,16.194128094941757,0.1186864862606784,0.023035230352303523,32.0,32.0,"{'Mercury': 'Mars', 'Venus': 'Earth', 'Earth': 'Earth', 'Mars': 'Mars', 'Ceres': 'Ceres', 'Jupiter': 'Ceres', 'Saturn': 'Earth', 'Uranus': 'Uranus', 'Neptune': 'Neptune'}"
"Venus, Mars, Ceres, Neptune",Venus,True,36987.282446901896,34.011388277063304,0.20590499150798125,0.02710027100271003,40.0,24.0,"{'Mercury': 'Mars', 'Venus': 'Venus', 'Earth': 'Venus', 'Mars': 'Mars', 'Ceres': 'Ceres', 'Jupiter': 'Ceres', 'Saturn': 'Venus', 'Uranus': 'Ceres', 'Neptune': 'Neptune'}"
"Venus, Mars, Ceres, Neptune",Mars,True,37022.519788308295,34.011388277063304,0.20590499150798125,0.02710027100271003,40.0,24.0,"{'Mercury': 'Mars', 'Venus': 'Venus', 'Earth': 'Venus', 'Mars': 'Mars', 'Ceres': 'Ceres', 'Jupiter': 'Ceres', 'Saturn': 'Venus', 'Uranus': 'Ceres', 'Neptune': 'Neptune'}"
"Venus, Earth, Saturn, Uranus, Neptune",Earth,True,37069.31343572843,9.52164772136961,0.07888310828304218,0.02168021680216802,32.0,32.0,"{'Mercury': 'Venus', 'Venus': 'Venus', 'Earth': 'Earth', 'Mars': 'Earth', 'Ceres': 'Earth', 'Jupiter': 'Venus', 'Saturn': 'Saturn', 'Uranus': 'Uranus', 'Neptune': 'Neptune'}"
"Mercury, Ceres, Jupiter, Saturn, Neptune",Jupiter,True,37069.87562073946,19.043647977776118,0.1185891018682813,0.023035230352303523,32.0,32.0,"{'Mercury': 'Mercury', 'Venus': 'Mercury', 'Earth': 'Ceres', 'Mars': 'Mercury', 'Ceres': 'Ceres', 'Jupiter': 'Jupiter', 'Saturn': 'Saturn', 'Uranus': 'Saturn', 'Neptune': 'Neptune'}"
"Venus, Earth, Saturn, Uranus, Neptune",Venus,True,37121.38711064498,9.52164772136961,0.07888310828304218,0.02168021680216802,32.0,32.0,"{'Mercury': 'Venus', 'Venus': 'Venus', 'Earth': 'Earth', 'Mars': 'Earth', 'Ceres': 'Earth', 'Jupiter': 'Venus', 'Saturn': 'Saturn', 'Uranus': 'Uranus', 'Neptune': 'Neptune'}"
"Venus, Mars, Jupiter, Saturn, Neptune",Jupiter,True,37124.90929632247,19.339295323131356,0.12096125508605343,0.023035230352303523,32.0,32.0,"{'Mercury': 'Mars', 'Venus': 'Venus', 'Earth': 'Venus', 'Mars': 'Mars', 'Ceres': 'Mars', 'Jupiter': 'Jupiter', 'Saturn': 'Saturn', 'Uranus': 'Saturn', 'Neptune': 'Neptune'}"
"Earth, Mars, Ceres, Uranus",Uranus,True,37136.85257186832,47.030267494679265,0.22366788695054748,0.023035230352303523,40.0,24.0,"{'Mercury': 'Mars', 'Venus': 'Earth', 'Earth': 'Earth', 'Mars': 'Mars', 'Ceres': 'Ceres', 'Jupiter': 'Ceres', 'Saturn': 'Earth', 'Uranus': 'Uranus', 'Neptune': 'Uranus'}"
"Earth, Mars, Jupiter, Saturn, Neptune",Jupiter,True,37141.238621546094,19.339292767243716,0.12096123259094214,0.023035230352303523,32.0,32.0,"{'Mercury': 'Mars', 'Venus': 'Earth', 'Earth': 'Earth', 'Mars': 'Mars', 'Ceres': 'Mars', 'Jupiter': 'Jupiter', 'Saturn': 'Saturn', 'Uranus': 'Saturn', 'Neptune': 'Neptune'}"
"Mercury, Ceres, Jupiter, Uranus",Uranus,True,37532.03781462938,44.85043859018664,0.2071014690019002,0.023035230352303523,40.0,24.0,"{'Mercury': 'Mercury', 'Venus': 'Mercury', 'Earth': 'Ceres', 'Mars': 'Mercury', 'Ceres': 'Ceres', 'Jupiter': 'Jupiter', 'Saturn': 'Ceres', 'Uranus': 'Uranus', 'Neptune': 'Uranus'}"
"Mercury, Ceres, Jupiter, Uranus, Neptune",Mercury,True,37548.43038576307,14.014299190449183,0.10212006831203087,0.023035230352303523,32.0,32.0,"{'Mercury': 'Mercury', 'Venus': 'Mercury', 'Earth': 'Ceres', 'Mars': 'Mercury', 'Ceres': 'Ceres', 'Jupiter': 'Jupiter', 'Saturn': 'Ceres', 'Uranus': 'Uranus', 'Neptune': 'Neptune'}"
"Venus, Earth, Ceres, Jupiter, Uranus",Uranus,True,37555.496775259795,41.49151058725727,0.1819451063897992,0.018970189701897018,32.0,32.0,"{'Mercury': 'Venus', 'Venus': 'Venus', 'Earth': 'Earth', 'Mars': 'Earth', 'Ceres': 'Ceres', 'Jupiter': 'Jupiter', 'Saturn': 'Earth', 'Uranus': 'Uranus', 'Neptune': 'Uranus'}"
"Mercury, Ceres, Jupiter, Saturn, Uranus",Saturn,True,37601.427650597056,35.66199456128173,0.1445822253003165,0.023035230352303523,32.0,32.0,"{'Mercury': 'Mercury', 'Venus': 'Mercury', 'Earth': 'Ceres', 'Mars': 'Mercury', 'Ceres': 'Ceres', 'Jupiter': 'Jupiter', 'Saturn': 'Saturn', 'Uranus': 'Uranus', 'Neptune': 'Saturn'}"
"Mercury, Ceres, Saturn, Uranus, Neptune",Ceres,True,37665.073077134315,9.885831532113931,0.08033042624343667,0.023035230352303523,32.0,32.0,"{'Mercury': 'Mercury', 'Venus': 'Mercury', 'Earth': 'Ceres', 'Mars': 'Mercury', 'Ceres': 'Ceres', 'Jupiter': 'Ceres', 'Saturn': 'Saturn', 'Uranus': 'Uranus', 'Neptune': 'Neptune'}"
"Earth, Mars, Jupiter, Saturn, Uranus",Saturn,True,37750.13047897669,35.957639350749325,0.1469543560229773,0.023035230352303523,32.0,32.0,"{'Mercury': 'Mars', 'Venus': 'Earth', 'Earth': 'Earth', 'Mars': 'Mars', 'Ceres': 'Mars', 'Jupiter': 'Jupiter', 'Saturn': 'Saturn', 'Uranus': 'Uranus', 'Neptune': 'Saturn'}"
"Venus, Mars, Jupiter, Saturn, Uranus",Saturn,True,37766.47595167708,35.95764190663697,0.1469543785180886,0.023035230352303523,32.0,32.0,"{'Mercury': 'Mars', 'Venus': 'Venus', 'Earth': 'Venus', 'Mars': 'Mars', 'Ceres': 'Mars', 'Jupiter': 'Jupiter', 'Saturn': 'Saturn', 'Uranus': 'Uranus', 'Neptune': 'Saturn'}"
"Mercury, Mars, Ceres, Jupiter, Neptune",Neptune,True,37849.20272383114,30.000954997068643,0.17428043800532056,0.012195121951219513,32.0,32.0,"{'Mercury': 'Mercury', 'Venus': 'Mars', 'Earth': 'Mars', 'Mars': 'Mars', 'Ceres': 'Ceres', 'Jupiter': 'Jupiter', 'Saturn': 'Ceres', 'Uranus': 'Ceres', 'Neptune': 'Neptune'}"
"Venus, Mars, Ceres, Jupiter, Neptune",Ceres,True,37950.33819446452,28.729017881840974,0.16582842124632075,0.02710027100271003,32.0,32.0,"{'Mercury': 'Mars', 'Venus': 'Venus', 'Earth': 'Venus', 'Mars': 'Mars', 'Ceres': 'Ceres', 'Jupiter': 'Jupiter', 'Saturn': 'Venus', 'Uranus': 'Ceres', 'Neptune': 'Neptune'}"
"Mercury, Ceres, Saturn, Uranus",Uranus,True,38075.704642329074,40.92238560673198,0.18449204145547937,0.023035230352303523,40.0,24.0,"{'Mercury': 'Mercury', 'Venus': 'Mercury', 'Earth': 'Ceres', 'Mars': 'Mercury', 'Ceres': 'Ceres', 'Jupiter': 'Ceres', 'Saturn': 'Saturn', 'Uranus': 'Uranus', 'Neptune': 'Saturn'}"
"Venus, Mars, Ceres, Jupiter, Uranus",Jupiter,True,38095.86265134167,41.58463635517211,0.18221122023151223,0.02710027100271003,32.0,32.0,"{'Mercury': 'Mars', 'Venus': 'Venus', 'Earth': 'Venus', 'Mars': 'Mars', 'Ceres': 'Ceres', 'Jupiter': 'Jupiter', 'Saturn': 'Venus', 'Uranus': 'Uranus', 'Neptune': 'Uranus'}"
"Mercury, Ceres, Saturn, Uranus, Neptune",Mercury,True,38309.210672991656,9.885831532113931,0.08033042624343667,0.023035230352303523,32.0,32.0,"{'Mercury': 'Mercury', 'Venus': 'Mercury', 'Earth': 'Ceres', 'Mars': 'Mercury', 'Ceres': 'Ceres', 'Jupiter': 'Ceres', 'Saturn': 'Saturn', 'Uranus': 'Uranus', 'Neptune': 'Neptune'}"
"Venus, Earth, Ceres, Neptune",Neptune,True,38352.65784485799,33.98102423355269,0.20544252044574504,0.018970189701897018,40.0,24.0,"{'Mercury': 'Venus', 'Venus': 'Venus', 'Earth': 'Earth', 'Mars': 'Earth', 'Ceres': 'Ceres', 'Jupiter': 'Ceres', 'Saturn': 'Earth', 'Uranus': 'Ceres', 'Neptune': 'Neptune'}"
"Mercury, Mars, Ceres, Saturn, Neptune",Neptune,True,38456.18463955328,22.341668270145988,0.1423468446114945,0.012195121951219513,32.0,32.0,"{'Mercury': 'Mercury', 'Venus': 'Mars', 'Earth': 'Mars', 'Mars': 'Mars', 'Ceres': 'Ceres', 'Jupiter': 'Ceres', 'Saturn': 'Saturn', 'Uranus': 'Saturn', 'Neptune': 'Neptune'}"
"Venus, Mars, Ceres, Jupiter, Neptune",Venus,True,38529.88895182048,28.729017881840974,0.16582842124632075,0.02710027100271003,32.0,32.0,"{'Mercury': 'Mars', 'Venus': 'Venus', 'Earth': 'Venus', 'Mars': 'Mars', 'Ceres': 'Ceres', 'Jupiter': 'Jupiter', 'Saturn': 'Venus', 'Uranus': 'Ceres', 'Neptune': 'Neptune'}"
"Venus, Mars, Ceres, Jupiter, Neptune",Mars,True,38571.82581209934,28.729017881840974,0.16582842124632075,0.02710027100271003,32.0,32.0,"{'Mercury': 'Mars', 'Venus': 'Venus', 'Earth': 'Venus', 'Mars': 'Mars', 'Ceres': 'Ceres', 'Jupiter': 'Jupiter', 'Saturn': 'Venus', 'Uranus': 'Ceres', 'Neptune': 'Neptune'}"
"Venus, Mars, Jupiter, Uranus",Mars,True,38613.572859225314,44.39540550800767,0.20549131915454724,0.02981029810298103,40.0,24.0,"{'Mercury': 'Mars', 'Venus': 'Venus', 'Earth': 'Venus', 'Mars': 'Mars', 'Ceres': 'Mars', 'Jupiter': 'Jupiter', 'Saturn': 'Venus', 'Uranus': 'Uranus', 'Neptune': 'Uranus'}"
"Venus, Mars, Jupiter, Uranus",Venus,True,38618.74023554829,44.39540550800767,0.20549131915454724,0.02981029810298103,40.0,24.0,"{'Mercury': 'Mars', 'Venus': 'Venus', 'Earth': 'Venus', 'Mars': 'Mars', 'Ceres': 'Mars', 'Jupiter': 'Jupiter', 'Saturn': 'Venus', 'Uranus': 'Uranus', 'Neptune': 'Uranus'}"
"Mercury, Ceres, Jupiter, Uranus, Neptune",Jupiter,True,38700.12335736437,14.014299190449183,0.10212006831203087,0.023035230352303523,32.0,32.0,"{'Mercury': 'Mercury', 'Venus': 'Mercury', 'Earth': 'Ceres', 'Mars': 'Mercury', 'Ceres': 'Ceres', 'Jupiter': 'Jupiter', 'Saturn': 'Ceres', 'Uranus': 'Uranus', 'Neptune': 'Neptune'}"
"Mercury, Ceres, Jupiter, Saturn, Neptune",Saturn,True,39355.55250058269,19.043647977776118,0.1185891018682813,0.023035230352303523,32.0,32.0,"{'Mercury': 'Mercury', 'Venus': 'Mercury', 'Earth': 'Ceres', 'Mars': 'Mercury', 'Ceres': 'Ceres', 'Jupiter': 'Jupiter', 'Saturn': 'Saturn', 'Uranus': 'Saturn', 'Neptune': 'Neptune'}"
"Venus, Mars, Jupiter, Uranus",Jupiter,True,39416.881922757544,44.39540550800767,0.20549131915454724,0.02981029810298103,40.0,24.0,"{'Mercury': 'Mars', 'Venus': 'Venus', 'Earth': 'Venus', 'Mars': 'Mars', 'Ceres': 'Mars', 'Jupiter': 'Jupiter', 'Saturn': 'Venus', 'Uranus': 'Uranus', 'Neptune': 'Uranus'}"
"Earth, Mars, Ceres, Saturn, Uranus",Uranus,True,39452.62876661427,38.43548890033192,0.1637965971673706,0.02032520325203252,32.0,32.0,"{'Mercury': 'Mars', 'Venus': 'Earth', 'Earth': 'Earth', 'Mars': 'Mars', 'Ceres': 'Ceres', 'Jupiter': 'Ceres', 'Saturn': 'Saturn', 'Uranus': 'Uranus', 'Neptune': 'Saturn'}"
"Venus, Mars, Ceres, Saturn, Uranus",Uranus,True,39471.05454115961,38.43549144914933,0.16379661960025468,0.02032520325203252,32.0,32.0,"{'Mercury': 'Mars', 'Venus': 'Venus', 'Earth': 'Venus', 'Mars': 'Mars', 'Ceres': 'Ceres', 'Jupiter': 'Ceres', 'Saturn': 'Saturn', 'Uranus': 'Uranus', 'Neptune': 'Saturn'}"
"Earth, Mars, Jupiter, Saturn, Neptune",Saturn,True,39504.25532896233,19.339292767243716,0.12096123259094214,0.023035230352303523,32.0,32.0,"{'Mercury': 'Mars', 'Venus': 'Earth', 'Earth': 'Earth', 'Mars': 'Mars', 'Ceres': 'Mars', 'Jupiter': 'Jupiter', 'Saturn': 'Saturn', 'Uranus': 'Saturn', 'Neptune': 'Neptune'}"
"Venus, Mars, Jupiter, Saturn, Neptune",Saturn,True,39520.60080166272,19.339295323131356,0.12096125508605343,0.023035230352303523,32.0,32.0,"{'Mercury': 'Mars', 'Venus': 'Venus', 'Earth': 'Venus', 'Mars': 'Mars', 'Ceres': 'Mars', 'Jupiter': 'Jupiter', 'Saturn': 'Saturn', 'Uranus': 'Saturn', 'Neptune': 'Neptune'}"
"Mercury, Mars, Ceres, Uranus, Neptune",Neptune,True,39580.52860172762,17.367511239058583,0.12605854119029208,0.012195121951219513,32.0,32.0,"{'Mercury': 'Mercury', 'Venus': 'Mars', 'Earth': 'Mars', 'Mars': 'Mars', 'Ceres': 'Ceres', 'Jupiter': 'Ceres', 'Saturn': 'Ceres', 'Uranus': 'Uranus', 'Neptune': 'Neptune'}"
"Mercury, Earth, Ceres, Saturn, Neptune",Neptune,True,39780.838900354145,21.915877286438768,0.1385910475358972,0.013550135501355014,32.0,32.0,"{'Mercury': 'Mercury', 'Venus': 'Earth', 'Earth': 'Earth', 'Mars': 'Earth', 'Ceres': 'Ceres', 'Jupiter': 'Ceres', 'Saturn': 'Saturn', 'Uranus': 'Saturn', 'Neptune': 'Neptune'}"
"Venus, Mars, Ceres, Jupiter, Neptune",Jupiter,True,39786.9742093465,28.729017881840974,0.16582842124632075,0.02710027100271003,32.0,32.0,"{'Mercury': 'Mars', 'Venus': 'Venus', 'Earth': 'Venus', 'Mars': 'Mars', 'Ceres': 'Ceres', 'Jupiter': 'Jupiter', 'Saturn': 'Venus', 'Uranus': 'Ceres', 'Neptune': 'Neptune'}"
"Mercury, Earth, Mars, Uranus, Neptune",Uranus,True,39809.86965097671,17.05207111892174,0.126660623644474,0.017615176151761516,32.0,32.0,"{'Mercury': 'Mercury', 'Venus': 'Earth', 'Earth': 'Earth', 'Mars': 'Mars', 'Ceres': 'Mars', 'Jupiter': 'Mars', 'Saturn': 'Earth', 'Uranus': 'Uranus', 'Neptune': 'Neptune'}"
"Venus, Earth, Mars, Ceres, Neptune",Neptune,True,40186.65607476665,33.002611169438545,0.1970518344691863,0.014905149051490514,32.0,32.0,"{'Mercury': 'Mars', 'Venus': 'Venus', 'Earth': 'Earth', 'Mars': 'Mars', 'Ceres': 'Ceres', 'Jupiter': 'Ceres', 'Saturn': 'Earth', 'Uranus': 'Ceres', 'Neptune': 'Neptune'}"
"Mercury, Venus, Mars, Ceres, Neptune",Neptune,True,40221.15220587934,32.323667426672344,0.19193309398535838,0.014905149051490514,32.0,32.0,"{'Mercury': 'Mercury', 'Venus': 'Venus', 'Earth': 'Venus', 'Mars': 'Mars', 'Ceres': 'Ceres', 'Jupiter': 'Ceres', 'Saturn': 'Venus', 'Uranus': 'Ceres', 'Neptune': 'Neptune'}"
"Earth, Mars, Jupiter, Uranus, Neptune",Earth,True,40299.24683270632,13.647518572188181,0.10167191590334744,0.025745257452574527,32.0,32.0,"{'Mercury': 'Mars', 'Venus': 'Earth', 'Earth': 'Earth', 'Mars': 'Mars', 'Ceres': 'Mars', 'Jupiter': 'Jupiter', 'Saturn': 'Earth', 'Uranus': 'Uranus', 'Neptune': 'Neptune'}"
"Venus, Earth, Saturn, Uranus, Neptune",Saturn,True,40326.972663517925,9.52164772136961,0.07888310828304218,0.02168021680216802,32.0,32.0,"{'Mercury': 'Venus', 'Venus': 'Venus', 'Earth': 'Earth', 'Mars': 'Earth', 'Ceres': 'Earth', 'Jupiter': 'Venus', 'Saturn': 'Saturn', 'Uranus': 'Uranus', 'Neptune': 'Neptune'}"
"Earth, Mars, Jupiter, Uranus, Neptune",Mars,True,40327.349997181336,13.647518572188181,0.10167191590334744,0.025745257452574527,32.0,32.0,"{'Mercury': 'Mars', 'Venus': 'Earth', 'Earth': 'Earth', 'Mars': 'Mars', 'Ceres': 'Mars', 'Jupiter': 'Jupiter', 'Saturn': 'Earth', 'Uranus': 'Uranus', 'Neptune': 'Neptune'}"
"Earth, Mars, Jupiter, Uranus",Uranus,True,40408.08017812604,44.56943304675105,0.20694533717928026,0.025745257452574527,40.0,24.0,"{'Mercury': 'Mars', 'Venus': 'Earth', 'Earth': 'Earth', 'Mars': 'Mars', 'Ceres': 'Mars', 'Jupiter': 'Jupiter', 'Saturn': 'Earth', 'Uranus': 'Uranus', 'Neptune': 'Uranus'}"
"Venus, Mars, Ceres, Uranus, Neptune",Ceres,True,40417.12366627263,15.902025542580066,0.11686774885334612,0.02710027100271003,32.0,32.0,"{'Mercury': 'Mars', 'Venus': 'Venus', 'Earth': 'Venus', 'Mars': 'Mars', 'Ceres': 'Ceres', 'Jupiter': 'Ceres', 'Saturn': 'Venus', 'Uranus': 'Uranus', 'Neptune': 'Neptune'}"
"Venus, Earth, Ceres, Uranus, Neptune",Uranus,True,40977.788567382646,16.02173909079169,0.11714315549266749,0.018970189701897018,32.0,32.0,"{'Mercury': 'Venus', 'Venus': 'Venus', 'Earth': 'Earth', 'Mars': 'Earth', 'Ceres': 'Ceres', 'Jupiter': 'Ceres', 'Saturn': 'Earth', 'Uranus': 'Uranus', 'Neptune': 'Neptune'}"
"Venus, Mars, Ceres, Uranus, Neptune",Venus,True,41016.40789561794,15.902025542580066,0.11686774885334612,0.02710027100271003,32.0,32.0,"{'Mercury': 'Mars', 'Venus': 'Venus', 'Earth': 'Venus', 'Mars': 'Mars', 'Ceres': 'Ceres', 'Jupiter': 'Ceres', 'Saturn': 'Venus', 'Uranus': 'Uranus', 'Neptune': 'Neptune'}"
"Venus, Mars, Ceres, Uranus, Neptune",Mars,True,41039.77251373269,15.902025542580066,0.11686774885334612,0.02710027100271003,32.0,32.0,"{'Mercury': 'Mars', 'Venus': 'Venus', 'Earth': 'Venus', 'Mars': 'Mars', 'Ceres': 'Ceres', 'Jupiter': 'Ceres', 'Saturn': 'Venus', 'Uranus': 'Uranus', 'Neptune': 'Neptune'}"
"Mercury, Venus, Ceres, Saturn, Neptune",Neptune,True,41139.601698928935,21.87629934142424,0.1382408099424768,0.014905149051490514,32.0,32.0,"{'Mercury': 'Mercury', 'Venus': 'Venus', 'Earth': 'Venus', 'Mars': 'Venus', 'Ceres': 'Ceres', 'Jupiter': 'Ceres', 'Saturn': 'Saturn', 'Uranus': 'Saturn', 'Neptune': 'Neptune'}"
"Venus, Mars, Ceres, Uranus",Uranus,True,41218.77561463682,46.86700675039447,0.22228779049317268,0.02710027100271003,40.0,24.0,"{'Mercury': 'Mars', 'Venus': 'Venus', 'Earth': 'Venus', 'Mars': 'Mars', 'Ceres': 'Ceres', 'Jupiter': 'Ceres', 'Saturn': 'Venus', 'Uranus': 'Uranus', 'Neptune': 'Uranus'}"
"Mercury, Earth, Mars, Saturn, Neptune",Neptune,True,41327.718030454904,22.687504529570393,0.1457219990451253,0.014905149051490514,32.0,32.0,"{'Mercury': 'Mercury', 'Venus': 'Earth', 'Earth': 'Earth', 'Mars': 'Mars', 'Ceres': 'Mars', 'Jupiter': 'Mars', 'Saturn': 'Saturn', 'Uranus': 'Saturn', 'Neptune': 'Neptune'}"
"Mercury, Venus, Mars, Saturn, Neptune",Neptune,True,41331.85711927689,22.687507064364056,0.14572202135458226,0.014905149051490514,32.0,32.0,"{'Mercury': 'Mercury', 'Venus': 'Venus', 'Earth': 'Venus', 'Mars': 'Mars', 'Ceres': 'Mars', 'Jupiter': 'Mars', 'Saturn': 'Saturn', 'Uranus': 'Saturn', 'Neptune': 'Neptune'}"
"Earth, Mars, Jupiter, Uranus, Neptune",Jupiter,True,41478.03074990294,13.647518572188181,0.10167191590334744,0.025745257452574527,32.0,32.0,"{'Mercury': 'Mars', 'Venus': 'Earth', 'Earth': 'Earth', 'Mars': 'Mars', 'Ceres': 'Mars', 'Jupiter': 'Jupiter', 'Saturn': 'Earth', 'Uranus': 'Uranus', 'Neptune': 'Neptune'}"
"Mercury, Ceres, Saturn, Uranus, Neptune",Saturn,True,41530.094838426274,9.885831532113931,0.08033042624343667,0.023035230352303523,32.0,32.0,"{'Mercury': 'Mercury', 'Venus': 'Mercury', 'Earth': 'Ceres', 'Mars': 'Mercury', 'Ceres': 'Ceres', 'Jupiter': 'Ceres', 'Saturn': 'Saturn', 'Uranus': 'Uranus', 'Neptune': 'Neptune'}"
"Earth, Mars, Ceres, Jupiter, Uranus",Uranus,True,41615.747419832616,41.769876449228974,0.18375807079538484,0.023035230352303523,32.0,32.0,"{'Mercury': 'Mars', 'Venus': 'Earth', 'Earth': 'Earth', 'Mars': 'Mars', 'Ceres': 'Ceres', 'Jupiter': 'Jupiter', 'Saturn': 'Earth', 'Uranus': 'Uranus', 'Neptune': 'Uranus'}"
"Mercury, Earth, Mars, Jupiter, Neptune",Neptune,True,42071.73380872154,29.36904835579119,0.17461747919291565,0.016260162601626018,32.0,32.0,"{'Mercury': 'Mercury', 'Venus': 'Earth', 'Earth': 'Earth', 'Mars': 'Mars', 'Ceres': 'Mars', 'Jupiter': 'Jupiter', 'Saturn': 'Earth', 'Uranus': 'Mars', 'Neptune': 'Neptune'}"
"Venus, Earth, Saturn, Neptune",Neptune,True,42170.67676569027,23.919885396012344,0.15694333345393582,0.02168021680216802,40.0,24.0,"{'Mercury': 'Venus', 'Venus': 'Venus', 'Earth': 'Earth', 'Mars': 'Earth', 'Ceres': 'Earth', 'Jupiter': 'Venus', 'Saturn': 'Saturn', 'Uranus': 'Saturn', 'Neptune': 'Neptune'}"
"Earth, Mars, Ceres, Neptune",Neptune,True,42441.89498263979,34.22813980556445,0.20735325495142473,0.023035230352303523,40.0,24.0,"{'Mercury': 'Mars', 'Venus': 'Earth', 'Earth': 'Earth', 'Mars': 'Mars', 'Ceres': 'Ceres', 'Jupiter': 'Ceres', 'Saturn': 'Earth', 'Uranus': 'Ceres', 'Neptune': 'Neptune'}"
"Venus, Earth, Ceres, Saturn, Neptune",Neptune,True,42452.12910277978,21.667773186656472,0.1362570051518646,0.016260162601626018,32.0,32.0,"{'Mercury': 'Venus', 'Venus': 'Venus', 'Earth': 'Earth', 'Mars': 'Earth', 'Ceres': 'Ceres', 'Jupiter': 'Ceres', 'Saturn': 'Saturn', 'Uranus': 'Saturn', 'Neptune': 'Neptune'}"
"Mercury, Ceres, Jupiter, Saturn, Uranus",Uranus,True,42554.59949029336,35.66199456128173,0.1445822253003165,0.023035230352303523,32.0,32.0,"{'Mercury': 'Mercury', 'Venus': 'Mercury', 'Earth': 'Ceres', 'Mars': 'Mercury', 'Ceres': 'Ceres', 'Jupiter': 'Jupiter', 'Saturn': 'Saturn', 'Uranus': 'Uranus', 'Neptune': 'Saturn'}"
"Mercury, Venus, Earth, Saturn, Neptune",Neptune,True,42665.288527460274,23.1496872420655,0.1498554005000984,0.016260162601626018,32.0,32.0,"{'Mercury': 'Mercury', 'Venus': 'Venus', 'Earth': 'Earth', 'Mars': 'Earth', 'Ceres': 'Earth', 'Jupiter': 'Mercury', 'Saturn': 'Saturn', 'Uranus': 'Saturn', 'Neptune': 'Neptune'}"
"Earth, Mars, Jupiter, Saturn, Uranus",Uranus,True,42723.7196663972,35.957639350749325,0.1469543560229773,0.023035230352303523,32.0,32.0,"{'Mercury': 'Mars', 'Venus': 'Earth', 'Earth': 'Earth', 'Mars': 'Mars', 'Ceres': 'Mars', 'Jupiter': 'Jupiter', 'Saturn': 'Saturn', 'Uranus': 'Uranus', 'Neptune': 'Saturn'}"
"Venus, Mars, Jupiter, Saturn, Uranus",Uranus,True,42742.145441011846,35.95764190663697,0.1469543785180886,0.023035230352303523,32.0,32.0,"{'Mercury': 'Mars', 'Venus': 'Venus', 'Earth': 'Venus', 'Mars': 'Mars', 'Ceres': 'Mars', 'Jupiter': 'Jupiter', 'Saturn': 'Saturn', 'Uranus': 'Uranus', 'Neptune': 'Saturn'}"
"Venus, Earth, Jupiter, Saturn, Neptune",Neptune,True,42952.737229798084,19.11597683921898,0.11943957796987165,0.016260162601626018,32.0,32.0,"{'Mercury': 'Venus', 'Venus': 'Venus', 'Earth': 'Earth', 'Mars': 'Earth', 'Ceres': 'Earth', 'Jupiter': 'Jupiter', 'Saturn': 'Saturn', 'Uranus': 'Saturn', 'Neptune': 'Neptune'}"
"Mercury, Ceres, Saturn, Neptune",Neptune,True,43405.999505446474,24.304039023226345,0.1584989180234441,0.023035230352303523,40.0,24.0,"{'Mercury': 'Mercury', 'Venus': 'Mercury', 'Earth': 'Ceres', 'Mars': 'Mercury', 'Ceres': 'Ceres', 'Jupiter': 'Ceres', 'Saturn': 'Saturn', 'Uranus': 'Saturn', 'Neptune': 'Neptune'}"
"Mercury, Venus, Mars, Uranus, Neptune",Uranus,True,43891.27360378642,16.765151723459475,0.12488509587949727,0.02168021680216802,32.0,32.0,"{'Mercury': 'Mercury', 'Venus': 'Venus', 'Earth': 'Venus', 'Mars': 'Mars', 'Ceres': 'Mars', 'Jupiter': 'Mars', 'Saturn': 'Venus', 'Uranus': 'Uranus', 'Neptune': 'Neptune'}"
"Venus, Mars, Jupiter, Uranus, Neptune",Venus,True,44368.38246285205,13.34392993927763,0.09977680812466505,0.02981029810298103,32.0,32.0,"{'Mercury': 'Mars', 'Venus': 'Venus', 'Earth': 'Venus', 'Mars': 'Mars', 'Ceres': 'Mars', 'Jupiter': 'Jupiter', 'Saturn': 'Venus', 'Uranus': 'Uranus', 'Neptune': 'Neptune'}"
"Venus, Mars, Jupiter, Uranus, Neptune",Mars,True,44385.232686907824,13.34392993927763,0.09977680812466505,0.02981029810298103,32.0,32.0,"{'Mercury': 'Mars', 'Venus': 'Venus', 'Earth': 'Venus', 'Mars': 'Mars', 'Ceres': 'Mars', 'Jupiter': 'Jupiter', 'Saturn': 'Venus', 'Uranus': 'Uranus', 'Neptune': 'Neptune'}"
"Venus, Mars, Jupiter, Uranus",Uranus,True,44489.918532532705,44.39540550800767,0.20549131915454724,0.02981029810298103,40.0,24.0,"{'Mercury': 'Mars', 'Venus': 'Venus', 'Earth': 'Venus', 'Mars': 'Mars', 'Ceres': 'Mars', 'Jupiter': 'Jupiter', 'Saturn': 'Venus', 'Uranus': 'Uranus', 'Neptune': 'Uranus'}"
"Venus, Earth, Ceres, Jupiter, Neptune",Neptune,True,44552.09713571491,28.74243038856701,0.16569807645697116,0.018970189701897018,32.0,32.0,"{'Mercury': 'Venus', 'Venus': 'Venus', 'Earth': 'Earth', 'Mars': 'Earth', 'Ceres': 'Ceres', 'Jupiter': 'Jupiter', 'Saturn': 'Earth', 'Uranus': 'Ceres', 'Neptune': 'Neptune'}"
"Venus, Earth, Saturn, Uranus, Neptune",Uranus,True,44793.643727510076,9.52164772136961,0.07888310828304218,0.02168021680216802,32.0,32.0,"{'Mercury': 'Venus', 'Venus': 'Venus', 'Earth': 'Earth', 'Mars': 'Earth', 'Ceres': 'Earth', 'Jupiter': 'Venus', 'Saturn': 'Saturn', 'Uranus': 'Uranus', 'Neptune': 'Neptune'}"
"Earth, Mars, Ceres, Uranus, Neptune",Uranus,True,45037.663601460066,16.194128094941757,0.1186864862606784,0.023035230352303523,32.0,32.0,"{'Mercury': 'Mars', 'Venus': 'Earth', 'Earth': 'Earth', 'Mars': 'Mars', 'Ceres': 'Ceres', 'Jupiter': 'Ceres', 'Saturn': 'Earth', 'Uranus': 'Uranus', 'Neptune': 'Neptune'}"
"Mercury, Earth, Mars, Uranus, Neptune",Neptune,True,45158.654744541236,17.05207111892174,0.126660623644474,0.017615176151761516,32.0,32.0,"{'Mercury': 'Mercury', 'Venus': 'Earth', 'Earth': 'Earth', 'Mars': 'Mars', 'Ceres': 'Mars', 'Jupiter': 'Mars', 'Saturn': 'Earth', 'Uranus': 'Uranus', 'Neptune': 'Neptune'}"
"Mercury, Ceres, Jupiter, Uranus, Neptune",Uranus,True,45432.84884422113,14.014299190449183,0.10212006831203087,0.023035230352303523,32.0,32.0,"{'Mercury': 'Mercury', 'Venus': 'Mercury', 'Earth': 'Ceres', 'Mars': 'Mercury', 'Ceres': 'Ceres', 'Jupiter': 'Jupiter', 'Saturn': 'Ceres', 'Uranus': 'Uranus', 'Neptune': 'Neptune'}"
"Venus, Mars, Jupiter, Uranus, Neptune",Jupiter,True,45524.54335362321,13.34392993927763,0.09977680812466505,0.02981029810298103,32.0,32.0,"{'Mercury': 'Mars', 'Venus': 'Venus', 'Earth': 'Venus', 'Mars': 'Mars', 'Ceres': 'Mars', 'Jupiter': 'Jupiter', 'Saturn': 'Venus', 'Uranus': 'Uranus', 'Neptune': 'Neptune'}"
"Venus, Mars, Ceres, Jupiter, Uranus",Uranus,True,45697.481729144834,41.58463635517211,0.18221122023151223,0.02710027100271003,32.0,32.0,"{'Mercury': 'Mars', 'Venus': 'Venus', 'Earth': 'Venus', 'Mars': 'Mars', 'Ceres': 'Ceres', 'Jupiter': 'Jupiter', 'Saturn': 'Venus', 'Uranus': 'Uranus', 'Neptune': 'Uranus'}"
"Mercury, Ceres, Saturn, Uranus, Neptune",Uranus,True,45977.13504272377,9.885831532113931,0.08033042624343667,0.023035230352303523,32.0,32.0,"{'Mercury': 'Mercury', 'Venus': 'Mercury', 'Earth': 'Ceres', 'Mars': 'Mercury', 'Ceres': 'Ceres', 'Jupiter': 'Ceres', 'Saturn': 'Saturn', 'Uranus': 'Uranus', 'Neptune': 'Neptune'}"
"Mercury, Venus, Mars, Jupiter, Neptune",Neptune,True,46139.10402746056,29.13363359533041,0.17304339830817436,0.02032520325203252,32.0,32.0,"{'Mercury': 'Mercury', 'Venus': 'Venus', 'Earth': 'Venus', 'Mars': 'Mars', 'Ceres': 'Mars', 'Jupiter': 'Jupiter', 'Saturn': 'Venus', 'Uranus': 'Mars', 'Neptune': 'Neptune'}"
"Venus, Earth, Ceres, Uranus, Neptune",Neptune,True,46283.00274192235,16.02173909079169,0.11714315549266749,0.018970189701897018,32.0,32.0,"{'Mercury': 'Venus', 'Venus': 'Venus', 'Earth': 'Earth', 'Mars': 'Earth', 'Ceres': 'Ceres', 'Jupiter': 'Ceres', 'Saturn': 'Earth', 'Uranus': 'Uranus', 'Neptune': 'Neptune'}"
"Venus, Mars, Ceres, Neptune",Neptune,True,46509.40968205208,34.011388277063304,0.20590499150798125,0.02710027100271003,40.0,24.0,"{'Mercury': 'Mars', 'Venus': 'Venus', 'Earth': 'Venus', 'Mars': 'Mars', 'Ceres': 'Ceres', 'Jupiter': 'Ceres', 'Saturn': 'Venus', 'Uranus': 'Ceres', 'Neptune': 'Neptune'}"
"Earth, Mars, Ceres, Saturn, Neptune",Neptune,True,46541.02210225012,21.8631128467945,0.13787537725796903,0.02032520325203252,32.0,32.0,"{'Mercury': 'Mars', 'Venus': 'Earth', 'Earth': 'Earth', 'Mars': 'Mars', 'Ceres': 'Ceres', 'Jupiter': 'Ceres', 'Saturn': 'Saturn', 'Uranus': 'Saturn', 'Neptune': 'Neptune'}"
"Venus, Mars, Ceres, Saturn, Neptune",Neptune,True,46545.161191209554,21.863115395611914,0.13787539969085313,0.02032520325203252,32.0,32.0,"{'Mercury': 'Mars', 'Venus': 'Venus', 'Earth': 'Venus', 'Mars': 'Mars', 'Ceres': 'Ceres', 'Jupiter': 'Ceres', 'Saturn': 'Saturn', 'Uranus': 'Saturn', 'Neptune': 'Neptune'}"
"Earth, Mars, Jupiter, Uranus, Neptune",Uranus,True,48308.51341205689,13.647518572188181,0.10167191590334744,0.025745257452574527,32.0,32.0,"{'Mercury': 'Mars', 'Venus': 'Earth', 'Earth': 'Earth', 'Mars': 'Mars', 'Ceres': 'Mars', 'Jupiter': 'Jupiter', 'Saturn': 'Earth', 'Uranus': 'Uranus', 'Neptune': 'Neptune'}"
"Earth, Mars, Ceres, Jupiter, Neptune",Neptune,True,48641.14710412985,28.967748760114205,0.1674434387962621,0.023035230352303523,32.0,32.0,"{'Mercury': 'Mars', 'Venus': 'Earth', 'Earth': 'Earth', 'Mars': 'Mars', 'Ceres': 'Ceres', 'Jupiter': 'Jupiter', 'Saturn': 'Earth', 'Uranus': 'Ceres', 'Neptune': 'Neptune'}"
"Venus, Mars, Ceres, Uranus, Neptune",Uranus,True,49119.01916147053,15.902025542580066,0.11686774885334612,0.02710027100271003,32.0,32.0,"{'Mercury': 'Mars', 'Venus': 'Venus', 'Earth': 'Venus', 'Mars': 'Mars', 'Ceres': 'Ceres', 'Jupiter': 'Ceres', 'Saturn': 'Venus', 'Uranus': 'Uranus', 'Neptune': 'Neptune'}"
"Mercury, Venus, Mars, Uranus, Neptune",Neptune,True,49225.77201176504,16.765151723459475,0.12488509587949727,0.02168021680216802,32.0,32.0,"{'Mercury': 'Mercury', 'Venus': 'Venus', 'Earth': 'Venus', 'Mars': 'Mars', 'Ceres': 'Mars', 'Jupiter': 'Mars', 'Saturn': 'Venus', 'Uranus': 'Uranus', 'Neptune': 'Neptune'}"
"Mercury, Ceres, Jupiter, Saturn, Neptune",Neptune,True,49605.251626936544,19.043647977776118,0.1185891018682813,0.023035230352303523,32.0,32.0,"{'Mercury': 'Mercury', 'Venus': 'Mercury', 'Earth': 'Ceres', 'Mars': 'Mercury', 'Ceres': 'Ceres', 'Jupiter': 'Jupiter', 'Saturn': 'Saturn', 'Uranus': 'Saturn', 'Neptune': 'Neptune'}"
"Earth, Mars, Jupiter, Saturn, Neptune",Neptune,True,49751.58858832229,19.339292767243716,0.12096123259094214,0.023035230352303523,32.0,32.0,"{'Mercury': 'Mars', 'Venus': 'Earth', 'Earth': 'Earth', 'Mars': 'Mars', 'Ceres': 'Mars', 'Jupiter': 'Jupiter', 'Saturn': 'Saturn', 'Uranus': 'Saturn', 'Neptune': 'Neptune'}"
"Venus, Mars, Jupiter, Saturn, Neptune",Neptune,True,49755.72767735102,19.339295323131356,0.12096125508605343,0.023035230352303523,32.0,32.0,"{'Mercury': 'Mars', 'Venus': 'Venus', 'Earth': 'Venus', 'Mars': 'Mars', 'Ceres': 'Mars', 'Jupiter': 'Jupiter', 'Saturn': 'Saturn', 'Uranus': 'Saturn', 'Neptune': 'Neptune'}"
"Venus, Earth, Saturn, Uranus, Neptune",Neptune,True,50114.821850004926,9.52164772136961,0.07888310828304218,0.02168021680216802,32.0,32.0,"{'Mercury': 'Venus', 'Venus': 'Venus', 'Earth': 'Earth', 'Mars': 'Earth', 'Ceres': 'Earth', 'Jupiter': 'Venus', 'Saturn': 'Saturn', 'Uranus': 'Uranus', 'Neptune': 'Neptune'}"
"Earth, Mars, Ceres, Uranus, Neptune",Neptune,True,50371.79774939862,16.194128094941757,0.1186864862606784,0.023035230352303523,32.0,32.0,"{'Mercury': 'Mars', 'Venus': 'Earth', 'Earth': 'Earth', 'Mars': 'Mars', 'Ceres': 'Ceres', 'Jupiter': 'Ceres', 'Saturn': 'Earth', 'Uranus': 'Uranus', 'Neptune': 'Neptune'}"
"Mercury, Ceres, Jupiter, Uranus, Neptune",Neptune,True,50729.35966721959,14.014299190449183,0.10212006831203087,0.023035230352303523,32.0,32.0,"{'Mercury': 'Mercury', 'Venus': 'Mercury', 'Earth': 'Ceres', 'Mars': 'Mercury', 'Ceres': 'Ceres', 'Jupiter': 'Jupiter', 'Saturn': 'Ceres', 'Uranus': 'Uranus', 'Neptune': 'Neptune'}"
"Mercury, Ceres, Saturn, Uranus, Neptune",Neptune,True,51350.01635333555,9.885831532113931,0.08033042624343667,0.023035230352303523,32.0,32.0,"{'Mercury': 'Mercury', 'Venus': 'Mercury', 'Earth': 'Ceres', 'Mars': 'Mercury', 'Ceres': 'Ceres', 'Jupiter': 'Ceres', 'Saturn': 'Saturn', 'Uranus': 'Uranus', 'Neptune': 'Neptune'}"
"Venus, Mars, Jupiter, Uranus, Neptune",Uranus,True,52389.78111561546,13.34392993927763,0.09977680812466505,0.02981029810298103,32.0,32.0,"{'Mercury': 'Mars', 'Venus': 'Venus', 'Earth': 'Venus', 'Mars': 'Mars', 'Ceres': 'Mars', 'Jupiter': 'Jupiter', 'Saturn': 'Venus', 'Uranus': 'Uranus', 'Neptune': 'Neptune'}"
"Venus, Mars, Ceres, Jupiter, Neptune",Neptune,True,52708.47307008587,28.729017881840974,0.16582842124632075,0.02710027100271003,32.0,32.0,"{'Mercury': 'Mars', 'Venus': 'Venus', 'Earth': 'Venus', 'Mars': 'Mars', 'Ceres': 'Ceres', 'Jupiter': 'Jupiter', 'Saturn': 'Venus', 'Uranus': 'Ceres', 'Neptune': 'Neptune'}"
"Earth, Mars, Jupiter, Uranus, Neptune",Neptune,True,53582.241020337264,13.647518572188181,0.10167191590334744,0.025745257452574527,32.0,32.0,"{'Mercury': 'Mars', 'Venus': 'Earth', 'Earth': 'Earth', 'Mars': 'Mars', 'Ceres': 'Mars', 'Jupiter': 'Jupiter', 'Saturn': 'Earth', 'Uranus': 'Uranus', 'Neptune': 'Neptune'}"
"Venus, Mars, Ceres, Uranus, Neptune",Neptune,True,54438.86662382315,15.902025542580066,0.11686774885334612,0.02710027100271003,32.0,32.0,"{'Mercury': 'Mars', 'Venus': 'Venus', 'Earth': 'Venus', 'Mars': 'Mars', 'Ceres': 'Ceres', 'Jupiter': 'Ceres', 'Saturn': 'Venus', 'Uranus': 'Uranus', 'Neptune': 'Neptune'}"
"Venus, Mars, Jupiter, Uranus, Neptune",Neptune,True,57649.22203830992,13.34392993927763,0.09977680812466505,0.02981029810298103,32.0,32.0,"{'Mercury': 'Mars', 'Venus': 'Venus', 'Earth': 'Venus', 'Mars': 'Mars', 'Ceres': 'Mars', 'Jupiter': 'Jupiter', 'Saturn': 'Venus', 'Uranus': 'Uranus', 'Neptune': 'Neptune'}"
"Mercury, Venus, Earth, Ceres",Ceres,False,115661.57880723955,60.23071171981165,0.2973682415211002,0.01084010840108401,39.666666666666664,24.0,"{'Mercury': 'Mercury', 'Venus': 'Venus', 'Earth': 'Earth', 'Mars': 'Earth', 'Ceres': 'Ceres', 'Jupiter': 'Ceres', 'Saturn': 'Earth', 'Uranus': 'Ceres', 'Neptune': 'Earth'}"
"Mercury, Mars, Ceres",Ceres,False,116024.10123692505,63.06033799828094,0.3157194958808379,0.012195121951219513,44.0,16.0,"{'Mercury': 'Mercury', 'Venus': 'Mars', 'Earth': 'Mars', 'Mars': 'Mars', 'Ceres': 'Ceres', 'Jupiter': 'Ceres', 'Saturn': 'Ceres', 'Uranus': 'Ceres', 'Neptune': 'Ceres'}"
"Mercury, Venus, Earth, Ceres",Venus,False,116206.76642045521,60.23071171981165,0.2973682415211002,0.01084010840108401,39.666666666666664,24.0,"{'Mercury': 'Mercury', 'Venus': 'Venus', 'Earth': 'Earth', 'Mars': 'Earth', 'Ceres': 'Ceres', 'Jupiter': 'Ceres', 'Saturn': 'Earth', 'Uranus': 'Ceres', 'Neptune': 'Earth'}"
"Mercury, Venus, Earth, Ceres",Earth,False,116209.19470087475,60.23071171981165,0.2973682415211002,0.01084010840108401,39.666666666666664,24.0,"{'Mercury': 'Mercury', 'Venus': 'Venus', 'Earth': 'Earth', 'Mars': 'Earth', 'Ceres': 'Ceres', 'Jupiter': 'Ceres', 'Saturn': 'Earth', 'Uranus': 'Ceres', 'Neptune': 'Earth'}"
"Mercury, Venus, Earth, Ceres",Mercury,False,116262.48360825477,60.23071171981165,0.2973682415211002,0.01084010840108401,39.666666666666664,24.0,"{'Mercury': 'Mercury', 'Venus': 'Venus', 'Earth': 'Earth', 'Mars': 'Earth', 'Ceres': 'Ceres', 'Jupiter': 'Ceres', 'Saturn': 'Earth', 'Uranus': 'Ceres', 'Neptune': 'Earth'}"
"Mercury, Mars, Ceres",Mars,False,116273.83386590981,63.06033799828094,0.3157194958808379,0.012195121951219513,44.0,16.0,"{'Mercury': 'Mercury', 'Venus': 'Mars', 'Earth': 'Mars', 'Mars': 'Mars', 'Ceres': 'Ceres', 'Jupiter': 'Ceres', 'Saturn': 'Ceres', 'Uranus': 'Ceres', 'Neptune': 'Ceres'}"
"Mercury, Mars, Ceres",Mercury,False,116294.86930892353,63.06033799828094,0.3157194958808379,0.012195121951219513,44.0,16.0,"{'Mercury': 'Mercury', 'Venus': 'Mars', 'Earth': 'Mars', 'Mars': 'Mars', 'Ceres': 'Ceres', 'Jupiter': 'Ceres', 'Saturn': 'Ceres', 'Uranus': 'Ceres', 'Neptune': 'Ceres'}"
"Mercury, Venus, Earth, Ceres, Jupiter",Ceres,False,117032.0752712069,55.03517481053813,0.2579504641952478,0.01084010840108401,31.666666666666668,32.0,"{'Mercury': 'Mercury', 'Venus': 'Venus', 'Earth': 'Earth', 'Mars': 'Earth', 'Ceres': 'Ceres', 'Jupiter': 'Jupiter', 'Saturn': 'Earth', 'Uranus': 'Ceres', 'Neptune': 'Earth'}"
"Mercury, Mars, Ceres, Jupiter",Ceres,False,117486.20316959715,57.857674152232065,0.27624764752984704,0.012195121951219513,39.666666666666664,24.0,"{'Mercury': 'Mercury', 'Venus': 'Mars', 'Earth': 'Mars', 'Mars': 'Mars', 'Ceres': 'Ceres', 'Jupiter': 'Jupiter', 'Saturn': 'Ceres', 'Uranus': 'Ceres', 'Neptune': 'Ceres'}"
"Mercury, Venus, Earth, Ceres, Jupiter",Venus,False,117750.11855179555,55.03517481053813,0.2579504641952478,0.01084010840108401,31.666666666666668,32.0,"{'Mercury': 'Mercury', 'Venus': 'Venus', 'Earth': 'Earth', 'Mars': 'Earth', 'Ceres': 'Ceres', 'Jupiter': 'Jupiter', 'Saturn': 'Earth', 'Uranus': 'Ceres', 'Neptune': 'Earth'}"
"Mercury, Venus, Earth, Ceres, Jupiter",Earth,False,117768.87863531256,55.03517481053813,0.2579504641952478,0.01084010840108401,31.666666666666668,32.0,"{'Mercury': 'Mercury', 'Venus': 'Venus', 'Earth': 'Earth', 'Mars': 'Earth', 'Ceres': 'Ceres', 'Jupiter': 'Jupiter', 'Saturn': 'Earth', 'Uranus': 'Ceres', 'Neptune': 'Earth'}"
"Mercury, Mars, Ceres, Jupiter",Mars,False,117915.49098482737,57.857674152232065,0.27624764752984704,0.012195121951219513,39.666666666666664,24.0,"{'Mercury': 'Mercury', 'Venus': 'Mars', 'Earth': 'Mars', 'Mars': 'Mars', 'Ceres': 'Ceres', 'Jupiter': 'Jupiter', 'Saturn': 'Ceres', 'Uranus': 'Ceres', 'Neptune': 'Ceres'}"
"Mercury, Venus, Earth, Ceres, Jupiter",Mercury,False,117939.62799406184,55.03517481053813,0.2579504641952478,0.01084010840108401,31.666666666666668,32.0,"{'Mercury': 'Mercury', 'Venus': 'Venus', 'Earth': 'Earth', 'Mars': 'Earth', 'Ceres': 'Ceres', 'Jupiter': 'Jupiter', 'Saturn': 'Earth', 'Uranus': 'Ceres', 'Neptune': 'Earth'}"
"Mercury, Mars, Ceres, Jupiter",Mercury,False,118063.61916343537,57.857674152232065,0.27624764752984704,0.012195121951219513,39.666666666666664,24.0,"{'Mercury': 'Mercury', 'Venus': 'Mars', 'Earth': 'Mars', 'Mars': 'Mars', 'Ceres': 'Ceres', 'Jupiter': 'Jupiter', 'Saturn': 'Ceres', 'Uranus': 'Ceres', 'Neptune': 'Ceres'}"
"Mercury, Venus, Earth, Jupiter",Venus,False,118113.59774191644,58.42639707486516,0.2810604908633611,0.012195121951219513,36.0,24.0,"{'Mercury': 'Mercury', 'Venus': 'Venus', 'Earth': 'Earth', 'Mars': 'Earth', 'Ceres': 'Earth', 'Jupiter': 'Jupiter', 'Saturn': 'Earth', 'Uranus': 'Jupiter', 'Neptune': 'Earth'}"
"Mercury, Venus, Earth, Jupiter",Earth,False,118123.4966214375,58.42639707486516,0.2810604908633611,0.012195121951219513,36.0,24.0,"{'Mercury': 'Mercury', 'Venus': 'Venus', 'Earth': 'Earth', 'Mars': 'Earth', 'Ceres': 'Earth', 'Jupiter': 'Jupiter', 'Saturn': 'Earth', 'Uranus': 'Jupiter', 'Neptune': 'Earth'}"
"Mercury, Venus, Earth, Jupiter, Uranus",Earth,False,118163.30112850254,43.05786381432916,0.196749270553225,0.008130081300813009,31.666666666666668,32.0,"{'Mercury': 'Mercury', 'Venus': 'Venus', 'Earth': 'Earth', 'Mars': 'Earth', 'Ceres': 'Earth', 'Jupiter': 'Jupiter', 'Saturn': 'Earth', 'Uranus': 'Uranus', 'Neptune': 'Uranus'}"
"Mercury, Venus, Earth, Jupiter, Uranus",Venus,False,118176.8160587111,43.05786381432916,0.196749270553225,0.008130081300813009,31.666666666666668,32.0,"{'Mercury': 'Mercury', 'Venus': 'Venus', 'Earth': 'Earth', 'Mars': 'Earth', 'Ceres': 'Earth', 'Jupiter': 'Jupiter', 'Saturn': 'Earth', 'Uranus': 'Uranus', 'Neptune': 'Uranus'}"
"Mercury, Venus, Earth, Jupiter",Mercury,False,118268.85596056089,58.42639707486516,0.2810604908633611,0.012195121951219513,36.0,24.0,"{'Mercury': 'Mercury', 'Venus': 'Venus', 'Earth': 'Earth', 'Mars': 'Earth', 'Ceres': 'Earth', 'Jupiter': 'Jupiter', 'Saturn': 'Earth', 'Uranus': 'Jupiter', 'Neptune': 'Earth'}"
"Mercury, Venus, Earth, Jupiter, Uranus",Mercury,False,118326.44182111706,43.05786381432916,0.196749270553225,0.008130081300813009,31.666666666666668,32.0,"{'Mercury': 'Mercury', 'Venus': 'Venus', 'Earth': 'Earth', 'Mars': 'Earth', 'Ceres': 'Earth', 'Jupiter': 'Jupiter', 'Saturn': 'Earth', 'Uranus': 'Uranus', 'Neptune': 'Uranus'}"
"Mercury, Earth, Mars, Ceres",Ceres,False,118380.791597625,59.87007059760575,0.29369370885616114,0.013550135501355014,39.666666666666664,24.0,"{'Mercury': 'Mercury', 'Venus': 'Earth', 'Earth': 'Earth', 'Mars': 'Mars', 'Ceres': 'Ceres', 'Jupiter': 'Ceres', 'Saturn': 'Earth', 'Uranus': 'Ceres', 'Neptune': 'Earth'}"
"Mercury, Earth, Mars, Ceres",Mars,False,118884.58102887536,59.87007059760575,0.29369370885616114,0.013550135501355014,39.666666666666664,24.0,"{'Mercury': 'Mercury', 'Venus': 'Earth', 'Earth': 'Earth', 'Mars': 'Mars', 'Ceres': 'Ceres', 'Jupiter': 'Ceres', 'Saturn': 'Earth', 'Uranus': 'Ceres', 'Neptune': 'Earth'}"
"Mercury, Mars, Ceres, Jupiter",Jupiter,False,118895.80662521893,57.857674152232065,0.27624764752984704,0.012195121951219513,39.666666666666664,24.0,"{'Mercury': 'Mercury', 'Venus': 'Mars', 'Earth': 'Mars', 'Mars': 'Mars', 'Ceres': 'Ceres', 'Jupiter': 'Jupiter', 'Saturn': 'Ceres', 'Uranus': 'Ceres', 'Neptune': 'Ceres'}"
"Mercury, Earth, Mars, Ceres",Earth,False,118902.21103056612,59.87007059760575,0.29369370885616114,0.013550135501355014,39.666666666666664,24.0,"{'Mercury': 'Mercury', 'Venus': 'Earth', 'Earth': 'Earth', 'Mars': 'Mars', 'Ceres': 'Ceres', 'Jupiter': 'Ceres', 'Saturn': 'Earth', 'Uranus': 'Ceres', 'Neptune': 'Earth'}"
"Mercury, Earth, Mars, Ceres",Mercury,False,118948.66751158303,59.87007059760575,0.29369370885616114,0.013550135501355014,39.666666666666664,24.0,"{'Mercury': 'Mercury', 'Venus': 'Earth', 'Earth': 'Earth', 'Mars': 'Mars', 'Ceres': 'Ceres', 'Jupiter': 'Ceres', 'Saturn': 'Earth', 'Uranus': 'Ceres', 'Neptune': 'Earth'}"
"Mercury, Venus, Earth, Jupiter",Jupiter,False,118992.0147617055,58.42639707486516,0.2810604908633611,0.012195121951219513,36.0,24.0,"{'Mercury': 'Mercury', 'Venus': 'Venus', 'Earth': 'Earth', 'Mars': 'Earth', 'Ceres': 'Earth', 'Jupiter': 'Jupiter', 'Saturn': 'Earth', 'Uranus': 'Jupiter', 'Neptune': 'Earth'}"
"Mercury, Venus, Earth, Ceres, Jupiter",Jupiter,False,119117.26532623524,55.03517481053813,0.2579504641952478,0.01084010840108401,31.666666666666668,32.0,"{'Mercury': 'Mercury', 'Venus': 'Venus', 'Earth': 'Earth', 'Mars': 'Earth', 'Ceres': 'Ceres', 'Jupiter': 'Jupiter', 'Saturn': 'Earth', 'Uranus': 'Ceres', 'Neptune': 'Earth'}"
"Mercury, Venus, Earth, Jupiter, Uranus",Jupiter,False,119443.03846639594,43.05786381432916,0.196749270553225,0.008130081300813009,31.666666666666668,32.0,"{'Mercury': 'Mercury', 'Venus': 'Venus', 'Earth': 'Earth', 'Mars': 'Earth', 'Ceres': 'Earth', 'Jupiter': 'Jupiter', 'Saturn': 'Earth', 'Uranus': 'Uranus', 'Neptune': 'Uranus'}"
"Mercury, Earth, Mars, Ceres, Jupiter",Ceres,False,119751.16549754224,54.660260235284795,0.25416764093325966,0.013550135501355014,31.666666666666668,32.0,"{'Mercury': 'Mercury', 'Venus': 'Earth', 'Earth': 'Earth', 'Mars': 'Mars', 'Ceres': 'Ceres', 'Jupiter': 'Jupiter', 'Saturn': 'Earth', 'Uranus': 'Ceres', 'Neptune': 'Earth'}"
"Mercury, Earth, Mars, Ceres, Jupiter",Mars,False,120434.51011503805,54.660260235284795,0.25416764093325966,0.013550135501355014,31.666666666666668,32.0,"{'Mercury': 'Mercury', 'Venus': 'Earth', 'Earth': 'Earth', 'Mars': 'Mars', 'Ceres': 'Ceres', 'Jupiter': 'Jupiter', 'Saturn': 'Earth', 'Uranus': 'Ceres', 'Neptune': 'Earth'}"
"Mercury, Earth, Mars, Ceres, Jupiter",Earth,False,120461.77240095382,54.660260235284795,0.25416764093325966,0.013550135501355014,31.666666666666668,32.0,"{'Mercury': 'Mercury', 'Venus': 'Earth', 'Earth': 'Earth', 'Mars': 'Mars', 'Ceres': 'Ceres', 'Jupiter': 'Jupiter', 'Saturn': 'Earth', 'Uranus': 'Ceres', 'Neptune': 'Earth'}"
"Mercury, Venus, Earth, Mars",Mars,False,120494.0529485833,60.43354615848083,0.30284772175924746,0.014905149051490514,39.666666666666664,24.0,"{'Mercury': 'Mercury', 'Venus': 'Venus', 'Earth': 'Earth', 'Mars': 'Mars', 'Ceres': 'Mars', 'Jupiter': 'Mars', 'Saturn': 'Earth', 'Uranus': 'Mars', 'Neptune': 'Earth'}"
"Mercury, Venus, Earth, Mars",Earth,False,120533.97328094741,60.43354615848083,0.30284772175924746,0.014905149051490514,39.666666666666664,24.0,"{'Mercury': 'Mercury', 'Venus': 'Venus', 'Earth': 'Earth', 'Mars': 'Mars', 'Ceres': 'Mars', 'Jupiter': 'Mars', 'Saturn': 'Earth', 'Uranus': 'Mars', 'Neptune': 'Earth'}"
"Mercury, Venus, Earth, Mars",Venus,False,120535.43835148224,60.43354615848083,0.30284772175924746,0.014905149051490514,39.666666666666664,24.0,"{'Mercury': 'Mercury', 'Venus': 'Venus', 'Earth': 'Earth', 'Mars': 'Mars', 'Ceres': 'Mars', 'Jupiter': 'Mars', 'Saturn': 'Earth', 'Uranus': 'Mars', 'Neptune': 'Earth'}"
"Mercury, Venus, Earth, Mars",Mercury,False,120582.93376535854,60.43354615848083,0.30284772175924746,0.014905149051490514,39.666666666666664,24.0,"{'Mercury': 'Mercury', 'Venus': 'Venus', 'Earth': 'Earth', 'Mars': 'Mars', 'Ceres': 'Mars', 'Jupiter': 'Mars', 'Saturn': 'Earth', 'Uranus': 'Mars', 'Neptune': 'Earth'}"
"Mercury, Earth, Mars, Ceres, Jupiter",Mercury,False,120625.68933334002,54.660260235284795,0.25416764093325966,0.013550135501355014,31.666666666666668,32.0,"{'Mercury': 'Mercury', 'Venus': 'Earth', 'Earth': 'Earth', 'Mars': 'Mars', 'Ceres': 'Ceres', 'Jupiter': 'Jupiter', 'Saturn': 'Earth', 'Uranus': 'Ceres', 'Neptune': 'Earth'}"
"Mercury, Earth, Jupiter, Saturn",Earth,False,120756.86127635861,50.109217038581775,0.22497988329655075,0.013550135501355014,39.666666666666664,24.0,"{'Mercury': 'Mercury', 'Venus': 'Earth', 'Earth': 'Earth', 'Mars': 'Earth', 'Ceres': 'Earth', 'Jupiter': 'Jupiter', 'Saturn': 'Saturn', 'Uranus': 'Saturn', 'Neptune': 'Saturn'}"
"Mercury, Earth, Jupiter, Saturn",Mercury,False,120929.43910567943,50.109217038581775,0.22497988329655075,0.013550135501355014,39.666666666666664,24.0,"{'Mercury': 'Mercury', 'Venus': 'Earth', 'Earth': 'Earth', 'Mars': 'Earth', 'Ceres': 'Earth', 'Jupiter': 'Jupiter', 'Saturn': 'Saturn', 'Uranus': 'Saturn', 'Neptune': 'Saturn'}"
"Mercury, Venus, Earth, Jupiter, Neptune",Venus,False,121254.26041313441,31.142339683435097,0.18095943917470186,0.009485094850948509,31.666666666666668,32.0,"{'Mercury': 'Mercury', 'Venus': 'Venus', 'Earth': 'Earth', 'Mars': 'Earth', 'Ceres': 'Earth', 'Jupiter': 'Jupiter', 'Saturn': 'Earth', 'Uranus': 'Jupiter', 'Neptune': 'Neptune'}"
"Mercury, Venus, Earth, Jupiter, Neptune",Earth,False,121259.97977009525,31.142339683435097,0.18095943917470186,0.009485094850948509,31.666666666666668,32.0,"{'Mercury': 'Mercury', 'Venus': 'Venus', 'Earth': 'Earth', 'Mars': 'Earth', 'Ceres': 'Earth', 'Jupiter': 'Jupiter', 'Saturn': 'Earth', 'Uranus': 'Jupiter', 'Neptune': 'Neptune'}"
"Mercury, Venus, Earth, Jupiter, Neptune",Mercury,False,121457.15862002244,31.142339683435097,0.18095943917470186,0.009485094850948509,31.666666666666668,32.0,"{'Mercury': 'Mercury', 'Venus': 'Venus', 'Earth': 'Earth', 'Mars': 'Earth', 'Ceres': 'Earth', 'Jupiter': 'Jupiter', 'Saturn': 'Earth', 'Uranus': 'Jupiter', 'Neptune': 'Neptune'}"
"Mercury, Earth, Jupiter, Saturn",Jupiter,False,121658.66776838155,50.109217038581775,0.22497988329655075,0.013550135501355014,39.666666666666664,24.0,"{'Mercury': 'Mercury', 'Venus': 'Earth', 'Earth': 'Earth', 'Mars': 'Earth', 'Ceres': 'Earth', 'Jupiter': 'Jupiter', 'Saturn': 'Saturn', 'Uranus': 'Saturn', 'Neptune': 'Saturn'}"
"Mercury, Mars, Ceres, Neptune",Ceres,False,121710.40188642546,35.203618843117525,0.2137522863563115,0.012195121951219513,39.666666666666664,24.0,"{'Mercury': 'Mercury', 'Venus': 'Mars', 'Earth': 'Mars', 'Mars': 'Mars', 'Ceres': 'Ceres', 'Jupiter': 'Ceres', 'Saturn': 'Ceres', 'Uranus': 'Ceres', 'Neptune': 'Neptune'}"
"Mercury, Earth, Mars, Ceres, Jupiter",Jupiter,False,121829.83285067102,54.660260235284795,0.25416764093325966,0.013550135501355014,31.666666666666668,32.0,"{'Mercury': 'Mercury', 'Venus': 'Earth', 'Earth': 'Earth', 'Mars': 'Mars', 'Ceres': 'Ceres', 'Jupiter': 'Jupiter', 'Saturn': 'Earth', 'Uranus': 'Ceres', 'Neptune': 'Earth'}"
"Mercury, Mars, Jupiter, Saturn",Mars,False,122093.36109443945,50.620400486501325,0.22888655464954594,0.014905149051490514,39.666666666666664,24.0,"{'Mercury': 'Mercury', 'Venus': 'Mars', 'Earth': 'Mars', 'Mars': 'Mars', 'Ceres': 'Mars', 'Jupiter': 'Jupiter', 'Saturn': 'Saturn', 'Uranus': 'Saturn', 'Neptune': 'Saturn'}"
"Mercury, Mars, Ceres, Neptune",Mars,False,122144.10241817792,35.203618843117525,0.2137522863563115,0.012195121951219513,39.666666666666664,24.0,"{'Mercury': 'Mercury', 'Venus': 'Mars', 'Earth': 'Mars', 'Mars': 'Mars', 'Ceres': 'Ceres', 'Jupiter': 'Ceres', 'Saturn': 'Ceres', 'Uranus': 'Ceres', 'Neptune': 'Neptune'}"
"Mercury, Mars, Ceres, Neptune",Mercury,False,122190.76024905648,35.203618843117525,0.2137522863563115,0.012195121951219513,39.666666666666664,24.0,"{'Mercury': 'Mercury', 'Venus': 'Mars', 'Earth': 'Mars', 'Mars': 'Mars', 'Ceres': 'Ceres', 'Jupiter': 'Ceres', 'Saturn': 'Ceres', 'Uranus': 'Ceres', 'Neptune': 'Neptune'}"
"Mercury, Mars, Jupiter, Saturn",Mercury,False,122266.88382825586,50.620400486501325,0.22888655464954594,0.014905149051490514,39.666666666666664,24.0,"{'Mercury': 'Mercury', 'Venus': 'Mars', 'Earth': 'Mars', 'Mars': 'Mars', 'Ceres': 'Mars', 'Jupiter': 'Jupiter', 'Saturn': 'Saturn', 'Uranus': 'Saturn', 'Neptune': 'Saturn'}"
"Mercury, Venus, Earth, Jupiter, Neptune",Jupiter,False,122490.69663648539,31.142339683435097,0.18095943917470186,0.009485094850948509,31.666666666666668,32.0,"{'Mercury': 'Mercury', 'Venus': 'Venus', 'Earth': 'Earth', 'Mars': 'Earth', 'Ceres': 'Earth', 'Jupiter': 'Jupiter', 'Saturn': 'Earth', 'Uranus': 'Jupiter', 'Neptune': 'Neptune'}"
"Mercury, Earth, Ceres",Ceres,False,122786.1690260803,61.67680944073564,0.30845832799900813,0.018970189701897018,44.0,16.0,"{'Mercury': 'Mercury', 'Venus': 'Earth', 'Earth': 'Earth', 'Mars': 'Earth', 'Ceres': 'Ceres', 'Jupiter': 'Ceres', 'Saturn': 'Earth', 'Uranus': 'Ceres', 'Neptune': 'Earth'}"
"Mercury, Mars, Jupiter, Saturn",Jupiter,False,123008.46798504535,50.620400486501325,0.22888655464954594,0.014905149051490514,39.666666666666664,24.0,"{'Mercury': 'Mercury', 'Venus': 'Mars', 'Earth': 'Mars', 'Mars': 'Mars', 'Ceres': 'Mars', 'Jupiter': 'Jupiter', 'Saturn': 'Saturn', 'Uranus': 'Saturn', 'Neptune': 'Saturn'}"
"Mercury, Earth, Ceres",Earth,False,123057.88416116177,61.67680944073564,0.30845832799900813,0.018970189701897018,44.0,16.0,"{'Mercury': 'Mercury', 'Venus': 'Earth', 'Earth': 'Earth', 'Mars': 'Earth', 'Ceres': 'Ceres', 'Jupiter': 'Ceres', 'Saturn': 'Earth', 'Uranus': 'Ceres', 'Neptune': 'Earth'}"
"Mercury, Earth, Ceres",Mercury,False,123083.27904552166,61.67680944073564,0.30845832799900813,0.018970189701897018,44.0,16.0,"{'Mercury': 'Mercury', 'Venus': 'Earth', 'Earth': 'Earth', 'Mars': 'Earth', 'Ceres': 'Ceres', 'Jupiter': 'Ceres', 'Saturn': 'Earth', 'Uranus': 'Ceres', 'Neptune': 'Earth'}"
"Mercury, Earth, Jupiter, Saturn",Saturn,False,123301.02042843224,50.109217038581775,0.22497988329655075,0.013550135501355014,39.666666666666664,24.0,"{'Mercury': 'Mercury', 'Venus': 'Earth', 'Earth': 'Earth', 'Mars': 'Earth', 'Ceres': 'Earth', 'Jupiter': 'Jupiter', 'Saturn': 'Saturn', 'Uranus': 'Saturn', 'Neptune': 'Saturn'}"
"Mercury, Venus, Earth, Mars, Neptune",Mars,False,123564.65179496995,33.069128804156215,0.20241227149010932,0.012195121951219513,31.666666666666668,32.0,"{'Mercury': 'Mercury', 'Venus': 'Venus', 'Earth': 'Earth', 'Mars': 'Mars', 'Ceres': 'Mars', 'Jupiter': 'Mars', 'Saturn': 'Earth', 'Uranus': 'Mars', 'Neptune': 'Neptune'}"
"Mercury, Venus, Earth, Mars, Neptune",Earth,False,123578.3750043951,33.069128804156215,0.20241227149010932,0.012195121951219513,31.666666666666668,32.0,"{'Mercury': 'Mercury', 'Venus': 'Venus', 'Earth': 'Earth', 'Mars': 'Mars', 'Ceres': 'Mars', 'Jupiter': 'Mars', 'Saturn': 'Earth', 'Uranus': 'Mars', 'Neptune': 'Neptune'}"
"Mercury, Venus, Earth, Mars, Neptune",Venus,False,123584.01959749016,33.069128804156215,0.20241227149010932,0.012195121951219513,31.666666666666668,32.0,"{'Mercury': 'Mercury', 'Venus': 'Venus', 'Earth': 'Earth', 'Mars': 'Mars', 'Ceres': 'Mars', 'Jupiter': 'Mars', 'Saturn': 'Earth', 'Uranus': 'Mars', 'Neptune': 'Neptune'}"
"Mercury, Venus, Earth, Mars, Neptune",Mercury,False,123679.15499961004,33.069128804156215,0.20241227149010932,0.012195121951219513,31.666666666666668,32.0,"{'Mercury': 'Mercury', 'Venus': 'Venus', 'Earth': 'Earth', 'Mars': 'Mars', 'Ceres': 'Mars', 'Jupiter': 'Mars', 'Saturn': 'Earth', 'Uranus': 'Mars', 'Neptune': 'Neptune'}"
"Mercury, Earth, Ceres, Uranus",Ceres,False,124012.06089082577,46.90984977955751,0.22379467126717117,0.016260162601626018,39.666666666666664,24.0,"{'Mercury': 'Mercury', 'Venus': 'Earth', 'Earth': 'Earth', 'Mars': 'Earth', 'Ceres': 'Ceres', 'Jupiter': 'Ceres', 'Saturn': 'Earth', 'Uranus': 'Uranus', 'Neptune': 'Uranus'}"
"Mercury, Earth, Ceres, Jupiter",Ceres,False,124156.29576644901,56.43821559574993,0.2687138840102343,0.018970189701897018,36.0,24.0,"{'Mercury': 'Mercury', 'Venus': 'Earth', 'Earth': 'Earth', 'Mars': 'Earth', 'Ceres': 'Ceres', 'Jupiter': 'Jupiter', 'Saturn': 'Earth', 'Uranus': 'Ceres', 'Neptune': 'Earth'}"
"Mercury, Earth, Ceres, Uranus",Earth,False,124452.95135553995,46.90984977955751,0.22379467126717117,0.016260162601626018,39.666666666666664,24.0,"{'Mercury': 'Mercury', 'Venus': 'Earth', 'Earth': 'Earth', 'Mars': 'Earth', 'Ceres': 'Ceres', 'Jupiter': 'Ceres', 'Saturn': 'Earth', 'Uranus': 'Uranus', 'Neptune': 'Uranus'}"
"Mercury, Earth, Ceres, Uranus",Mercury,False,124496.12759339098,46.90984977955751,0.22379467126717117,0.016260162601626018,39.666666666666664,24.0,"{'Mercury': 'Mercury', 'Venus': 'Earth', 'Earth': 'Earth', 'Mars': 'Earth', 'Ceres': 'Ceres', 'Jupiter': 'Ceres', 'Saturn': 'Earth', 'Uranus': 'Uranus', 'Neptune': 'Uranus'}"
"Mercury, Mars, Saturn",Mars,False,124515.35857549941,55.62443014536204,0.2671709867587454,0.018970189701897018,44.0,16.0,"{'Mercury': 'Mercury', 'Venus': 'Mars', 'Earth': 'Mars', 'Mars': 'Mars', 'Ceres': 'Mars', 'Jupiter': 'Mars', 'Saturn': 'Saturn', 'Uranus': 'Saturn', 'Neptune': 'Saturn'}"
"Ceres, Jupiter, Saturn",Ceres,False,124519.93270362887,55.43522133020759,0.2683303498206089,0.018970189701897018,44.0,16.0,"{'Mercury': 'Ceres', 'Venus': 'Ceres', 'Earth': 'Ceres', 'Mars': 'Ceres', 'Ceres': 'Ceres', 'Jupiter': 'Jupiter', 'Saturn': 'Saturn', 'Uranus': 'Saturn', 'Neptune': 'Saturn'}"
"Mercury, Mars, Saturn",Mercury,False,124561.78857372154,55.62443014536204,0.2671709867587454,0.018970189701897018,44.0,16.0,"{'Mercury': 'Mercury', 'Venus': 'Mars', 'Earth': 'Mars', 'Mars': 'Mars', 'Ceres': 'Mars', 'Jupiter': 'Mars', 'Saturn': 'Saturn', 'Uranus': 'Saturn', 'Neptune': 'Saturn'}"
"Mercury, Earth, Ceres, Jupiter",Earth,False,124617.19837200094,56.43821559574993,0.2687138840102343,0.018970189701897018,36.0,24.0,"{'Mercury': 'Mercury', 'Venus': 'Earth', 'Earth': 'Earth', 'Mars': 'Earth', 'Ceres': 'Ceres', 'Jupiter': 'Jupiter', 'Saturn': 'Earth', 'Uranus': 'Ceres', 'Neptune': 'Earth'}"
"Mercury, Mars, Jupiter, Saturn",Saturn,False,124669.12945688724,50.620400486501325,0.22888655464954594,0.014905149051490514,39.666666666666664,24.0,"{'Mercury': 'Mercury', 'Venus': 'Mars', 'Earth': 'Mars', 'Mars': 'Mars', 'Ceres': 'Mars', 'Jupiter': 'Jupiter', 'Saturn': 'Saturn', 'Uranus': 'Saturn', 'Neptune': 'Saturn'}"
"Mercury, Earth, Ceres, Jupiter",Mercury,False,124760.0537077301,56.43821559574993,0.2687138840102343,0.018970189701897018,36.0,24.0,"{'Mercury': 'Mercury', 'Venus': 'Earth', 'Earth': 'Earth', 'Mars': 'Earth', 'Ceres': 'Ceres', 'Jupiter': 'Jupiter', 'Saturn': 'Earth', 'Uranus': 'Ceres', 'Neptune': 'Earth'}"
"Mercury, Earth, Jupiter, Saturn, Uranus",Earth,False,124778.02307818679,35.829646157960646,0.1475630116298126,0.013550135501355014,31.666666666666668,32.0,"{'Mercury': 'Mercury', 'Venus': 'Earth', 'Earth': 'Earth', 'Mars': 'Earth', 'Ceres': 'Earth', 'Jupiter': 'Jupiter', 'Saturn': 'Saturn', 'Uranus': 'Uranus', 'Neptune': 'Saturn'}"
"Mercury, Earth, Mars, Jupiter",Mars,False,124938.3825094235,56.83663296310777,0.27539231726069036,0.018970189701897018,39.666666666666664,24.0,"{'Mercury': 'Mercury', 'Venus': 'Earth', 'Earth': 'Earth', 'Mars': 'Mars', 'Ceres': 'Mars', 'Jupiter': 'Jupiter', 'Saturn': 'Earth', 'Uranus': 'Mars', 'Neptune': 'Earth'}"
"Mercury, Earth, Jupiter",Earth,False,124963.71977991595,59.85952136543125,0.29203058229636114,0.02032520325203252,40.0,16.0,"{'Mercury': 'Mercury', 'Venus': 'Earth', 'Earth': 'Earth', 'Mars': 'Earth', 'Ceres': 'Earth', 'Jupiter': 'Jupiter', 'Saturn': 'Earth', 'Uranus': 'Jupiter', 'Neptune': 'Earth'}"
"Mercury, Earth, Jupiter, Saturn, Uranus",Mercury,False,124968.38226099874,35.829646157960646,0.1475630116298126,0.013550135501355014,31.666666666666668,32.0,"{'Mercury': 'Mercury', 'Venus': 'Earth', 'Earth': 'Earth', 'Mars': 'Earth', 'Ceres': 'Earth', 'Jupiter': 'Jupiter', 'Saturn': 'Saturn', 'Uranus': 'Uranus', 'Neptune': 'Saturn'}"
"Mercury, Earth, Mars, Jupiter",Earth,False,124969.99750427477,56.83663296310777,0.27539231726069036,0.018970189701897018,39.666666666666664,24.0,"{'Mercury': 'Mercury', 'Venus': 'Earth', 'Earth': 'Earth', 'Mars': 'Mars', 'Ceres': 'Mars', 'Jupiter': 'Jupiter', 'Saturn': 'Earth', 'Uranus': 'Mars', 'Neptune': 'Earth'}"
"Mercury, Earth, Jupiter, Uranus",Earth,False,125010.98256774047,44.358053432119966,0.20697724408517834,0.016260162601626018,36.0,24.0,"{'Mercury': 'Mercury', 'Venus': 'Earth', 'Earth': 'Earth', 'Mars': 'Earth', 'Ceres': 'Earth', 'Jupiter': 'Jupiter', 'Saturn': 'Earth', 'Uranus': 'Uranus', 'Neptune': 'Uranus'}"
"Mercury, Earth, Jupiter",Mercury,False,125081.18509601918,59.85952136543125,0.29203058229636114,0.02032520325203252,40.0,16.0,"{'Mercury': 'Mercury', 'Venus': 'Earth', 'Earth': 'Earth', 'Mars': 'Earth', 'Ceres': 'Earth', 'Jupiter': 'Jupiter', 'Saturn': 'Earth', 'Uranus': 'Jupiter', 'Neptune': 'Earth'}"
"Mercury, Earth, Mars, Jupiter",Mercury,False,125108.52441703505,56.83663296310777,0.27539231726069036,0.018970189701897018,39.666666666666664,24.0,"{'Mercury': 'Mercury', 'Venus': 'Earth', 'Earth': 'Earth', 'Mars': 'Mars', 'Ceres': 'Mars', 'Jupiter': 'Jupiter', 'Saturn': 'Earth', 'Uranus': 'Mars', 'Neptune': 'Earth'}"
"Ceres, Jupiter, Saturn",Jupiter,False,125131.38529301128,55.43522133020759,0.2683303498206089,0.018970189701897018,44.0,16.0,"{'Mercury': 'Ceres', 'Venus': 'Ceres', 'Earth': 'Ceres', 'Mars': 'Ceres', 'Ceres': 'Ceres', 'Jupiter': 'Jupiter', 'Saturn': 'Saturn', 'Uranus': 'Saturn', 'Neptune': 'Saturn'}"
"Mercury, Earth, Jupiter, Uranus",Mercury,False,125146.22923733485,44.358053432119966,0.20697724408517834,0.016260162601626018,36.0,24.0,"{'Mercury': 'Mercury', 'Venus': 'Earth', 'Earth': 'Earth', 'Mars': 'Earth', 'Ceres': 'Earth', 'Jupiter': 'Jupiter', 'Saturn': 'Earth', 'Uranus': 'Uranus', 'Neptune': 'Uranus'}"
"Mercury, Earth, Ceres, Jupiter, Uranus",Ceres,False,125382.3115514089,41.6856873225745,0.18415971610481277,0.016260162601626018,31.666666666666668,32.0,"{'Mercury': 'Mercury', 'Venus': 'Earth', 'Earth': 'Earth', 'Mars': 'Earth', 'Ceres': 'Ceres', 'Jupiter': 'Jupiter', 'Saturn': 'Earth', 'Uranus': 'Uranus', 'Neptune': 'Uranus'}"
"Mercury, Earth, Jupiter",Jupiter,False,125446.53853268658,59.85952136543125,0.29203058229636114,0.02032520325203252,40.0,16.0,"{'Mercury': 'Mercury', 'Venus': 'Earth', 'Earth': 'Earth', 'Mars': 'Earth', 'Ceres': 'Earth', 'Jupiter': 'Jupiter', 'Saturn': 'Earth', 'Uranus': 'Jupiter', 'Neptune': 'Earth'}"
"Venus, Earth, Ceres",Ceres,False,125551.58963966706,61.537471889304385,0.306581901115516,0.02168021680216802,47.666666666666664,16.0,"{'Mercury': 'Venus', 'Venus': 'Venus', 'Earth': 'Earth', 'Mars': 'Earth', 'Ceres': 'Ceres', 'Jupiter': 'Ceres', 'Saturn': 'Earth', 'Uranus': 'Ceres', 'Neptune': 'Earth'}"
"Mercury, Earth, Ceres, Jupiter",Jupiter,False,125579.88567542627,56.43821559574993,0.2687138840102343,0.018970189701897018,36.0,24.0,"{'Mercury': 'Mercury', 'Venus': 'Earth', 'Earth': 'Earth', 'Mars': 'Earth', 'Ceres': 'Ceres', 'Jupiter': 'Jupiter', 'Saturn': 'Earth', 'Uranus': 'Ceres', 'Neptune': 'Earth'}"
"Venus, Earth, Mars, Saturn",Mars,False,125754.40208885487,54.014435586889476,0.252900316696388,0.018970189701897018,39.666666666666664,24.0,"{'Mercury': 'Mars', 'Venus': 'Venus', 'Earth': 'Earth', 'Mars': 'Mars', 'Ceres': 'Mars', 'Jupiter': 'Mars', 'Saturn': 'Saturn', 'Uranus': 'Saturn', 'Neptune': 'Saturn'}"
"Venus, Earth, Mars, Saturn",Earth,False,125763.66182395093,54.014435586889476,0.252900316696388,0.018970189701897018,39.666666666666664,24.0,"{'Mercury': 'Mars', 'Venus': 'Venus', 'Earth': 'Earth', 'Mars': 'Mars', 'Ceres': 'Mars', 'Jupiter': 'Mars', 'Saturn': 'Saturn', 'Uranus': 'Saturn', 'Neptune': 'Saturn'}"
"Mercury, Earth, Ceres, Neptune",Ceres,False,125763.91965655614,34.19589101392145,0.20759239899256032,0.016260162601626018,39.666666666666664,24.0,"{'Mercury': 'Mercury', 'Venus': 'Earth', 'Earth': 'Earth', 'Mars': 'Earth', 'Ceres': 'Ceres', 'Jupiter': 'Ceres', 'Saturn': 'Earth', 'Uranus': 'Ceres', 'Neptune': 'Neptune'}"
"Venus, Earth, Mars, Saturn",Venus,False,125783.17431353606,54.014435586889476,0.252900316696388,0.018970189701897018,39.666666666666664,24.0,"{'Mercury': 'Mars', 'Venus': 'Venus', 'Earth': 'Earth', 'Mars': 'Mars', 'Ceres': 'Mars', 'Jupiter': 'Mars', 'Saturn': 'Saturn', 'Uranus': 'Saturn', 'Neptune': 'Saturn'}"
"Mercury, Mars, Saturn",Saturn,False,125813.45786986279,55.62443014536204,0.2671709867587454,0.018970189701897018,44.0,16.0,"{'Mercury': 'Mercury', 'Venus': 'Mars', 'Earth': 'Mars', 'Mars': 'Mars', 'Ceres': 'Mars', 'Jupiter': 'Mars', 'Saturn': 'Saturn', 'Uranus': 'Saturn', 'Neptune': 'Saturn'}"
"Venus, Earth, Ceres",Venus,False,125818.6292260062,61.537471889304385,0.306581901115516,0.02168021680216802,47.666666666666664,16.0,"{'Mercury': 'Venus', 'Venus': 'Venus', 'Earth': 'Earth', 'Mars': 'Earth', 'Ceres': 'Ceres', 'Jupiter': 'Ceres', 'Saturn': 'Earth', 'Uranus': 'Ceres', 'Neptune': 'Earth'}"
"Venus, Earth, Ceres",Earth,False,125827.49434617399,61.537471889304385,0.306581901115516,0.02168021680216802,47.666666666666664,16.0,"{'Mercury': 'Venus', 'Venus': 'Venus', 'Earth': 'Earth', 'Mars': 'Earth', 'Ceres': 'Ceres', 'Jupiter': 'Ceres', 'Saturn': 'Earth', 'Uranus': 'Ceres', 'Neptune': 'Earth'}"
"Mercury, Earth, Mars, Jupiter",Jupiter,False,125858.18940333728,56.83663296310777,0.27539231726069036,0.018970189701897018,39.666666666666664,24.0,"{'Mercury': 'Mercury', 'Venus': 'Earth', 'Earth': 'Earth', 'Mars': 'Mars', 'Ceres': 'Mars', 'Jupiter': 'Jupiter', 'Saturn': 'Earth', 'Uranus': 'Mars', 'Neptune': 'Earth'}"
"Mercury, Earth, Jupiter, Uranus",Jupiter,False,125905.02051813652,44.358053432119966,0.20697724408517834,0.016260162601626018,36.0,24.0,"{'Mercury': 'Mercury', 'Venus': 'Earth', 'Earth': 'Earth', 'Mars': 'Earth', 'Ceres': 'Earth', 'Jupiter': 'Jupiter', 'Saturn': 'Earth', 'Uranus': 'Uranus', 'Neptune': 'Uranus'}"
"Ceres, Jupiter, Saturn",Saturn,False,125977.16216789132,55.43522133020759,0.2683303498206089,0.018970189701897018,44.0,16.0,"{'Mercury': 'Ceres', 'Venus': 'Ceres', 'Earth': 'Ceres', 'Mars': 'Ceres', 'Ceres': 'Ceres', 'Jupiter': 'Jupiter', 'Saturn': 'Saturn', 'Uranus': 'Saturn', 'Neptune': 'Saturn'}"
"Mercury, Earth, Ceres, Jupiter, Uranus",Earth,False,126012.38948659354,41.6856873225745,0.18415971610481277,0.016260162601626018,31.666666666666668,32.0,"{'Mercury': 'Mercury', 'Venus': 'Earth', 'Earth': 'Earth', 'Mars': 'Earth', 'Ceres': 'Ceres', 'Jupiter': 'Jupiter', 'Saturn': 'Earth', 'Uranus': 'Uranus', 'Neptune': 'Uranus'}"
"Ceres, Jupiter, Uranus",Ceres,False,126081.9554696937,50.22712815858921,0.2527459466927863,0.018970189701897018,40.0,16.0,"{'Mercury': 'Ceres', 'Venus': 'Ceres', 'Earth': 'Ceres', 'Mars': 'Ceres', 'Ceres': 'Ceres', 'Jupiter': 'Jupiter', 'Saturn': 'Ceres', 'Uranus': 'Uranus', 'Neptune': 'Uranus'}"
"Mercury, Earth, Jupiter, Saturn, Uranus",Jupiter,False,126091.04876783512,35.829646157960646,0.1475630116298126,0.013550135501355014,31.666666666666668,32.0,"{'Mercury': 'Mercury', 'Venus': 'Earth', 'Earth': 'Earth', 'Mars': 'Earth', 'Ceres': 'Earth', 'Jupiter': 'Jupiter', 'Saturn': 'Saturn', 'Uranus': 'Uranus', 'Neptune': 'Saturn'}"
"Mercury, Mars, Jupiter, Saturn, Uranus",Mars,False,126125.9378527984,36.321187830253464,0.1513631948512167,0.014905149051490514,31.666666666666668,32.0,"{'Mercury': 'Mercury', 'Venus': 'Mars', 'Earth': 'Mars', 'Mars': 'Mars', 'Ceres': 'Mars', 'Jupiter': 'Jupiter', 'Saturn': 'Saturn', 'Uranus': 'Uranus', 'Neptune': 'Saturn'}"
"Mercury, Earth, Ceres, Jupiter, Uranus",Mercury,False,126173.02617581385,41.6856873225745,0.18415971610481277,0.016260162601626018,31.666666666666668,32.0,"{'Mercury': 'Mercury', 'Venus': 'Earth', 'Earth': 'Earth', 'Mars': 'Earth', 'Ceres': 'Ceres', 'Jupiter': 'Jupiter', 'Saturn': 'Earth', 'Uranus': 'Uranus', 'Neptune': 'Uranus'}"
"Mercury, Earth, Ceres, Neptune",Earth,False,126193.40557146633,34.19589101392145,0.20759239899256032,0.016260162601626018,39.666666666666664,24.0,"{'Mercury': 'Mercury', 'Venus': 'Earth', 'Earth': 'Earth', 'Mars': 'Earth', 'Ceres': 'Ceres', 'Jupiter': 'Ceres', 'Saturn': 'Earth', 'Uranus': 'Ceres', 'Neptune': 'Neptune'}"
"Mercury, Earth, Ceres, Neptune",Mercury,False,126270.61996663002,34.19589101392145,0.20759239899256032,0.016260162601626018,39.666666666666664,24.0,"{'Mercury': 'Mercury', 'Venus': 'Earth', 'Earth': 'Earth', 'Mars': 'Earth', 'Ceres': 'Ceres', 'Jupiter': 'Ceres', 'Saturn': 'Earth', 'Uranus': 'Ceres', 'Neptune': 'Neptune'}"
"Mercury, Mars, Jupiter, Saturn, Uranus",Mercury,False,126305.70085366794,36.321187830253464,0.1513631948512167,0.014905149051490514,31.666666666666668,32.0,"{'Mercury': 'Mercury', 'Venus': 'Mars', 'Earth': 'Mars', 'Mars': 'Mars', 'Ceres': 'Mars', 'Jupiter': 'Jupiter', 'Saturn': 'Saturn', 'Uranus': 'Uranus', 'Neptune': 'Saturn'}"
"Mercury, Earth, Jupiter, Saturn, Neptune",Earth,False,126505.1917808111,19.371091368527203,0.12181982207693169,0.013550135501355014,31.666666666666668,32.0,"{'Mercury': 'Mercury', 'Venus': 'Earth', 'Earth': 'Earth', 'Mars': 'Earth', 'Ceres': 'Earth', 'Jupiter': 'Jupiter', 'Saturn': 'Saturn', 'Uranus': 'Saturn', 'Neptune': 'Neptune'}"
"Ceres, Jupiter, Uranus",Jupiter,False,126662.33891568033,50.22712815858921,0.2527459466927863,0.018970189701897018,40.0,16.0,"{'Mercury': 'Ceres', 'Venus': 'Ceres', 'Earth': 'Ceres', 'Mars': 'Ceres', 'Ceres': 'Ceres', 'Jupiter': 'Jupiter', 'Saturn': 'Ceres', 'Uranus': 'Uranus', 'Neptune': 'Uranus'}"
"Mercury, Earth, Jupiter, Saturn, Neptune",Mercury,False,126729.58912093572,19.371091368527203,0.12181982207693169,0.013550135501355014,31.666666666666668,32.0,"{'Mercury': 'Mercury', 'Venus': 'Earth', 'Earth': 'Earth', 'Mars': 'Earth', 'Ceres': 'Earth', 'Jupiter': 'Jupiter', 'Saturn': 'Saturn', 'Uranus': 'Saturn', 'Neptune': 'Neptune'}"
"Ceres, Saturn, Uranus",Ceres,False,126901.28582527579,46.315351637773084,0.2302302046196241,0.018970189701897018,40.0,16.0,"{'Mercury': 'Ceres', 'Venus': 'Ceres', 'Earth': 'Ceres', 'Mars': 'Ceres', 'Ceres': 'Ceres', 'Jupiter': 'Ceres', 'Saturn': 'Saturn', 'Uranus': 'Uranus', 'Neptune': 'Saturn'}"
"Mercury, Venus, Earth, Jupiter, Uranus",Uranus,False,126906.85372788383,43.05786381432916,0.196749270553225,0.008130081300813009,31.666666666666668,32.0,"{'Mercury': 'Mercury', 'Venus': 'Venus', 'Earth': 'Earth', 'Mars': 'Earth', 'Ceres': 'Earth', 'Jupiter': 'Jupiter', 'Saturn': 'Earth', 'Uranus': 'Uranus', 'Neptune': 'Uranus'}"
"Venus, Earth, Ceres, Jupiter",Ceres,False,126921.59177328277,56.284366704027875,0.2667273617140309,0.02168021680216802,39.666666666666664,24.0,"{'Mercury': 'Venus', 'Venus': 'Venus', 'Earth': 'Earth', 'Mars': 'Earth', 'Ceres': 'Ceres', 'Jupiter': 'Jupiter', 'Saturn': 'Earth', 'Uranus': 'Ceres', 'Neptune': 'Earth'}"
"Mercury, Earth, Ceres, Jupiter, Neptune",Ceres,False,127134.17031713929,28.971728556938483,0.16795744383020186,0.016260162601626018,31.666666666666668,32.0,"{'Mercury': 'Mercury', 'Venus': 'Earth', 'Earth': 'Earth', 'Mars': 'Earth', 'Ceres': 'Ceres', 'Jupiter': 'Jupiter', 'Saturn': 'Earth', 'Uranus': 'Ceres', 'Neptune': 'Neptune'}"
"Mercury, Ceres, Jupiter",Ceres,False,127315.05768292944,60.21411986655606,0.2938854441364524,0.023035230352303523,44.0,16.0,"{'Mercury': 'Mercury', 'Venus': 'Mercury', 'Earth': 'Ceres', 'Mars': 'Mercury', 'Ceres': 'Ceres', 'Jupiter': 'Jupiter', 'Saturn': 'Ceres', 'Uranus': 'Ceres', 'Neptune': 'Ceres'}"
"Venus, Earth, Ceres, Jupiter",Venus,False,127361.4870269949,56.284366704027875,0.2667273617140309,0.02168021680216802,39.666666666666664,24.0,"{'Mercury': 'Venus', 'Venus': 'Venus', 'Earth': 'Earth', 'Mars': 'Earth', 'Ceres': 'Ceres', 'Jupiter': 'Jupiter', 'Saturn': 'Earth', 'Uranus': 'Ceres', 'Neptune': 'Earth'}"
"Mercury, Earth, Ceres, Jupiter, Uranus",Jupiter,False,127386.29598764428,41.6856873225745,0.18415971610481277,0.016260162601626018,31.666666666666668,32.0,"{'Mercury': 'Mercury', 'Venus': 'Earth', 'Earth': 'Earth', 'Mars': 'Earth', 'Ceres': 'Ceres', 'Jupiter': 'Jupiter', 'Saturn': 'Earth', 'Uranus': 'Uranus', 'Neptune': 'Uranus'}"
"Venus, Earth, Ceres, Jupiter",Earth,False,127386.68395026014,56.284366704027875,0.2667273617140309,0.02168021680216802,39.666666666666664,24.0,"{'Mercury': 'Venus', 'Venus': 'Venus', 'Earth': 'Earth', 'Mars': 'Earth', 'Ceres': 'Ceres', 'Jupiter': 'Jupiter', 'Saturn': 'Earth', 'Uranus': 'Ceres', 'Neptune': 'Earth'}"
"Mercury, Mars, Jupiter, Saturn, Uranus",Jupiter,False,127440.7228545917,36.321187830253464,0.1513631948512167,0.014905149051490514,31.666666666666668,32.0,"{'Mercury': 'Mercury', 'Venus': 'Mars', 'Earth': 'Mars', 'Mars': 'Mars', 'Ceres': 'Mars', 'Jupiter': 'Jupiter', 'Saturn': 'Saturn', 'Uranus': 'Uranus', 'Neptune': 'Saturn'}"
"Mercury, Venus, Earth, Uranus",Earth,False,127442.8467690738,48.216112172888,0.23532551035484064,0.018970189701897018,39.666666666666664,24.0,"{'Mercury': 'Mercury', 'Venus': 'Venus', 'Earth': 'Earth', 'Mars': 'Earth', 'Ceres': 'Earth', 'Jupiter': 'Mercury', 'Saturn': 'Earth', 'Uranus': 'Uranus', 'Neptune': 'Uranus'}"
"Mercury, Earth, Mars",Mars,False,127444.11281254157,61.88734887218537,0.3140295518444545,0.023035230352303523,47.333333333333336,16.0,"{'Mercury': 'Mercury', 'Venus': 'Earth', 'Earth': 'Earth', 'Mars': 'Mars', 'Ceres': 'Mars', 'Jupiter': 'Mars', 'Saturn': 'Earth', 'Uranus': 'Mars', 'Neptune': 'Earth'}"
"Mercury, Earth, Mars",Earth,False,127466.09552316784,61.88734887218537,0.3140295518444545,0.023035230352303523,47.333333333333336,16.0,"{'Mercury': 'Mercury', 'Venus': 'Earth', 'Earth': 'Earth', 'Mars': 'Mars', 'Ceres': 'Mars', 'Jupiter': 'Mars', 'Saturn': 'Earth', 'Uranus': 'Mars', 'Neptune': 'Earth'}"
"Mercury, Venus, Earth, Uranus",Venus,False,127472.69350237983,48.216112172888,0.23532551035484064,0.018970189701897018,39.666666666666664,24.0,"{'Mercury': 'Mercury', 'Venus': 'Venus', 'Earth': 'Earth', 'Mars': 'Earth', 'Ceres': 'Earth', 'Jupiter': 'Mercury', 'Saturn': 'Earth', 'Uranus': 'Uranus', 'Neptune': 'Uranus'}"
"Mercury, Earth, Mars",Mercury,False,127487.16198455883,61.88734887218537,0.3140295518444545,0.023035230352303523,47.333333333333336,16.0,"{'Mercury': 'Mercury', 'Venus': 'Earth', 'Earth': 'Earth', 'Mars': 'Mars', 'Ceres': 'Mars', 'Jupiter': 'Mars', 'Saturn': 'Earth', 'Uranus': 'Mars', 'Neptune': 'Earth'}"
"Mercury, Venus, Earth, Uranus",Mercury,False,127488.52701031903,48.216112172888,0.23532551035484064,0.018970189701897018,39.666666666666664,24.0,"{'Mercury': 'Mercury', 'Venus': 'Venus', 'Earth': 'Earth', 'Mars': 'Earth', 'Ceres': 'Earth', 'Jupiter': 'Mercury', 'Saturn': 'Earth', 'Uranus': 'Uranus', 'Neptune': 'Uranus'}"
"Mercury, Ceres, Jupiter",Mercury,False,127621.70778225096,60.21411986655606,0.2938854441364524,0.023035230352303523,44.0,16.0,"{'Mercury': 'Mercury', 'Venus': 'Mercury', 'Earth': 'Ceres', 'Mars': 'Mercury', 'Ceres': 'Ceres', 'Jupiter': 'Jupiter', 'Saturn': 'Ceres', 'Uranus': 'Ceres', 'Neptune': 'Ceres'}"
"Mercury, Mars, Jupiter, Uranus",Mars,False,127704.35494334991,44.74447350253305,0.2100072470895398,0.018970189701897018,36.0,24.0,"{'Mercury': 'Mercury', 'Venus': 'Mars', 'Earth': 'Mars', 'Mars': 'Mars', 'Ceres': 'Mars', 'Jupiter': 'Jupiter', 'Saturn': 'Mars', 'Uranus': 'Uranus', 'Neptune': 'Uranus'}"
"Venus, Earth, Jupiter",Venus,False,127725.27417284517,59.71494953702077,0.29010598354284284,0.023035230352303523,44.0,16.0,"{'Mercury': 'Venus', 'Venus': 'Venus', 'Earth': 'Earth', 'Mars': 'Earth', 'Ceres': 'Earth', 'Jupiter': 'Jupiter', 'Saturn': 'Earth', 'Uranus': 'Jupiter', 'Neptune': 'Earth'}"
"Ceres, Jupiter, Neptune",Ceres,False,127733.7343563328,37.478047959898845,0.23649891675995824,0.018970189701897018,36.0,16.0,"{'Mercury': 'Ceres', 'Venus': 'Ceres', 'Earth': 'Ceres', 'Mars': 'Ceres', 'Ceres': 'Ceres', 'Jupiter': 'Jupiter', 'Saturn': 'Ceres', 'Uranus': 'Ceres', 'Neptune': 'Neptune'}"
"Venus, Earth, Jupiter",Earth,False,127741.60989211447,59.71494953702077,0.29010598354284284,0.023035230352303523,44.0,16.0,"{'Mercury': 'Venus', 'Venus': 'Venus', 'Earth': 'Earth', 'Mars': 'Earth', 'Ceres': 'Earth', 'Jupiter': 'Jupiter', 'Saturn': 'Earth', 'Uranus': 'Jupiter', 'Neptune': 'Earth'}"
"Mercury, Earth, Ceres, Jupiter, Neptune",Earth,False,127752.84370251992,28.971728556938483,0.16795744383020186,0.016260162601626018,31.666666666666668,32.0,"{'Mercury': 'Mercury', 'Venus': 'Earth', 'Earth': 'Earth', 'Mars': 'Earth', 'Ceres': 'Ceres', 'Jupiter': 'Jupiter', 'Saturn': 'Earth', 'Uranus': 'Ceres', 'Neptune': 'Neptune'}"
"Mercury, Earth, Jupiter, Saturn, Neptune",Jupiter,False,127769.19699895616,19.371091368527203,0.12181982207693169,0.013550135501355014,31.666666666666668,32.0,"{'Mercury': 'Mercury', 'Venus': 'Earth', 'Earth': 'Earth', 'Mars': 'Earth', 'Ceres': 'Earth', 'Jupiter': 'Jupiter', 'Saturn': 'Saturn', 'Uranus': 'Saturn', 'Neptune': 'Neptune'}"
"Venus, Earth, Jupiter, Uranus",Earth,False,127780.27014480934,44.171258923624684,0.20482566621541454,0.018970189701897018,39.666666666666664,24.0,"{'Mercury': 'Venus', 'Venus': 'Venus', 'Earth': 'Earth', 'Mars': 'Earth', 'Ceres': 'Earth', 'Jupiter': 'Jupiter', 'Saturn': 'Earth', 'Uranus': 'Uranus', 'Neptune': 'Uranus'}"
"Venus, Earth, Jupiter, Uranus",Venus,False,127787.34823526967,44.171258923624684,0.20482566621541454,0.018970189701897018,39.666666666666664,24.0,"{'Mercury': 'Venus', 'Venus': 'Venus', 'Earth': 'Earth', 'Mars': 'Earth', 'Ceres': 'Earth', 'Jupiter': 'Jupiter', 'Saturn': 'Earth', 'Uranus': 'Uranus', 'Neptune': 'Uranus'}"
"Mercury, Mars, Jupiter, Uranus",Mercury,False,127837.68607832065,44.74447350253305,0.2100072470895398,0.018970189701897018,36.0,24.0,"{'Mercury': 'Mercury', 'Venus': 'Mars', 'Earth': 'Mars', 'Mars': 'Mars', 'Ceres': 'Mars', 'Jupiter': 'Jupiter', 'Saturn': 'Mars', 'Uranus': 'Uranus', 'Neptune': 'Uranus'}"
"Mercury, Mars, Jupiter, Saturn, Neptune",Mars,False,127867.70454275676,19.839994038358626,0.1255845951338889,0.014905149051490514,31.666666666666668,32.0,"{'Mercury': 'Mercury', 'Venus': 'Mars', 'Earth': 'Mars', 'Mars': 'Mars', 'Ceres': 'Mars', 'Jupiter': 'Jupiter', 'Saturn': 'Saturn', 'Uranus': 'Saturn', 'Neptune': 'Neptune'}"
"Mercury, Earth, Ceres, Jupiter, Neptune",Mercury,False,127947.5185490529,28.971728556938483,0.16795744383020186,0.016260162601626018,31.666666666666668,32.0,"{'Mercury': 'Mercury', 'Venus': 'Earth', 'Earth': 'Earth', 'Mars': 'Earth', 'Ceres': 'Ceres', 'Jupiter': 'Jupiter', 'Saturn': 'Earth', 'Uranus': 'Ceres', 'Neptune': 'Neptune'}"
"Ceres, Saturn, Uranus",Saturn,False,128051.90098291199,46.315351637773084,0.2302302046196241,0.018970189701897018,40.0,16.0,"{'Mercury': 'Ceres', 'Venus': 'Ceres', 'Earth': 'Ceres', 'Mars': 'Ceres', 'Ceres': 'Ceres', 'Jupiter': 'Ceres', 'Saturn': 'Saturn', 'Uranus': 'Uranus', 'Neptune': 'Saturn'}"
"Mercury, Mars, Jupiter, Saturn, Neptune",Mercury,False,128066.84966443802,19.839994038358626,0.1255845951338889,0.014905149051490514,31.666666666666668,32.0,"{'Mercury': 'Mercury', 'Venus': 'Mars', 'Earth': 'Mars', 'Mars': 'Mars', 'Ceres': 'Mars', 'Jupiter': 'Jupiter', 'Saturn': 'Saturn', 'Uranus': 'Saturn', 'Neptune': 'Neptune'}"
"Mercury, Ceres, Jupiter",Jupiter,False,128069.58369439968,60.21411986655606,0.2938854441364524,0.023035230352303523,44.0,16.0,"{'Mercury': 'Mercury', 'Venus': 'Mercury', 'Earth': 'Ceres', 'Mars': 'Mercury', 'Ceres': 'Ceres', 'Jupiter': 'Jupiter', 'Saturn': 'Ceres', 'Uranus': 'Ceres', 'Neptune': 'Ceres'}"
"Mercury, Earth, Jupiter, Neptune",Earth,False,128107.4478245471,32.34571143202925,0.1910708457897737,0.017615176151761516,36.0,24.0,"{'Mercury': 'Mercury', 'Venus': 'Earth', 'Earth': 'Earth', 'Mars': 'Earth', 'Ceres': 'Earth', 'Jupiter': 'Jupiter', 'Saturn': 'Earth', 'Uranus': 'Jupiter', 'Neptune': 'Neptune'}"
"Venus, Earth, Jupiter",Jupiter,False,128127.302126769,59.71494953702077,0.29010598354284284,0.023035230352303523,44.0,16.0,"{'Mercury': 'Venus', 'Venus': 'Venus', 'Earth': 'Earth', 'Mars': 'Earth', 'Ceres': 'Earth', 'Jupiter': 'Jupiter', 'Saturn': 'Earth', 'Uranus': 'Jupiter', 'Neptune': 'Earth'}"
"Venus, Earth, Ceres, Jupiter",Jupiter,False,128252.24473556939,56.284366704027875,0.2667273617140309,0.02168021680216802,39.666666666666664,24.0,"{'Mercury': 'Venus', 'Venus': 'Venus', 'Earth': 'Earth', 'Mars': 'Earth', 'Ceres': 'Ceres', 'Jupiter': 'Jupiter', 'Saturn': 'Earth', 'Uranus': 'Ceres', 'Neptune': 'Earth'}"
"Ceres, Jupiter, Neptune",Jupiter,False,128253.69278101216,37.478047959898845,0.23649891675995824,0.018970189701897018,36.0,16.0,"{'Mercury': 'Ceres', 'Venus': 'Ceres', 'Earth': 'Ceres', 'Mars': 'Ceres', 'Ceres': 'Ceres', 'Jupiter': 'Jupiter', 'Saturn': 'Ceres', 'Uranus': 'Ceres', 'Neptune': 'Neptune'}"
"Mercury, Earth, Jupiter, Neptune",Mercury,False,128276.73265145418,32.34571143202925,0.1910708457897737,0.017615176151761516,36.0,24.0,"{'Mercury': 'Mercury', 'Venus': 'Earth', 'Earth': 'Earth', 'Mars': 'Earth', 'Ceres': 'Earth', 'Jupiter': 'Jupiter', 'Saturn': 'Earth', 'Uranus': 'Jupiter', 'Neptune': 'Neptune'}"
"Mercury, Earth, Jupiter, Saturn, Uranus",Saturn,False,128303.6168483313,35.829646157960646,0.1475630116298126,0.013550135501355014,31.666666666666668,32.0,"{'Mercury': 'Mercury', 'Venus': 'Earth', 'Earth': 'Earth', 'Mars': 'Earth', 'Ceres': 'Earth', 'Jupiter': 'Jupiter', 'Saturn': 'Saturn', 'Uranus': 'Uranus', 'Neptune': 'Saturn'}"
"Venus, Earth, Mars, Saturn",Saturn,False,128303.81961121806,54.014435586889476,0.252900316696388,0.018970189701897018,39.666666666666664,24.0,"{'Mercury': 'Mars', 'Venus': 'Venus', 'Earth': 'Earth', 'Mars': 'Mars', 'Ceres': 'Mars', 'Jupiter': 'Mars', 'Saturn': 'Saturn', 'Uranus': 'Saturn', 'Neptune': 'Saturn'}"
"Ceres, Jupiter, Saturn, Uranus",Ceres,False,128371.41256564451,41.07675779278739,0.1904857606308502,0.018970189701897018,36.0,24.0,"{'Mercury': 'Ceres', 'Venus': 'Ceres', 'Earth': 'Ceres', 'Mars': 'Ceres', 'Ceres': 'Ceres', 'Jupiter': 'Jupiter', 'Saturn': 'Saturn', 'Uranus': 'Uranus', 'Neptune': 'Saturn'}"
"Mercury, Mars, Saturn, Uranus",Mars,False,128547.55485358575,41.26596660794184,0.1893263975689868,0.018970189701897018,36.0,24.0,"{'Mercury': 'Mercury', 'Venus': 'Mars', 'Earth': 'Mars', 'Mars': 'Mars', 'Ceres': 'Mars', 'Jupiter': 'Mars', 'Saturn': 'Saturn', 'Uranus': 'Uranus', 'Neptune': 'Saturn'}"
"Venus, Earth, Jupiter, Uranus",Jupiter,False,128577.18157708929,44.171258923624684,0.20482566621541454,0.018970189701897018,39.666666666666664,24.0,"{'Mercury': 'Venus', 'Venus': 'Venus', 'Earth': 'Earth', 'Mars': 'Earth', 'Ceres': 'Earth', 'Jupiter': 'Jupiter', 'Saturn': 'Earth', 'Uranus': 'Uranus', 'Neptune': 'Uranus'}"
"Mercury, Mars, Saturn, Uranus",Mercury,False,128600.22511886101,41.26596660794184,0.1893263975689868,0.018970189701897018,36.0,24.0,"{'Mercury': 'Mercury', 'Venus': 'Mars', 'Earth': 'Mars', 'Mars': 'Mars', 'Ceres': 'Mars', 'Jupiter': 'Mars', 'Saturn': 'Saturn', 'Uranus': 'Uranus', 'Neptune': 'Saturn'}"
"Mercury, Mars, Jupiter, Uranus",Jupiter,False,128608.8328532097,44.74447350253305,0.2100072470895398,0.018970189701897018,36.0,24.0,"{'Mercury': 'Mercury', 'Venus': 'Mars', 'Earth': 'Mars', 'Mars': 'Mars', 'Ceres': 'Mars', 'Jupiter': 'Jupiter', 'Saturn': 'Mars', 'Uranus': 'Uranus', 'Neptune': 'Uranus'}"
"Ceres, Saturn, Neptune",Ceres,False,128639.62591889557,29.765865606409033,0.20434478750015267,0.018970189701897018,40.0,16.0,"{'Mercury': 'Ceres', 'Venus': 'Ceres', 'Earth': 'Ceres', 'Mars': 'Ceres', 'Ceres': 'Ceres', 'Jupiter': 'Ceres', 'Saturn': 'Saturn', 'Uranus': 'Saturn', 'Neptune': 'Neptune'}"
"Mars, Ceres, Jupiter",Ceres,False,128729.36302549936,59.859881973219146,0.2912346661453243,0.024390243902439025,47.333333333333336,16.0,"{'Mercury': 'Mars', 'Venus': 'Mars', 'Earth': 'Mars', 'Mars': 'Mars', 'Ceres': 'Ceres', 'Jupiter': 'Jupiter', 'Saturn': 'Ceres', 'Uranus': 'Ceres', 'Neptune': 'Ceres'}"
"Mercury, Mars, Jupiter",Mars,False,128897.43918729768,59.0829578108611,0.2930981370005073,0.024390243902439025,36.0,16.0,"{'Mercury': 'Mercury', 'Venus': 'Mars', 'Earth': 'Mars', 'Mars': 'Mars', 'Ceres': 'Mars', 'Jupiter': 'Jupiter', 'Saturn': 'Mars', 'Uranus': 'Mars', 'Neptune': 'Mars'}"
"Mercury, Venus, Jupiter, Saturn",Venus,False,128901.12172350287,50.22445989214763,0.22445449132493012,0.02168021680216802,39.666666666666664,24.0,"{'Mercury': 'Mercury', 'Venus': 'Venus', 'Earth': 'Venus', 'Mars': 'Venus', 'Ceres': 'Venus', 'Jupiter': 'Jupiter', 'Saturn': 'Saturn', 'Uranus': 'Saturn', 'Neptune': 'Saturn'}"
"Mars, Ceres, Jupiter",Mars,False,128908.91960355063,59.859881973219146,0.2912346661453243,0.024390243902439025,47.333333333333336,16.0,"{'Mercury': 'Mars', 'Venus': 'Mars', 'Earth': 'Mars', 'Mars': 'Mars', 'Ceres': 'Ceres', 'Jupiter': 'Jupiter', 'Saturn': 'Ceres', 'Uranus': 'Ceres', 'Neptune': 'Ceres'}"
"Mercury, Earth, Jupiter, Neptune",Jupiter,False,128952.46530343988,32.34571143202925,0.1910708457897737,0.017615176151761516,36.0,24.0,"{'Mercury': 'Mercury', 'Venus': 'Earth', 'Earth': 'Earth', 'Mars': 'Earth', 'Ceres': 'Earth', 'Jupiter': 'Jupiter', 'Saturn': 'Earth', 'Uranus': 'Jupiter', 'Neptune': 'Neptune'}"
"Venus, Earth, Mars, Jupiter",Mars,False,128981.96268906585,57.39944847350976,0.2793945202652372,0.023035230352303523,39.666666666666664,24.0,"{'Mercury': 'Mars', 'Venus': 'Venus', 'Earth': 'Earth', 'Mars': 'Mars', 'Ceres': 'Mars', 'Jupiter': 'Jupiter', 'Saturn': 'Earth', 'Uranus': 'Mars', 'Neptune': 'Earth'}"
"Venus, Earth, Mars, Jupiter",Venus,False,128988.23178339479,57.39944847350976,0.2793945202652372,0.023035230352303523,39.666666666666664,24.0,"{'Mercury': 'Mars', 'Venus': 'Venus', 'Earth': 'Earth', 'Mars': 'Mars', 'Ceres': 'Mars', 'Jupiter': 'Jupiter', 'Saturn': 'Earth', 'Uranus': 'Mars', 'Neptune': 'Earth'}"
"Venus, Earth, Mars, Jupiter",Earth,False,129009.53535570568,57.39944847350976,0.2793945202652372,0.023035230352303523,39.666666666666664,24.0,"{'Mercury': 'Mars', 'Venus': 'Venus', 'Earth': 'Earth', 'Mars': 'Mars', 'Ceres': 'Mars', 'Jupiter': 'Jupiter', 'Saturn': 'Earth', 'Uranus': 'Mars', 'Neptune': 'Earth'}"
"Mercury, Mars, Jupiter",Mercury,False,129024.53005521528,59.0829578108611,0.2930981370005073,0.024390243902439025,36.0,16.0,"{'Mercury': 'Mercury', 'Venus': 'Mars', 'Earth': 'Mars', 'Mars': 'Mars', 'Ceres': 'Mars', 'Jupiter': 'Jupiter', 'Saturn': 'Mars', 'Uranus': 'Mars', 'Neptune': 'Mars'}"
"Mercury, Venus, Jupiter, Saturn",Mercury,False,129056.93159816999,50.22445989214763,0.22445449132493012,0.02168021680216802,39.666666666666664,24.0,"{'Mercury': 'Mercury', 'Venus': 'Venus', 'Earth': 'Venus', 'Mars': 'Venus', 'Ceres': 'Venus', 'Jupiter': 'Jupiter', 'Saturn': 'Saturn', 'Uranus': 'Saturn', 'Neptune': 'Saturn'}"
"Mercury, Earth, Ceres, Jupiter, Neptune",Jupiter,False,129077.72973206738,28.971728556938483,0.16795744383020186,0.016260162601626018,31.666666666666668,32.0,"{'Mercury': 'Mercury', 'Venus': 'Earth', 'Earth': 'Earth', 'Mars': 'Earth', 'Ceres': 'Ceres', 'Jupiter': 'Jupiter', 'Saturn': 'Earth', 'Uranus': 'Ceres', 'Neptune': 'Neptune'}"
"Mercury, Mars, Jupiter, Saturn, Neptune",Jupiter,False,129118.81303654585,19.839994038358626,0.1255845951338889,0.014905149051490514,31.666666666666668,32.0,"{'Mercury': 'Mercury', 'Venus': 'Mars', 'Earth': 'Mars', 'Mars': 'Mars', 'Ceres': 'Mars', 'Jupiter': 'Jupiter', 'Saturn': 'Saturn', 'Uranus': 'Saturn', 'Neptune': 'Neptune'}"
"Ceres, Jupiter, Uranus",Uranus,False,129190.90899687228,50.22712815858921,0.2527459466927863,0.018970189701897018,40.0,16.0,"{'Mercury': 'Ceres', 'Venus': 'Ceres', 'Earth': 'Ceres', 'Mars': 'Ceres', 'Ceres': 'Ceres', 'Jupiter': 'Jupiter', 'Saturn': 'Ceres', 'Uranus': 'Uranus', 'Neptune': 'Uranus'}"
"Mars, Ceres, Jupiter",Jupiter,False,129384.4293883794,59.859881973219146,0.2912346661453243,0.024390243902439025,47.333333333333336,16.0,"{'Mercury': 'Mars', 'Venus': 'Mars', 'Earth': 'Mars', 'Mars': 'Mars', 'Ceres': 'Ceres', 'Jupiter': 'Jupiter', 'Saturn': 'Ceres', 'Uranus': 'Ceres', 'Neptune': 'Ceres'}"
"Mercury, Mars, Jupiter",Jupiter,False,129402.23898597006,59.0829578108611,0.2930981370005073,0.024390243902439025,36.0,16.0,"{'Mercury': 'Mercury', 'Venus': 'Mars', 'Earth': 'Mars', 'Mars': 'Mars', 'Ceres': 'Mars', 'Jupiter': 'Jupiter', 'Saturn': 'Mars', 'Uranus': 'Mars', 'Neptune': 'Mars'}"
"Mercury, Venus, Ceres, Uranus",Ceres,False,129421.47480039815,46.74175628389367,0.22218807261190004,0.02168021680216802,39.666666666666664,24.0,"{'Mercury': 'Mercury', 'Venus': 'Venus', 'Earth': 'Venus', 'Mars': 'Venus', 'Ceres': 'Ceres', 'Jupiter': 'Ceres', 'Saturn': 'Venus', 'Uranus': 'Uranus', 'Neptune': 'Uranus'}"
"Mars, Ceres, Saturn",Ceres,False,129547.30565862013,54.97958641732897,0.25996638731255167,0.024390243902439025,47.666666666666664,16.0,"{'Mercury': 'Mars', 'Venus': 'Mars', 'Earth': 'Mars', 'Mars': 'Mars', 'Ceres': 'Ceres', 'Jupiter': 'Ceres', 'Saturn': 'Saturn', 'Uranus': 'Saturn', 'Neptune': 'Saturn'}"
"Ceres, Jupiter, Saturn, Uranus",Jupiter,False,129563.25968228505,41.07675779278739,0.1904857606308502,0.018970189701897018,36.0,24.0,"{'Mercury': 'Ceres', 'Venus': 'Ceres', 'Earth': 'Ceres', 'Mars': 'Ceres', 'Ceres': 'Ceres', 'Jupiter': 'Jupiter', 'Saturn': 'Saturn', 'Uranus': 'Uranus', 'Neptune': 'Saturn'}"
"Mercury, Earth, Ceres, Uranus, Neptune",Ceres,False,129601.6366447571,16.286080485878795,0.11953628297874752,0.016260162601626018,31.666666666666668,32.0,"{'Mercury': 'Mercury', 'Venus': 'Earth', 'Earth': 'Earth', 'Mars': 'Earth', 'Ceres': 'Ceres', 'Jupiter': 'Ceres', 'Saturn': 'Earth', 'Uranus': 'Uranus', 'Neptune': 'Neptune'}"
"Earth, Mars, Ceres",Ceres,False,129632.5519848388,61.90025307204117,0.3089199507964678,0.025745257452574527,47.666666666666664,16.0,"{'Mercury': 'Mars', 'Venus': 'Earth', 'Earth': 'Earth', 'Mars': 'Mars', 'Ceres': 'Ceres', 'Jupiter': 'Ceres', 'Saturn': 'Earth', 'Uranus': 'Ceres', 'Neptune': 'Earth'}"
"Mercury, Mars, Jupiter, Saturn, Uranus",Saturn,False,129671.59974687909,36.321187830253464,0.1513631948512167,0.014905149051490514,31.666666666666668,32.0,"{'Mercury': 'Mercury', 'Venus': 'Mars', 'Earth': 'Mars', 'Mars': 'Mars', 'Ceres': 'Mars', 'Jupiter': 'Jupiter', 'Saturn': 'Saturn', 'Uranus': 'Uranus', 'Neptune': 'Saturn'}"
"Ceres, Saturn, Uranus",Uranus,False,129734.68578650788,46.315351637773084,0.2302302046196241,0.018970189701897018,40.0,16.0,"{'Mercury': 'Ceres', 'Venus': 'Ceres', 'Earth': 'Ceres', 'Mars': 'Ceres', 'Ceres': 'Ceres', 'Jupiter': 'Ceres', 'Saturn': 'Saturn', 'Uranus': 'Uranus', 'Neptune': 'Saturn'}"
"Mars, Ceres, Saturn",Mars,False,129748.46362914628,54.97958641732897,0.25996638731255167,0.024390243902439025,47.666666666666664,16.0,"{'Mercury': 'Mars', 'Venus': 'Mars', 'Earth': 'Mars', 'Mars': 'Mars', 'Ceres': 'Ceres', 'Jupiter': 'Ceres', 'Saturn': 'Saturn', 'Uranus': 'Saturn', 'Neptune': 'Saturn'}"
"Mercury, Venus, Jupiter, Saturn",Jupiter,False,129772.00956980187,50.22445989214763,0.22445449132493012,0.02168021680216802,39.666666666666664,24.0,"{'Mercury': 'Mercury', 'Venus': 'Venus', 'Earth': 'Venus', 'Mars': 'Venus', 'Ceres': 'Venus', 'Jupiter': 'Jupiter', 'Saturn': 'Saturn', 'Uranus': 'Saturn', 'Neptune': 'Saturn'}"
"Venus, Earth, Mars, Saturn, Uranus",Earth,False,129784.31701559928,39.655972049469256,0.1750557275066293,0.018970189701897018,31.666666666666668,32.0,"{'Mercury': 'Mars', 'Venus': 'Venus', 'Earth': 'Earth', 'Mars': 'Mars', 'Ceres': 'Mars', 'Jupiter': 'Mars', 'Saturn': 'Saturn', 'Uranus': 'Uranus', 'Neptune': 'Saturn'}"
"Venus, Earth, Mars, Saturn, Uranus",Mars,False,129786.59836694121,39.655972049469256,0.1750557275066293,0.018970189701897018,31.666666666666668,32.0,"{'Mercury': 'Mars', 'Venus': 'Venus', 'Earth': 'Earth', 'Mars': 'Mars', 'Ceres': 'Mars', 'Jupiter': 'Mars', 'Saturn': 'Saturn', 'Uranus': 'Uranus', 'Neptune': 'Saturn'}"
"Venus, Earth, Mars, Jupiter",Jupiter,False,129800.6007366521,57.39944847350976,0.2793945202652372,0.023035230352303523,39.666666666666664,24.0,"{'Mercury': 'Mars', 'Venus': 'Venus', 'Earth': 'Earth', 'Mars': 'Mars', 'Ceres': 'Mars', 'Jupiter': 'Jupiter', 'Saturn': 'Earth', 'Uranus': 'Mars', 'Neptune': 'Earth'}"
"Ceres, Saturn, Neptune",Saturn,False,129806.20239976232,29.765865606409033,0.20434478750015267,0.018970189701897018,40.0,16.0,"{'Mercury': 'Ceres', 'Venus': 'Ceres', 'Earth': 'Ceres', 'Mars': 'Ceres', 'Ceres': 'Ceres', 'Jupiter': 'Ceres', 'Saturn': 'Saturn', 'Uranus': 'Saturn', 'Neptune': 'Neptune'}"
"Venus, Earth, Mars, Saturn, Uranus",Venus,False,129827.24331491404,39.655972049469256,0.1750557275066293,0.018970189701897018,31.666666666666668,32.0,"{'Mercury': 'Mars', 'Venus': 'Venus', 'Earth': 'Earth', 'Mars': 'Mars', 'Ceres': 'Mars', 'Jupiter': 'Mars', 'Saturn': 'Saturn', 'Uranus': 'Uranus', 'Neptune': 'Saturn'}"
"Mercury, Ceres, Uranus",Ceres,False,129878.32003692613,50.110829635637,0.2470112851570629,0.023035230352303523,47.666666666666664,16.0,"{'Mercury': 'Mercury', 'Venus': 'Mercury', 'Earth': 'Ceres', 'Mars': 'Mercury', 'Ceres': 'Ceres', 'Jupiter': 'Ceres', 'Saturn': 'Ceres', 'Uranus': 'Uranus', 'Neptune': 'Uranus'}"
"Earth, Mars, Ceres",Earth,False,129882.26023065166,61.90025307204117,0.3089199507964678,0.025745257452574527,47.666666666666664,16.0,"{'Mercury': 'Mars', 'Venus': 'Earth', 'Earth': 'Earth', 'Mars': 'Mars', 'Ceres': 'Ceres', 'Jupiter': 'Ceres', 'Saturn': 'Earth', 'Uranus': 'Ceres', 'Neptune': 'Earth'}"
"Earth, Mars, Ceres",Mars,False,129886.61017891022,61.90025307204117,0.3089199507964678,0.025745257452574527,47.666666666666664,16.0,"{'Mercury': 'Mars', 'Venus': 'Earth', 'Earth': 'Earth', 'Mars': 'Mars', 'Ceres': 'Ceres', 'Jupiter': 'Ceres', 'Saturn': 'Earth', 'Uranus': 'Ceres', 'Neptune': 'Earth'}"
"Mercury, Venus, Ceres, Uranus",Venus,False,129892.22030941295,46.74175628389367,0.22218807261190004,0.02168021680216802,39.666666666666664,24.0,"{'Mercury': 'Mercury', 'Venus': 'Venus', 'Earth': 'Venus', 'Mars': 'Venus', 'Ceres': 'Ceres', 'Jupiter': 'Ceres', 'Saturn': 'Venus', 'Uranus': 'Uranus', 'Neptune': 'Uranus'}"
"Mercury, Venus, Ceres, Uranus",Mercury,False,129912.22844257766,46.74175628389367,0.22218807261190004,0.02168021680216802,39.666666666666664,24.0,"{'Mercury': 'Mercury', 'Venus': 'Venus', 'Earth': 'Venus', 'Mars': 'Venus', 'Ceres': 'Ceres', 'Jupiter': 'Ceres', 'Saturn': 'Venus', 'Uranus': 'Uranus', 'Neptune': 'Uranus'}"
"Mercury, Venus, Earth",Earth,False,130010.38410864762,62.40740255332623,0.3181287199129057,0.025745257452574527,40.0,16.0,"{'Mercury': 'Mercury', 'Venus': 'Venus', 'Earth': 'Earth', 'Mars': 'Earth', 'Ceres': 'Earth', 'Jupiter': 'Mercury', 'Saturn': 'Earth', 'Uranus': 'Earth', 'Neptune': 'Earth'}"
"Mercury, Venus, Earth",Venus,False,130016.81703222402,62.40740255332623,0.3181287199129057,0.025745257452574527,40.0,16.0,"{'Mercury': 'Mercury', 'Venus': 'Venus', 'Earth': 'Earth', 'Mars': 'Earth', 'Ceres': 'Earth', 'Jupiter': 'Mercury', 'Saturn': 'Earth', 'Uranus': 'Earth', 'Neptune': 'Earth'}"
"Mercury, Earth, Saturn",Earth,False,130037.04190815262,55.37447070162428,0.26408410901643464,0.024390243902439025,47.666666666666664,16.0,"{'Mercury': 'Mercury', 'Venus': 'Earth', 'Earth': 'Earth', 'Mars': 'Earth', 'Ceres': 'Earth', 'Jupiter': 'Mercury', 'Saturn': 'Saturn', 'Uranus': 'Saturn', 'Neptune': 'Saturn'}"
"Mercury, Venus, Earth",Mercury,False,130038.28299640171,62.40740255332623,0.3181287199129057,0.025745257452574527,40.0,16.0,"{'Mercury': 'Mercury', 'Venus': 'Venus', 'Earth': 'Earth', 'Mars': 'Earth', 'Ceres': 'Earth', 'Jupiter': 'Mercury', 'Saturn': 'Earth', 'Uranus': 'Earth', 'Neptune': 'Earth'}"
"Mercury, Earth, Jupiter, Saturn, Neptune",Saturn,False,130058.15142399017,19.371091368527203,0.12181982207693169,0.013550135501355014,31.666666666666668,32.0,"{'Mercury': 'Mercury', 'Venus': 'Earth', 'Earth': 'Earth', 'Mars': 'Earth', 'Ceres': 'Earth', 'Jupiter': 'Jupiter', 'Saturn': 'Saturn', 'Uranus': 'Saturn', 'Neptune': 'Neptune'}"
"Mercury, Ceres, Uranus",Mercury,False,130065.27889753178,50.110829635637,0.2470112851570629,0.023035230352303523,47.666666666666664,16.0,"{'Mercury': 'Mercury', 'Venus': 'Mercury', 'Earth': 'Ceres', 'Mars': 'Mercury', 'Ceres': 'Ceres', 'Jupiter': 'Ceres', 'Saturn': 'Ceres', 'Uranus': 'Uranus', 'Neptune': 'Uranus'}"
"Mercury, Earth, Saturn",Mercury,False,130092.15928610414,55.37447070162428,0.26408410901643464,0.024390243902439025,47.666666666666664,16.0,"{'Mercury': 'Mercury', 'Venus': 'Earth', 'Earth': 'Earth', 'Mars': 'Earth', 'Ceres': 'Earth', 'Jupiter': 'Mercury', 'Saturn': 'Saturn', 'Uranus': 'Saturn', 'Neptune': 'Saturn'}"
"Venus, Earth, Mars, Uranus",Mars,False,130103.00704570772,48.24222735808801,0.23487528179243128,0.02168021680216802,39.666666666666664,24.0,"{'Mercury': 'Mars', 'Venus': 'Venus', 'Earth': 'Earth', 'Mars': 'Mars', 'Ceres': 'Mars', 'Jupiter': 'Mars', 'Saturn': 'Earth', 'Uranus': 'Uranus', 'Neptune': 'Uranus'}"
"Venus, Earth, Mars, Uranus",Earth,False,130109.40634168453,48.24222735808801,0.23487528179243128,0.02168021680216802,39.666666666666664,24.0,"{'Mercury': 'Mars', 'Venus': 'Venus', 'Earth': 'Earth', 'Mars': 'Mars', 'Ceres': 'Mars', 'Jupiter': 'Mars', 'Saturn': 'Earth', 'Uranus': 'Uranus', 'Neptune': 'Uranus'}"
"Ceres, Jupiter, Saturn, Neptune",Ceres,False,130109.75265926431,24.527271761423354,0.16460034351137873,0.018970189701897018,36.0,24.0,"{'Mercury': 'Ceres', 'Venus': 'Ceres', 'Earth': 'Ceres', 'Mars': 'Ceres', 'Ceres': 'Ceres', 'Jupiter': 'Jupiter', 'Saturn': 'Saturn', 'Uranus': 'Saturn', 'Neptune': 'Neptune'}"
"Mercury, Mars, Uranus",Mars,False,130118.09620575294,49.74487529457644,0.24837242174193977,0.023035230352303523,40.0,16.0,"{'Mercury': 'Mercury', 'Venus': 'Mars', 'Earth': 'Mars', 'Mars': 'Mars', 'Ceres': 'Mars', 'Jupiter': 'Mars', 'Saturn': 'Mars', 'Uranus': 'Uranus', 'Neptune': 'Uranus'}"
"Mercury, Mars, Uranus",Mercury,False,130124.33460512938,49.74487529457644,0.24837242174193977,0.023035230352303523,40.0,16.0,"{'Mercury': 'Mercury', 'Venus': 'Mars', 'Earth': 'Mars', 'Mars': 'Mars', 'Ceres': 'Mars', 'Jupiter': 'Mars', 'Saturn': 'Mars', 'Uranus': 'Uranus', 'Neptune': 'Uranus'}"
"Venus, Earth, Mars, Uranus",Venus,False,130127.84838220077,48.24222735808801,0.23487528179243128,0.02168021680216802,39.666666666666664,24.0,"{'Mercury': 'Mars', 'Venus': 'Venus', 'Earth': 'Earth', 'Mars': 'Mars', 'Ceres': 'Mars', 'Jupiter': 'Mars', 'Saturn': 'Earth', 'Uranus': 'Uranus', 'Neptune': 'Uranus'}"
"Mercury, Earth, Ceres, Uranus, Neptune",Earth,False,130200.2978893,16.286080485878795,0.11953628297874752,0.016260162601626018,31.666666666666668,32.0,"{'Mercury': 'Mercury', 'Venus': 'Earth', 'Earth': 'Earth', 'Mars': 'Earth', 'Ceres': 'Ceres', 'Jupiter': 'Ceres', 'Saturn': 'Earth', 'Uranus': 'Uranus', 'Neptune': 'Neptune'}"
"Ceres, Uranus, Neptune",Ceres,False,130201.03188061106,24.757356662123502,0.18794399579565474,0.018970189701897018,36.0,16.0,"{'Mercury': 'Ceres', 'Venus': 'Ceres', 'Earth': 'Ceres', 'Mars': 'Ceres', 'Ceres': 'Ceres', 'Jupiter': 'Ceres', 'Saturn': 'Ceres', 'Uranus': 'Uranus', 'Neptune': 'Neptune'}"
"Mercury, Mars, Saturn, Neptune",Mars,False,130289.14643390251,24.716480576577812,0.16344098044951522,0.018970189701897018,36.0,24.0,"{'Mercury': 'Mercury', 'Venus': 'Mars', 'Earth': 'Mars', 'Mars': 'Mars', 'Ceres': 'Mars', 'Jupiter': 'Mars', 'Saturn': 'Saturn', 'Uranus': 'Saturn', 'Neptune': 'Neptune'}"
"Mercury, Earth, Ceres, Uranus, Neptune",Mercury,False,130295.29363795483,16.286080485878795,0.11953628297874752,0.016260162601626018,31.666666666666668,32.0,"{'Mercury': 'Mercury', 'Venus': 'Earth', 'Earth': 'Earth', 'Mars': 'Earth', 'Ceres': 'Ceres', 'Jupiter': 'Ceres', 'Saturn': 'Earth', 'Uranus': 'Uranus', 'Neptune': 'Neptune'}"
"Mercury, Earth, Ceres, Uranus",Uranus,False,130356.17353225738,46.90984977955751,0.22379467126717117,0.016260162601626018,39.666666666666664,24.0,"{'Mercury': 'Mercury', 'Venus': 'Earth', 'Earth': 'Earth', 'Mars': 'Earth', 'Ceres': 'Ceres', 'Jupiter': 'Ceres', 'Saturn': 'Earth', 'Uranus': 'Uranus', 'Neptune': 'Uranus'}"
"Mercury, Mars, Saturn, Neptune",Mercury,False,130361.19881998948,24.716480576577812,0.16344098044951522,0.018970189701897018,36.0,24.0,"{'Mercury': 'Mercury', 'Venus': 'Mars', 'Earth': 'Mars', 'Mars': 'Mars', 'Ceres': 'Mars', 'Jupiter': 'Mars', 'Saturn': 'Saturn', 'Uranus': 'Saturn', 'Neptune': 'Neptune'}"
"Mercury, Earth, Mars, Neptune",Earth,False,130517.73504679347,34.291819333139735,0.212729680604659,0.02032520325203252,39.666666666666664,24.0,"{'Mercury': 'Mercury', 'Venus': 'Earth', 'Earth': 'Earth', 'Mars': 'Mars', 'Ceres': 'Mars', 'Jupiter': 'Mars', 'Saturn': 'Earth', 'Uranus': 'Mars', 'Neptune': 'Neptune'}"
"Mercury, Earth, Mars, Neptune",Mars,False,130521.94945910618,34.291819333139735,0.212729680604659,0.02032520325203252,39.666666666666664,24.0,"{'Mercury': 'Mercury', 'Venus': 'Earth', 'Earth': 'Earth', 'Mars': 'Mars', 'Ceres': 'Mars', 'Jupiter': 'Mars', 'Saturn': 'Earth', 'Uranus': 'Mars', 'Neptune': 'Neptune'}"
"Mercury, Earth, Mars, Neptune",Mercury,False,130590.6210189883,34.291819333139735,0.212729680604659,0.02032520325203252,39.666666666666664,24.0,"{'Mercury': 'Mercury', 'Venus': 'Earth', 'Earth': 'Earth', 'Mars': 'Mars', 'Ceres': 'Mars', 'Jupiter': 'Mars', 'Saturn': 'Earth', 'Uranus': 'Mars', 'Neptune': 'Neptune'}"
"Mercury, Earth, Jupiter, Uranus, Neptune",Earth,False,130758.32910150052,13.734284138441307,0.10271885579675454,0.016260162601626018,28.0,32.0,"{'Mercury': 'Mercury', 'Venus': 'Earth', 'Earth': 'Earth', 'Mars': 'Earth', 'Ceres': 'Earth', 'Jupiter': 'Jupiter', 'Saturn': 'Earth', 'Uranus': 'Uranus', 'Neptune': 'Neptune'}"
"Mercury, Venus, Ceres, Jupiter, Uranus",Ceres,False,130791.47693401387,41.48865109861715,0.18233353321041512,0.02168021680216802,31.666666666666668,32.0,"{'Mercury': 'Mercury', 'Venus': 'Venus', 'Earth': 'Venus', 'Mars': 'Venus', 'Ceres': 'Ceres', 'Jupiter': 'Jupiter', 'Saturn': 'Venus', 'Uranus': 'Uranus', 'Neptune': 'Uranus'}"
"Mercury, Mars, Saturn, Uranus",Saturn,False,130815.54767958203,41.26596660794184,0.1893263975689868,0.018970189701897018,36.0,24.0,"{'Mercury': 'Mercury', 'Venus': 'Mars', 'Earth': 'Mars', 'Mars': 'Mars', 'Ceres': 'Mars', 'Jupiter': 'Mars', 'Saturn': 'Saturn', 'Uranus': 'Uranus', 'Neptune': 'Saturn'}"
"Mercury, Earth, Jupiter, Uranus",Uranus,False,130825.52153226719,44.358053432119966,0.20697724408517834,0.016260162601626018,36.0,24.0,"{'Mercury': 'Mercury', 'Venus': 'Earth', 'Earth': 'Earth', 'Mars': 'Earth', 'Ceres': 'Earth', 'Jupiter': 'Jupiter', 'Saturn': 'Earth', 'Uranus': 'Uranus', 'Neptune': 'Uranus'}"
"Venus, Earth, Jupiter, Neptune",Venus,False,130864.49874037996,32.12542940139195,0.18887229091522337,0.02032520325203252,39.666666666666664,24.0,"{'Mercury': 'Venus', 'Venus': 'Venus', 'Earth': 'Earth', 'Mars': 'Earth', 'Ceres': 'Earth', 'Jupiter': 'Jupiter', 'Saturn': 'Earth', 'Uranus': 'Jupiter', 'Neptune': 'Neptune'}"
"Venus, Earth, Jupiter, Neptune",Earth,False,130876.65493708903,32.12542940139195,0.18887229091522337,0.02032520325203252,39.666666666666664,24.0,"{'Mercury': 'Venus', 'Venus': 'Venus', 'Earth': 'Earth', 'Mars': 'Earth', 'Ceres': 'Earth', 'Jupiter': 'Jupiter', 'Saturn': 'Earth', 'Uranus': 'Jupiter', 'Neptune': 'Neptune'}"
"Venus, Ceres, Saturn",Ceres,False,130878.21074379273,53.88464569906885,0.250173726969489,0.025745257452574527,47.666666666666664,16.0,"{'Mercury': 'Venus', 'Venus': 'Venus', 'Earth': 'Venus', 'Mars': 'Venus', 'Ceres': 'Ceres', 'Jupiter': 'Ceres', 'Saturn': 'Saturn', 'Uranus': 'Saturn', 'Neptune': 'Saturn'}"
"Earth, Ceres, Saturn",Ceres,False,130889.75575953393,54.162135551886585,0.25257565403918286,0.025745257452574527,47.666666666666664,16.0,"{'Mercury': 'Earth', 'Venus': 'Earth', 'Earth': 'Earth', 'Mars': 'Earth', 'Ceres': 'Ceres', 'Jupiter': 'Ceres', 'Saturn': 'Saturn', 'Uranus': 'Saturn', 'Neptune': 'Saturn'}"
"Mars, Ceres, Jupiter, Saturn",Ceres,False,130917.18249322311,49.71188927320441,0.22000114085717343,0.024390243902439025,39.666666666666664,24.0,"{'Mercury': 'Mars', 'Venus': 'Mars', 'Earth': 'Mars', 'Mars': 'Mars', 'Ceres': 'Ceres', 'Jupiter': 'Jupiter', 'Saturn': 'Saturn', 'Uranus': 'Saturn', 'Neptune': 'Saturn'}"
"Mercury, Earth, Jupiter, Uranus, Neptune",Mercury,False,130945.39528189872,13.734284138441307,0.10271885579675454,0.016260162601626018,28.0,32.0,"{'Mercury': 'Mercury', 'Venus': 'Earth', 'Earth': 'Earth', 'Mars': 'Earth', 'Ceres': 'Earth', 'Jupiter': 'Jupiter', 'Saturn': 'Earth', 'Uranus': 'Uranus', 'Neptune': 'Neptune'}"
"Ceres, Jupiter, Saturn, Uranus",Saturn,False,130979.25197761056,41.07675779278739,0.1904857606308502,0.018970189701897018,36.0,24.0,"{'Mercury': 'Ceres', 'Venus': 'Ceres', 'Earth': 'Ceres', 'Mars': 'Ceres', 'Ceres': 'Ceres', 'Jupiter': 'Jupiter', 'Saturn': 'Saturn', 'Uranus': 'Uranus', 'Neptune': 'Saturn'}"
"Earth, Mars, Ceres, Jupiter",Ceres,False,131002.36590853275,56.62522950629757,0.2688991198536691,0.025745257452574527,39.666666666666664,24.0,"{'Mercury': 'Mars', 'Venus': 'Earth', 'Earth': 'Earth', 'Mars': 'Mars', 'Ceres': 'Ceres', 'Jupiter': 'Jupiter', 'Saturn': 'Earth', 'Uranus': 'Ceres', 'Neptune': 'Earth'}"
"Mars, Ceres, Saturn",Saturn,False,131069.74883506633,54.97958641732897,0.25996638731255167,0.024390243902439025,47.666666666666664,16.0,"{'Mercury': 'Mars', 'Venus': 'Mars', 'Earth': 'Mars', 'Mars': 'Mars', 'Ceres': 'Ceres', 'Jupiter': 'Ceres', 'Saturn': 'Saturn', 'Uranus': 'Saturn', 'Neptune': 'Saturn'}"
"Earth, Ceres, Saturn",Earth,False,131082.23563888873,54.162135551886585,0.25257565403918286,0.025745257452574527,47.666666666666664,16.0,"{'Mercury': 'Earth', 'Venus': 'Earth', 'Earth': 'Earth', 'Mars': 'Earth', 'Ceres': 'Ceres', 'Jupiter': 'Ceres', 'Saturn': 'Saturn', 'Uranus': 'Saturn', 'Neptune': 'Saturn'}"
"Venus, Ceres, Saturn",Venus,False,131095.17927676882,53.88464569906885,0.250173726969489,0.025745257452574527,47.666666666666664,16.0,"{'Mercury': 'Venus', 'Venus': 'Venus', 'Earth': 'Venus', 'Mars': 'Venus', 'Ceres': 'Ceres', 'Jupiter': 'Ceres', 'Saturn': 'Saturn', 'Uranus': 'Saturn', 'Neptune': 'Saturn'}"
"Mercury, Venus, Ceres, Neptune",Ceres,False,131173.17336540256,33.95736007357266,0.20589603705598944,0.02168021680216802,39.666666666666664,24.0,"{'Mercury': 'Mercury', 'Venus': 'Venus', 'Earth': 'Venus', 'Mars': 'Venus', 'Ceres': 'Ceres', 'Jupiter': 'Ceres', 'Saturn': 'Venus', 'Uranus': 'Ceres', 'Neptune': 'Neptune'}"
"Mars, Ceres, Uranus",Ceres,False,131209.2129108166,49.74255939475715,0.2442954041673522,0.024390243902439025,47.666666666666664,16.0,"{'Mercury': 'Mars', 'Venus': 'Mars', 'Earth': 'Mars', 'Mars': 'Mars', 'Ceres': 'Ceres', 'Jupiter': 'Ceres', 'Saturn': 'Ceres', 'Uranus': 'Uranus', 'Neptune': 'Uranus'}"
"Ceres, Jupiter, Saturn, Neptune",Jupiter,False,131241.17475459757,24.527271761423354,0.16460034351137873,0.018970189701897018,36.0,24.0,"{'Mercury': 'Ceres', 'Venus': 'Ceres', 'Earth': 'Ceres', 'Mars': 'Ceres', 'Ceres': 'Ceres', 'Jupiter': 'Jupiter', 'Saturn': 'Saturn', 'Uranus': 'Saturn', 'Neptune': 'Neptune'}"
"Mars, Ceres, Jupiter, Saturn",Mars,False,131297.8956499947,49.71188927320441,0.22000114085717343,0.024390243902439025,39.666666666666664,24.0,"{'Mercury': 'Mars', 'Venus': 'Mars', 'Earth': 'Mars', 'Mars': 'Mars', 'Ceres': 'Ceres', 'Jupiter': 'Jupiter', 'Saturn': 'Saturn', 'Uranus': 'Saturn', 'Neptune': 'Saturn'}"
"Mercury, Earth, Saturn",Saturn,False,131313.1642763668,55.37447070162428,0.26408410901643464,0.024390243902439025,47.666666666666664,16.0,"{'Mercury': 'Mercury', 'Venus': 'Earth', 'Earth': 'Earth', 'Mars': 'Earth', 'Ceres': 'Earth', 'Jupiter': 'Mercury', 'Saturn': 'Saturn', 'Uranus': 'Saturn', 'Neptune': 'Saturn'}"
"Mars, Ceres, Uranus",Mars,False,131389.93071869313,49.74255939475715,0.2442954041673522,0.024390243902439025,47.666666666666664,16.0,"{'Mercury': 'Mars', 'Venus': 'Mars', 'Earth': 'Mars', 'Mars': 'Mars', 'Ceres': 'Ceres', 'Jupiter': 'Ceres', 'Saturn': 'Ceres', 'Uranus': 'Uranus', 'Neptune': 'Uranus'}"
"Venus, Earth, Mars",Mars,False,131404.56127292724,62.47361924924256,0.31820991405898036,0.02710027100271003,44.0,16.0,"{'Mercury': 'Mars', 'Venus': 'Venus', 'Earth': 'Earth', 'Mars': 'Mars', 'Ceres': 'Mars', 'Jupiter': 'Mars', 'Saturn': 'Earth', 'Uranus': 'Mars', 'Neptune': 'Earth'}"
"Venus, Earth, Mars",Venus,False,131417.52988612864,62.47361924924256,0.31820991405898036,0.02710027100271003,44.0,16.0,"{'Mercury': 'Mars', 'Venus': 'Venus', 'Earth': 'Earth', 'Mars': 'Mars', 'Ceres': 'Mars', 'Jupiter': 'Mars', 'Saturn': 'Earth', 'Uranus': 'Mars', 'Neptune': 'Earth'}"
"Venus, Earth, Mars",Earth,False,131422.50165534206,62.47361924924256,0.31820991405898036,0.02710027100271003,44.0,16.0,"{'Mercury': 'Mars', 'Venus': 'Venus', 'Earth': 'Earth', 'Mars': 'Mars', 'Ceres': 'Mars', 'Jupiter': 'Mars', 'Saturn': 'Earth', 'Uranus': 'Mars', 'Neptune': 'Earth'}"
"Mercury, Mars, Jupiter, Saturn, Neptune",Saturn,False,131426.07627337106,19.839994038358626,0.1255845951338889,0.014905149051490514,31.666666666666668,32.0,"{'Mercury': 'Mercury', 'Venus': 'Mars', 'Earth': 'Mars', 'Mars': 'Mars', 'Ceres': 'Mars', 'Jupiter': 'Jupiter', 'Saturn': 'Saturn', 'Uranus': 'Saturn', 'Neptune': 'Neptune'}"
"Mercury, Venus, Ceres, Jupiter, Uranus",Venus,False,131435.07811040166,41.48865109861715,0.18233353321041512,0.02168021680216802,31.666666666666668,32.0,"{'Mercury': 'Mercury', 'Venus': 'Venus', 'Earth': 'Venus', 'Mars': 'Venus', 'Ceres': 'Ceres', 'Jupiter': 'Jupiter', 'Saturn': 'Venus', 'Uranus': 'Uranus', 'Neptune': 'Uranus'}"
"Earth, Mars, Ceres, Jupiter",Mars,False,131435.9792888496,56.62522950629757,0.2688991198536691,0.025745257452574527,39.666666666666664,24.0,"{'Mercury': 'Mars', 'Venus': 'Earth', 'Earth': 'Earth', 'Mars': 'Mars', 'Ceres': 'Ceres', 'Jupiter': 'Jupiter', 'Saturn': 'Earth', 'Uranus': 'Ceres', 'Neptune': 'Earth'}"
"Earth, Mars, Ceres, Jupiter",Earth,False,131441.26162481605,56.62522950629757,0.2688991198536691,0.025745257452574527,39.666666666666664,24.0,"{'Mercury': 'Mars', 'Venus': 'Earth', 'Earth': 'Earth', 'Mars': 'Mars', 'Ceres': 'Ceres', 'Jupiter': 'Jupiter', 'Saturn': 'Earth', 'Uranus': 'Ceres', 'Neptune': 'Earth'}"
"Mercury, Venus, Jupiter, Saturn",Saturn,False,131447.03702777656,50.22445989214763,0.22445449132493012,0.02168021680216802,39.666666666666664,24.0,"{'Mercury': 'Mercury', 'Venus': 'Venus', 'Earth': 'Venus', 'Mars': 'Venus', 'Ceres': 'Venus', 'Jupiter': 'Jupiter', 'Saturn': 'Saturn', 'Uranus': 'Saturn', 'Neptune': 'Saturn'}"
"Venus, Earth, Mars, Saturn, Neptune",Earth,False,131511.25255941506,23.10648601810523,0.14917031038715783,0.018970189701897018,31.666666666666668,32.0,"{'Mercury': 'Mars', 'Venus': 'Venus', 'Earth': 'Earth', 'Mars': 'Mars', 'Ceres': 'Mars', 'Jupiter': 'Mars', 'Saturn': 'Saturn', 'Uranus': 'Saturn', 'Neptune': 'Neptune'}"
"Venus, Earth, Mars, Saturn, Neptune",Mars,False,131528.18994725795,23.10648601810523,0.14917031038715783,0.018970189701897018,31.666666666666668,32.0,"{'Mercury': 'Mars', 'Venus': 'Venus', 'Earth': 'Earth', 'Mars': 'Mars', 'Ceres': 'Mars', 'Jupiter': 'Mars', 'Saturn': 'Saturn', 'Uranus': 'Saturn', 'Neptune': 'Neptune'}"
"Venus, Earth, Mars, Saturn, Neptune",Venus,False,131534.9445715604,23.10648601810523,0.14917031038715783,0.018970189701897018,31.666666666666668,32.0,"{'Mercury': 'Mars', 'Venus': 'Venus', 'Earth': 'Earth', 'Mars': 'Mars', 'Ceres': 'Mars', 'Jupiter': 'Mars', 'Saturn': 'Saturn', 'Uranus': 'Saturn', 'Neptune': 'Neptune'}"
"Mercury, Ceres, Neptune",Ceres,False,131538.31160734186,37.30870194652212,0.23069665315794013,0.023035230352303523,44.0,16.0,"{'Mercury': 'Mercury', 'Venus': 'Mercury', 'Earth': 'Ceres', 'Mars': 'Mercury', 'Ceres': 'Ceres', 'Jupiter': 'Ceres', 'Saturn': 'Ceres', 'Uranus': 'Ceres', 'Neptune': 'Neptune'}"
"Mercury, Venus, Ceres, Jupiter, Uranus",Mercury,False,131588.8784980331,41.48865109861715,0.18233353321041512,0.02168021680216802,31.666666666666668,32.0,"{'Mercury': 'Mercury', 'Venus': 'Venus', 'Earth': 'Venus', 'Mars': 'Venus', 'Ceres': 'Ceres', 'Jupiter': 'Jupiter', 'Saturn': 'Venus', 'Uranus': 'Uranus', 'Neptune': 'Uranus'}"
"Mercury, Venus, Ceres, Neptune",Venus,False,131613.28003744394,33.95736007357266,0.20589603705598944,0.02168021680216802,39.666666666666664,24.0,"{'Mercury': 'Mercury', 'Venus': 'Venus', 'Earth': 'Venus', 'Mars': 'Venus', 'Ceres': 'Ceres', 'Jupiter': 'Ceres', 'Saturn': 'Venus', 'Uranus': 'Ceres', 'Neptune': 'Neptune'}"
"Venus, Earth, Jupiter, Neptune",Jupiter,False,131624.54589786573,32.12542940139195,0.18887229091522337,0.02032520325203252,39.666666666666664,24.0,"{'Mercury': 'Venus', 'Venus': 'Venus', 'Earth': 'Earth', 'Mars': 'Earth', 'Ceres': 'Earth', 'Jupiter': 'Jupiter', 'Saturn': 'Earth', 'Uranus': 'Jupiter', 'Neptune': 'Neptune'}"
"Venus, Earth, Uranus",Earth,False,131639.06584517678,49.12770768243371,0.2429079659549651,0.024390243902439025,47.666666666666664,16.0,"{'Mercury': 'Venus', 'Venus': 'Venus', 'Earth': 'Earth', 'Mars': 'Earth', 'Ceres': 'Earth', 'Jupiter': 'Venus', 'Saturn': 'Earth', 'Uranus': 'Uranus', 'Neptune': 'Uranus'}"
"Earth, Jupiter, Saturn",Earth,False,131640.07827728576,51.585495568243104,0.23559449668991045,0.025745257452574527,44.0,16.0,"{'Mercury': 'Earth', 'Venus': 'Earth', 'Earth': 'Earth', 'Mars': 'Earth', 'Ceres': 'Earth', 'Jupiter': 'Jupiter', 'Saturn': 'Saturn', 'Uranus': 'Saturn', 'Neptune': 'Saturn'}"
"Mercury, Mars, Ceres, Neptune",Neptune,False,131641.12157400415,35.203618843117525,0.2137522863563115,0.012195121951219513,39.666666666666664,24.0,"{'Mercury': 'Mercury', 'Venus': 'Mars', 'Earth': 'Mars', 'Mars': 'Mars', 'Ceres': 'Ceres', 'Jupiter': 'Ceres', 'Saturn': 'Ceres', 'Uranus': 'Ceres', 'Neptune': 'Neptune'}"
"Venus, Earth, Uranus",Venus,False,131662.47573873456,49.12770768243371,0.2429079659549651,0.024390243902439025,47.666666666666664,16.0,"{'Mercury': 'Venus', 'Venus': 'Venus', 'Earth': 'Earth', 'Mars': 'Earth', 'Ceres': 'Earth', 'Jupiter': 'Venus', 'Saturn': 'Earth', 'Uranus': 'Uranus', 'Neptune': 'Uranus'}"
"Ceres, Jupiter, Uranus, Neptune",Ceres,False,131671.15862097978,19.518762817137834,0.1481995518068807,0.018970189701897018,32.0,24.0,"{'Mercury': 'Ceres', 'Venus': 'Ceres', 'Earth': 'Ceres', 'Mars': 'Ceres', 'Ceres': 'Ceres', 'Jupiter': 'Jupiter', 'Saturn': 'Ceres', 'Uranus': 'Uranus', 'Neptune': 'Neptune'}"
"Mercury, Venus, Ceres, Neptune",Mercury,False,131686.56061509074,33.95736007357266,0.20589603705598944,0.02168021680216802,39.666666666666664,24.0,"{'Mercury': 'Mercury', 'Venus': 'Venus', 'Earth': 'Venus', 'Mars': 'Venus', 'Ceres': 'Ceres', 'Jupiter': 'Ceres', 'Saturn': 'Venus', 'Uranus': 'Ceres', 'Neptune': 'Neptune'}"
"Mercury, Ceres, Neptune",Mercury,False,131747.90407545617,37.30870194652212,0.23069665315794013,0.023035230352303523,44.0,16.0,"{'Mercury': 'Mercury', 'Venus': 'Mercury', 'Earth': 'Ceres', 'Mars': 'Mercury', 'Ceres': 'Ceres', 'Jupiter': 'Ceres', 'Saturn': 'Ceres', 'Uranus': 'Ceres', 'Neptune': 'Neptune'}"
"Mercury, Venus, Mars, Ceres",Ceres,False,131912.93336980243,57.86385311143501,0.2865717959834603,0.02710027100271003,39.666666666666664,24.0,"{'Mercury': 'Mercury', 'Venus': 'Venus', 'Earth': 'Venus', 'Mars': 'Mars', 'Ceres': 'Ceres', 'Jupiter': 'Ceres', 'Saturn': 'Venus', 'Uranus': 'Ceres', 'Neptune': 'Venus'}"
"Mercury, Earth, Jupiter, Uranus, Neptune",Jupiter,False,132014.5657780187,13.734284138441307,0.10271885579675454,0.016260162601626018,28.0,32.0,"{'Mercury': 'Mercury', 'Venus': 'Earth', 'Earth': 'Earth', 'Mars': 'Earth', 'Ceres': 'Earth', 'Jupiter': 'Jupiter', 'Saturn': 'Earth', 'Uranus': 'Uranus', 'Neptune': 'Neptune'}"
"Venus, Earth, Mars, Jupiter, Neptune",Venus,False,132035.82572012555,29.81633359670112,0.17819045824142868,0.02032520325203252,31.666666666666668,32.0,"{'Mercury': 'Mars', 'Venus': 'Venus', 'Earth': 'Earth', 'Mars': 'Mars', 'Ceres': 'Mars', 'Jupiter': 'Jupiter', 'Saturn': 'Earth', 'Uranus': 'Mars', 'Neptune': 'Neptune'}"
"Venus, Earth, Mars, Jupiter, Neptune",Mars,False,132051.57422617535,29.81633359670112,0.17819045824142868,0.02032520325203252,31.666666666666668,32.0,"{'Mercury': 'Mars', 'Venus': 'Venus', 'Earth': 'Earth', 'Mars': 'Mars', 'Ceres': 'Mars', 'Jupiter': 'Jupiter', 'Saturn': 'Earth', 'Uranus': 'Mars', 'Neptune': 'Neptune'}"
"Venus, Earth, Mars, Jupiter, Neptune",Earth,False,132052.9497698762,29.81633359670112,0.17819045824142868,0.02032520325203252,31.666666666666668,32.0,"{'Mercury': 'Mars', 'Venus': 'Venus', 'Earth': 'Earth', 'Mars': 'Mars', 'Ceres': 'Mars', 'Jupiter': 'Jupiter', 'Saturn': 'Earth', 'Uranus': 'Mars', 'Neptune': 'Neptune'}"
"Earth, Jupiter, Saturn",Jupiter,False,132059.05886369525,51.585495568243104,0.23559449668991045,0.025745257452574527,44.0,16.0,"{'Mercury': 'Earth', 'Venus': 'Earth', 'Earth': 'Earth', 'Mars': 'Earth', 'Ceres': 'Earth', 'Jupiter': 'Jupiter', 'Saturn': 'Saturn', 'Uranus': 'Saturn', 'Neptune': 'Saturn'}"
"Mercury, Mars, Jupiter, Neptune",Mars,False,132066.53857942668,31.291379674882236,0.1915903932553408,0.02168021680216802,32.0,24.0,"{'Mercury': 'Mercury', 'Venus': 'Mars', 'Earth': 'Mars', 'Mars': 'Mars', 'Ceres': 'Mars', 'Jupiter': 'Jupiter', 'Saturn': 'Mars', 'Uranus': 'Mars', 'Neptune': 'Neptune'}"
"Mars, Ceres, Jupiter, Saturn",Jupiter,False,132183.71252675704,49.71188927320441,0.22000114085717343,0.024390243902439025,39.666666666666664,24.0,"{'Mercury': 'Mars', 'Venus': 'Mars', 'Earth': 'Mars', 'Mars': 'Mars', 'Ceres': 'Ceres', 'Jupiter': 'Jupiter', 'Saturn': 'Saturn', 'Uranus': 'Saturn', 'Neptune': 'Saturn'}"
"Mercury, Mars, Jupiter, Neptune",Mercury,False,132219.25183520908,31.291379674882236,0.1915903932553408,0.02168021680216802,32.0,24.0,"{'Mercury': 'Mercury', 'Venus': 'Mars', 'Earth': 'Mars', 'Mars': 'Mars', 'Ceres': 'Mars', 'Jupiter': 'Jupiter', 'Saturn': 'Mars', 'Uranus': 'Mars', 'Neptune': 'Neptune'}"
"Venus, Ceres, Jupiter, Saturn",Ceres,False,132248.02466748666,48.6096221333252,0.21015289602669035,0.025745257452574527,39.666666666666664,24.0,"{'Mercury': 'Venus', 'Venus': 'Venus', 'Earth': 'Venus', 'Mars': 'Venus', 'Ceres': 'Ceres', 'Jupiter': 'Jupiter', 'Saturn': 'Saturn', 'Uranus': 'Saturn', 'Neptune': 'Saturn'}"
"Earth, Ceres, Jupiter, Saturn",Ceres,False,132259.56968322786,48.887111986142926,0.2125548230963841,0.025745257452574527,39.666666666666664,24.0,"{'Mercury': 'Earth', 'Venus': 'Earth', 'Earth': 'Earth', 'Mars': 'Earth', 'Ceres': 'Ceres', 'Jupiter': 'Jupiter', 'Saturn': 'Saturn', 'Uranus': 'Saturn', 'Neptune': 'Saturn'}"
"Earth, Mars, Ceres, Jupiter",Jupiter,False,132326.4961689198,56.62522950629757,0.2688991198536691,0.025745257452574527,39.666666666666664,24.0,"{'Mercury': 'Mars', 'Venus': 'Earth', 'Earth': 'Earth', 'Mars': 'Mars', 'Ceres': 'Ceres', 'Jupiter': 'Jupiter', 'Saturn': 'Earth', 'Uranus': 'Ceres', 'Neptune': 'Earth'}"
"Earth, Ceres, Saturn",Saturn,False,132407.87657754443,54.162135551886585,0.25257565403918286,0.025745257452574527,47.666666666666664,16.0,"{'Mercury': 'Earth', 'Venus': 'Earth', 'Earth': 'Earth', 'Mars': 'Earth', 'Ceres': 'Ceres', 'Jupiter': 'Ceres', 'Saturn': 'Saturn', 'Uranus': 'Saturn', 'Neptune': 'Saturn'}"
"Mercury, Venus, Mars, Ceres",Mars,False,132420.62913560306,57.86385311143501,0.2865717959834603,0.02710027100271003,39.666666666666664,24.0,"{'Mercury': 'Mercury', 'Venus': 'Venus', 'Earth': 'Venus', 'Mars': 'Mars', 'Ceres': 'Ceres', 'Jupiter': 'Ceres', 'Saturn': 'Venus', 'Uranus': 'Ceres', 'Neptune': 'Venus'}"
"Venus, Ceres, Saturn",Saturn,False,132421.5426082713,53.88464569906885,0.250173726969489,0.025745257452574527,47.666666666666664,16.0,"{'Mercury': 'Venus', 'Venus': 'Venus', 'Earth': 'Venus', 'Mars': 'Venus', 'Ceres': 'Ceres', 'Jupiter': 'Ceres', 'Saturn': 'Saturn', 'Uranus': 'Saturn', 'Neptune': 'Saturn'}"
"Mercury, Venus, Mars, Ceres",Venus,False,132435.82618427297,57.86385311143501,0.2865717959834603,0.02710027100271003,39.666666666666664,24.0,"{'Mercury': 'Mercury', 'Venus': 'Venus', 'Earth': 'Venus', 'Mars': 'Mars', 'Ceres': 'Ceres', 'Jupiter': 'Ceres', 'Saturn': 'Venus', 'Uranus': 'Ceres', 'Neptune': 'Venus'}"
"Mercury, Venus, Mars, Ceres",Mercury,False,132487.49622337476,57.86385311143501,0.2865717959834603,0.02710027100271003,39.666666666666664,24.0,"{'Mercury': 'Mercury', 'Venus': 'Venus', 'Earth': 'Venus', 'Mars': 'Mars', 'Ceres': 'Ceres', 'Jupiter': 'Ceres', 'Saturn': 'Venus', 'Uranus': 'Ceres', 'Neptune': 'Venus'}"
"Ceres, Saturn, Uranus, Neptune",Ceres,False,132491.10578091122,15.407402068989024,0.12650019831039394,0.018970189701897018,32.0,24.0,"{'Mercury': 'Ceres', 'Venus': 'Ceres', 'Earth': 'Ceres', 'Mars': 'Ceres', 'Ceres': 'Ceres', 'Jupiter': 'Ceres', 'Saturn': 'Saturn', 'Uranus': 'Uranus', 'Neptune': 'Neptune'}"
"Ceres, Uranus, Neptune",Uranus,False,132513.20078899513,24.757356662123502,0.18794399579565474,0.018970189701897018,36.0,16.0,"{'Mercury': 'Ceres', 'Venus': 'Ceres', 'Earth': 'Ceres', 'Mars': 'Ceres', 'Ceres': 'Ceres', 'Jupiter': 'Ceres', 'Saturn': 'Ceres', 'Uranus': 'Uranus', 'Neptune': 'Neptune'}"
"Mercury, Venus, Ceres, Jupiter, Neptune",Ceres,False,132543.17549901825,28.704254888296166,0.1660414976545044,0.02168021680216802,31.666666666666668,32.0,"{'Mercury': 'Mercury', 'Venus': 'Venus', 'Earth': 'Venus', 'Mars': 'Venus', 'Ceres': 'Ceres', 'Jupiter': 'Jupiter', 'Saturn': 'Venus', 'Uranus': 'Ceres', 'Neptune': 'Neptune'}"
"Ceres, Jupiter, Neptune",Neptune,False,132563.03397345048,37.478047959898845,0.23649891675995824,0.018970189701897018,36.0,16.0,"{'Mercury': 'Ceres', 'Venus': 'Ceres', 'Earth': 'Ceres', 'Mars': 'Ceres', 'Ceres': 'Ceres', 'Jupiter': 'Jupiter', 'Saturn': 'Ceres', 'Uranus': 'Ceres', 'Neptune': 'Neptune'}"
"Mercury, Mars, Saturn, Neptune",Saturn,False,132569.8490964324,24.716480576577812,0.16344098044951522,0.018970189701897018,36.0,24.0,"{'Mercury': 'Mercury', 'Venus': 'Mars', 'Earth': 'Mars', 'Mars': 'Mars', 'Ceres': 'Mars', 'Jupiter': 'Mars', 'Saturn': 'Saturn', 'Uranus': 'Saturn', 'Neptune': 'Neptune'}"
"Mars, Ceres, Jupiter, Uranus",Ceres,False,132579.0897454196,44.47486225063257,0.2043301577119742,0.024390243902439025,39.666666666666664,24.0,"{'Mercury': 'Mars', 'Venus': 'Mars', 'Earth': 'Mars', 'Mars': 'Mars', 'Ceres': 'Ceres', 'Jupiter': 'Jupiter', 'Saturn': 'Ceres', 'Uranus': 'Uranus', 'Neptune': 'Uranus'}"
"Venus, Ceres, Jupiter, Saturn",Venus,False,132637.84886783574,48.6096221333252,0.21015289602669035,0.025745257452574527,39.666666666666664,24.0,"{'Mercury': 'Venus', 'Venus': 'Venus', 'Earth': 'Venus', 'Mars': 'Venus', 'Ceres': 'Ceres', 'Jupiter': 'Jupiter', 'Saturn': 'Saturn', 'Uranus': 'Saturn', 'Neptune': 'Saturn'}"
"Earth, Ceres, Jupiter, Saturn",Earth,False,132641.23703305313,48.887111986142926,0.2125548230963841,0.025745257452574527,39.666666666666664,24.0,"{'Mercury': 'Earth', 'Venus': 'Earth', 'Earth': 'Earth', 'Mars': 'Earth', 'Ceres': 'Ceres', 'Jupiter': 'Jupiter', 'Saturn': 'Saturn', 'Uranus': 'Saturn', 'Neptune': 'Saturn'}"
"Earth, Mars, Saturn",Earth,False,132703.69916524924,55.42067109267146,0.26371147973407205,0.02710027100271003,47.666666666666664,16.0,"{'Mercury': 'Mars', 'Venus': 'Earth', 'Earth': 'Earth', 'Mars': 'Mars', 'Ceres': 'Mars', 'Jupiter': 'Mars', 'Saturn': 'Saturn', 'Uranus': 'Saturn', 'Neptune': 'Saturn'}"
"Venus, Mars, Saturn",Mars,False,132707.4178127783,55.4206736592383,0.2637115023231739,0.02710027100271003,47.666666666666664,16.0,"{'Mercury': 'Mars', 'Venus': 'Venus', 'Earth': 'Venus', 'Mars': 'Mars', 'Ceres': 'Mars', 'Jupiter': 'Mars', 'Saturn': 'Saturn', 'Uranus': 'Saturn', 'Neptune': 'Saturn'}"
"Earth, Mars, Saturn",Mars,False,132712.37705189103,55.42067109267146,0.26371147973407205,0.02710027100271003,47.666666666666664,16.0,"{'Mercury': 'Mars', 'Venus': 'Earth', 'Earth': 'Earth', 'Mars': 'Mars', 'Ceres': 'Mars', 'Jupiter': 'Mars', 'Saturn': 'Saturn', 'Uranus': 'Saturn', 'Neptune': 'Saturn'}"
"Venus, Mars, Saturn",Venus,False,132723.21559616187,55.4206736592383,0.2637115023231739,0.02710027100271003,47.666666666666664,16.0,"{'Mercury': 'Mars', 'Venus': 'Venus', 'Earth': 'Venus', 'Mars': 'Mars', 'Ceres': 'Mars', 'Jupiter': 'Mars', 'Saturn': 'Saturn', 'Uranus': 'Saturn', 'Neptune': 'Saturn'}"
"Ceres, Jupiter, Saturn, Neptune",Saturn,False,132733.55339446093,24.527271761423354,0.16460034351137873,0.018970189701897018,36.0,24.0,"{'Mercury': 'Ceres', 'Venus': 'Ceres', 'Earth': 'Ceres', 'Mars': 'Ceres', 'Ceres': 'Ceres', 'Jupiter': 'Jupiter', 'Saturn': 'Saturn', 'Uranus': 'Saturn', 'Neptune': 'Neptune'}"
"Ceres, Jupiter, Uranus, Neptune",Jupiter,False,132771.51157291725,19.518762817137834,0.1481995518068807,0.018970189701897018,32.0,24.0,"{'Mercury': 'Ceres', 'Venus': 'Ceres', 'Earth': 'Ceres', 'Mars': 'Ceres', 'Ceres': 'Ceres', 'Jupiter': 'Jupiter', 'Saturn': 'Ceres', 'Uranus': 'Uranus', 'Neptune': 'Neptune'}"
"Mercury, Venus, Ceres, Jupiter, Uranus",Jupiter,False,132787.9976187933,41.48865109861715,0.18233353321041512,0.02168021680216802,31.666666666666668,32.0,"{'Mercury': 'Mercury', 'Venus': 'Venus', 'Earth': 'Venus', 'Mars': 'Venus', 'Ceres': 'Ceres', 'Jupiter': 'Jupiter', 'Saturn': 'Venus', 'Uranus': 'Uranus', 'Neptune': 'Uranus'}"
"Mercury, Mars, Jupiter, Neptune",Jupiter,False,132907.3399812822,31.291379674882236,0.1915903932553408,0.02168021680216802,32.0,24.0,"{'Mercury': 'Mercury', 'Venus': 'Mars', 'Earth': 'Mars', 'Mars': 'Mars', 'Ceres': 'Mars', 'Jupiter': 'Jupiter', 'Saturn': 'Mars', 'Uranus': 'Mars', 'Neptune': 'Neptune'}"
"Earth, Jupiter, Saturn",Saturn,False,132908.11328376606,51.585495568243104,0.23559449668991045,0.025745257452574527,44.0,16.0,"{'Mercury': 'Earth', 'Venus': 'Earth', 'Earth': 'Earth', 'Mars': 'Earth', 'Ceres': 'Earth', 'Jupiter': 'Jupiter', 'Saturn': 'Saturn', 'Uranus': 'Saturn', 'Neptune': 'Saturn'}"
"Mars, Ceres, Jupiter, Uranus",Mars,False,132939.36273954154,44.47486225063257,0.2043301577119742,0.024390243902439025,39.666666666666664,24.0,"{'Mercury': 'Mars', 'Venus': 'Mars', 'Earth': 'Mars', 'Mars': 'Mars', 'Ceres': 'Ceres', 'Jupiter': 'Jupiter', 'Saturn': 'Ceres', 'Uranus': 'Uranus', 'Neptune': 'Uranus'}"
"Mercury, Venus, Jupiter, Saturn, Uranus",Venus,False,132944.9353147625,35.826222217504714,0.1463942661540365,0.02168021680216802,31.666666666666668,32.0,"{'Mercury': 'Mercury', 'Venus': 'Venus', 'Earth': 'Venus', 'Mars': 'Venus', 'Ceres': 'Venus', 'Jupiter': 'Jupiter', 'Saturn': 'Saturn', 'Uranus': 'Uranus', 'Neptune': 'Saturn'}"
"Mars, Ceres, Neptune",Ceres,False,132952.49737462166,36.92265097274074,0.22795811295711957,0.024390243902439025,47.333333333333336,16.0,"{'Mercury': 'Mars', 'Venus': 'Mars', 'Earth': 'Mars', 'Mars': 'Mars', 'Ceres': 'Ceres', 'Jupiter': 'Ceres', 'Saturn': 'Ceres', 'Uranus': 'Ceres', 'Neptune': 'Neptune'}"
"Mercury, Ceres, Jupiter, Neptune",Ceres,False,132999.91784501038,32.048310901071865,0.19078683700277743,0.023035230352303523,39.666666666666664,24.0,"{'Mercury': 'Mercury', 'Venus': 'Mercury', 'Earth': 'Ceres', 'Mars': 'Mercury', 'Ceres': 'Ceres', 'Jupiter': 'Jupiter', 'Saturn': 'Ceres', 'Uranus': 'Ceres', 'Neptune': 'Neptune'}"
"Mars, Jupiter, Saturn",Mars,False,133002.81932294072,52.537467573018255,0.2433216571108565,0.02710027100271003,44.0,16.0,"{'Mercury': 'Mars', 'Venus': 'Mars', 'Earth': 'Mars', 'Mars': 'Mars', 'Ceres': 'Mars', 'Jupiter': 'Jupiter', 'Saturn': 'Saturn', 'Uranus': 'Saturn', 'Neptune': 'Saturn'}"
"Mercury, Mars, Uranus",Uranus,False,133034.8506407614,49.74487529457644,0.24837242174193977,0.023035230352303523,40.0,16.0,"{'Mercury': 'Mercury', 'Venus': 'Mars', 'Earth': 'Mars', 'Mars': 'Mars', 'Ceres': 'Mars', 'Jupiter': 'Mars', 'Saturn': 'Mars', 'Uranus': 'Uranus', 'Neptune': 'Uranus'}"
"Mercury, Ceres, Uranus",Uranus,False,133044.80963333175,50.110829635637,0.2470112851570629,0.023035230352303523,47.666666666666664,16.0,"{'Mercury': 'Mercury', 'Venus': 'Mercury', 'Earth': 'Ceres', 'Mars': 'Mercury', 'Ceres': 'Ceres', 'Jupiter': 'Ceres', 'Saturn': 'Ceres', 'Uranus': 'Uranus', 'Neptune': 'Uranus'}"
"Mercury, Venus, Jupiter, Saturn, Uranus",Mercury,False,133095.1127331911,35.826222217504714,0.1463942661540365,0.02168021680216802,31.666666666666668,32.0,"{'Mercury': 'Mercury', 'Venus': 'Venus', 'Earth': 'Venus', 'Mars': 'Venus', 'Ceres': 'Venus', 'Jupiter': 'Jupiter', 'Saturn': 'Saturn', 'Uranus': 'Uranus', 'Neptune': 'Saturn'}"
"Mars, Ceres, Neptune",Mars,False,133136.46666919516,36.92265097274074,0.22795811295711957,0.024390243902439025,47.333333333333336,16.0,"{'Mercury': 'Mars', 'Venus': 'Mars', 'Earth': 'Mars', 'Mars': 'Mars', 'Ceres': 'Ceres', 'Jupiter': 'Ceres', 'Saturn': 'Ceres', 'Uranus': 'Ceres', 'Neptune': 'Neptune'}"
"Mercury, Venus, Earth, Neptune",Earth,False,133153.31993937673,34.73388249217189,0.216536479632033,0.023035230352303523,36.0,24.0,"{'Mercury': 'Mercury', 'Venus': 'Venus', 'Earth': 'Earth', 'Mars': 'Earth', 'Ceres': 'Earth', 'Jupiter': 'Mercury', 'Saturn': 'Earth', 'Uranus': 'Earth', 'Neptune': 'Neptune'}"
"Mercury, Venus, Ceres, Jupiter, Neptune",Venus,False,133156.13783843262,28.704254888296166,0.1660414976545044,0.02168021680216802,31.666666666666668,32.0,"{'Mercury': 'Mercury', 'Venus': 'Venus', 'Earth': 'Venus', 'Mars': 'Venus', 'Ceres': 'Ceres', 'Jupiter': 'Jupiter', 'Saturn': 'Venus', 'Uranus': 'Ceres', 'Neptune': 'Neptune'}"
"Mercury, Venus, Earth, Neptune",Venus,False,133163.93238551336,34.73388249217189,0.216536479632033,0.023035230352303523,36.0,24.0,"{'Mercury': 'Mercury', 'Venus': 'Venus', 'Earth': 'Earth', 'Mars': 'Earth', 'Ceres': 'Earth', 'Jupiter': 'Mercury', 'Saturn': 'Earth', 'Uranus': 'Earth', 'Neptune': 'Neptune'}"
"Mercury, Venus, Earth, Uranus, Neptune",Earth,False,133189.82070018857,17.507746831436652,0.1307791154689351,0.018970189701897018,31.666666666666668,32.0,"{'Mercury': 'Mercury', 'Venus': 'Venus', 'Earth': 'Earth', 'Mars': 'Earth', 'Ceres': 'Earth', 'Jupiter': 'Mercury', 'Saturn': 'Earth', 'Uranus': 'Uranus', 'Neptune': 'Neptune'}"
"Venus, Earth, Mars, Jupiter, Neptune",Jupiter,False,133206.21387694473,29.81633359670112,0.17819045824142868,0.02032520325203252,31.666666666666668,32.0,"{'Mercury': 'Mars', 'Venus': 'Venus', 'Earth': 'Earth', 'Mars': 'Mars', 'Ceres': 'Mars', 'Jupiter': 'Jupiter', 'Saturn': 'Earth', 'Uranus': 'Mars', 'Neptune': 'Neptune'}"
"Mercury, Venus, Earth, Uranus, Neptune",Venus,False,133223.84695605483,17.507746831436652,0.1307791154689351,0.018970189701897018,31.666666666666668,32.0,"{'Mercury': 'Mercury', 'Venus': 'Venus', 'Earth': 'Earth', 'Mars': 'Earth', 'Ceres': 'Earth', 'Jupiter': 'Mercury', 'Saturn': 'Earth', 'Uranus': 'Uranus', 'Neptune': 'Neptune'}"
"Mercury, Venus, Earth, Neptune",Mercury,False,133233.03833793465,34.73388249217189,0.216536479632033,0.023035230352303523,36.0,24.0,"{'Mercury': 'Mercury', 'Venus': 'Venus', 'Earth': 'Earth', 'Mars': 'Earth', 'Ceres': 'Earth', 'Jupiter': 'Mercury', 'Saturn': 'Earth', 'Uranus': 'Earth', 'Neptune': 'Neptune'}"
"Mercury, Earth, Jupiter, Saturn, Uranus",Uranus,False,133233.4878223278,35.829646157960646,0.1475630116298126,0.013550135501355014,31.666666666666668,32.0,"{'Mercury': 'Mercury', 'Venus': 'Earth', 'Earth': 'Earth', 'Mars': 'Earth', 'Ceres': 'Earth', 'Jupiter': 'Jupiter', 'Saturn': 'Saturn', 'Uranus': 'Uranus', 'Neptune': 'Saturn'}"
"Mercury, Venus, Earth, Uranus",Uranus,False,133266.6315619631,48.216112172888,0.23532551035484064,0.018970189701897018,39.666666666666664,24.0,"{'Mercury': 'Mercury', 'Venus': 'Venus', 'Earth': 'Earth', 'Mars': 'Earth', 'Ceres': 'Earth', 'Jupiter': 'Mercury', 'Saturn': 'Earth', 'Uranus': 'Uranus', 'Neptune': 'Uranus'}"
"Ceres, Saturn, Neptune",Neptune,False,133269.74245768008,29.765865606409033,0.20434478750015267,0.018970189701897018,40.0,16.0,"{'Mercury': 'Ceres', 'Venus': 'Ceres', 'Earth': 'Ceres', 'Mars': 'Ceres', 'Ceres': 'Ceres', 'Jupiter': 'Ceres', 'Saturn': 'Saturn', 'Uranus': 'Saturn', 'Neptune': 'Neptune'}"
"Mercury, Venus, Mars, Ceres, Jupiter",Ceres,False,133282.684207348,52.581482716212605,0.24649522572179963,0.02710027100271003,31.666666666666668,32.0,"{'Mercury': 'Mercury', 'Venus': 'Venus', 'Earth': 'Venus', 'Mars': 'Mars', 'Ceres': 'Ceres', 'Jupiter': 'Jupiter', 'Saturn': 'Venus', 'Uranus': 'Ceres', 'Neptune': 'Venus'}"
"Mercury, Venus, Earth, Uranus, Neptune",Mercury,False,133287.32045223762,17.507746831436652,0.1307791154689351,0.018970189701897018,31.666666666666668,32.0,"{'Mercury': 'Mercury', 'Venus': 'Venus', 'Earth': 'Earth', 'Mars': 'Earth', 'Ceres': 'Earth', 'Jupiter': 'Mercury', 'Saturn': 'Earth', 'Uranus': 'Uranus', 'Neptune': 'Neptune'}"
"Venus, Earth, Mars, Saturn, Uranus",Saturn,False,133305.9094209373,39.655972049469256,0.1750557275066293,0.018970189701897018,31.666666666666668,32.0,"{'Mercury': 'Mars', 'Venus': 'Venus', 'Earth': 'Earth', 'Mars': 'Mars', 'Ceres': 'Mars', 'Jupiter': 'Mars', 'Saturn': 'Saturn', 'Uranus': 'Uranus', 'Neptune': 'Saturn'}"
"Mercury, Venus, Ceres, Jupiter, Neptune",Mercury,False,133363.21067054616,28.704254888296166,0.1660414976545044,0.02168021680216802,31.666666666666668,32.0,"{'Mercury': 'Mercury', 'Venus': 'Venus', 'Earth': 'Venus', 'Mars': 'Venus', 'Ceres': 'Ceres', 'Jupiter': 'Jupiter', 'Saturn': 'Venus', 'Uranus': 'Ceres', 'Neptune': 'Neptune'}"
"Mars, Ceres, Saturn, Uranus",Ceres,False,133398.27328145393,40.54135363803422,0.1816893281828499,0.024390243902439025,39.666666666666664,24.0,"{'Mercury': 'Mars', 'Venus': 'Mars', 'Earth': 'Mars', 'Mars': 'Mars', 'Ceres': 'Ceres', 'Jupiter': 'Ceres', 'Saturn': 'Saturn', 'Uranus': 'Uranus', 'Neptune': 'Saturn'}"
"Mars, Jupiter, Saturn",Jupiter,False,133413.12035798386,52.537467573018255,0.2433216571108565,0.02710027100271003,44.0,16.0,"{'Mercury': 'Mars', 'Venus': 'Mars', 'Earth': 'Mars', 'Mars': 'Mars', 'Ceres': 'Mars', 'Jupiter': 'Jupiter', 'Saturn': 'Saturn', 'Uranus': 'Saturn', 'Neptune': 'Saturn'}"
"Mercury, Mars, Jupiter, Uranus, Neptune",Mars,False,133477.5259974037,14.036108161081792,0.10546085220363423,0.018970189701897018,28.0,32.0,"{'Mercury': 'Mercury', 'Venus': 'Mars', 'Earth': 'Mars', 'Mars': 'Mars', 'Ceres': 'Mars', 'Jupiter': 'Jupiter', 'Saturn': 'Mars', 'Uranus': 'Uranus', 'Neptune': 'Neptune'}"
"Mercury, Ceres, Jupiter, Neptune",Mercury,False,133516.15823496445,32.048310901071865,0.19078683700277743,0.023035230352303523,39.666666666666664,24.0,"{'Mercury': 'Mercury', 'Venus': 'Mercury', 'Earth': 'Ceres', 'Mars': 'Mercury', 'Ceres': 'Ceres', 'Jupiter': 'Jupiter', 'Saturn': 'Ceres', 'Uranus': 'Ceres', 'Neptune': 'Neptune'}"
"Venus, Ceres, Jupiter, Saturn",Jupiter,False,133521.07740292014,48.6096221333252,0.21015289602669035,0.025745257452574527,39.666666666666664,24.0,"{'Mercury': 'Venus', 'Venus': 'Venus', 'Earth': 'Venus', 'Mars': 'Venus', 'Ceres': 'Ceres', 'Jupiter': 'Jupiter', 'Saturn': 'Saturn', 'Uranus': 'Saturn', 'Neptune': 'Saturn'}"
"Venus, Earth, Jupiter, Uranus, Neptune",Earth,False,133527.24407592413,13.462893582173432,0.10027927132950883,0.018970189701897018,31.666666666666668,32.0,"{'Mercury': 'Venus', 'Venus': 'Venus', 'Earth': 'Earth', 'Mars': 'Earth', 'Ceres': 'Earth', 'Jupiter': 'Jupiter', 'Saturn': 'Earth', 'Uranus': 'Uranus', 'Neptune': 'Neptune'}"
"Venus, Earth, Jupiter, Uranus, Neptune",Venus,False,133538.50168894467,13.462893582173432,0.10027927132950883,0.018970189701897018,31.666666666666668,32.0,"{'Mercury': 'Venus', 'Venus': 'Venus', 'Earth': 'Earth', 'Mars': 'Earth', 'Ceres': 'Earth', 'Jupiter': 'Jupiter', 'Saturn': 'Earth', 'Uranus': 'Uranus', 'Neptune': 'Neptune'}"
"Earth, Ceres, Jupiter, Saturn",Jupiter,False,133540.0861701173,48.887111986142926,0.2125548230963841,0.025745257452574527,39.666666666666664,24.0,"{'Mercury': 'Earth', 'Venus': 'Earth', 'Earth': 'Earth', 'Mars': 'Earth', 'Ceres': 'Ceres', 'Jupiter': 'Jupiter', 'Saturn': 'Saturn', 'Uranus': 'Saturn', 'Neptune': 'Saturn'}"
"Mercury, Mars, Jupiter, Uranus",Uranus,False,133550.50946907536,44.74447350253305,0.2100072470895398,0.018970189701897018,36.0,24.0,"{'Mercury': 'Mercury', 'Venus': 'Mars', 'Earth': 'Mars', 'Mars': 'Mars', 'Ceres': 'Mars', 'Jupiter': 'Jupiter', 'Saturn': 'Mars', 'Uranus': 'Uranus', 'Neptune': 'Uranus'}"
"Jupiter, Saturn, Uranus",Jupiter,False,133584.81653921524,55.38432473169759,0.29277954701114456,0.024390243902439025,40.0,16.0,"{'Mercury': 'Jupiter', 'Venus': 'Jupiter', 'Earth': 'Jupiter', 'Mars': 'Jupiter', 'Ceres': 'Jupiter', 'Jupiter': 'Jupiter', 'Saturn': 'Saturn', 'Uranus': 'Uranus', 'Neptune': 'Saturn'}"
"Venus, Earth, Jupiter, Uranus",Uranus,False,133629.04258512944,44.171258923624684,0.20482566621541454,0.018970189701897018,39.666666666666664,24.0,"{'Mercury': 'Venus', 'Venus': 'Venus', 'Earth': 'Earth', 'Mars': 'Earth', 'Ceres': 'Earth', 'Jupiter': 'Jupiter', 'Saturn': 'Earth', 'Uranus': 'Uranus', 'Neptune': 'Uranus'}"
"Mercury, Mars, Jupiter, Uranus, Neptune",Mercury,False,133636.47952023926,14.036108161081792,0.10546085220363423,0.018970189701897018,28.0,32.0,"{'Mercury': 'Mercury', 'Venus': 'Mars', 'Earth': 'Mars', 'Mars': 'Mars', 'Ceres': 'Mars', 'Jupiter': 'Jupiter', 'Saturn': 'Mars', 'Uranus': 'Uranus', 'Neptune': 'Neptune'}"
"Mars, Ceres, Saturn, Uranus",Mars,False,133780.1476680508,40.54135363803422,0.1816893281828499,0.024390243902439025,39.666666666666664,24.0,"{'Mercury': 'Mars', 'Venus': 'Mars', 'Earth': 'Mars', 'Mars': 'Mars', 'Ceres': 'Ceres', 'Jupiter': 'Ceres', 'Saturn': 'Saturn', 'Uranus': 'Uranus', 'Neptune': 'Saturn'}"
"Mars, Ceres, Jupiter, Uranus",Jupiter,False,133814.55063555774,44.47486225063257,0.2043301577119742,0.024390243902439025,39.666666666666664,24.0,"{'Mercury': 'Mars', 'Venus': 'Mars', 'Earth': 'Mars', 'Mars': 'Mars', 'Ceres': 'Ceres', 'Jupiter': 'Jupiter', 'Saturn': 'Ceres', 'Uranus': 'Uranus', 'Neptune': 'Uranus'}"
"Mars, Ceres, Jupiter, Saturn",Saturn,False,133896.84992399917,49.71188927320441,0.22000114085717343,0.024390243902439025,39.666666666666664,24.0,"{'Mercury': 'Mars', 'Venus': 'Mars', 'Earth': 'Mars', 'Mars': 'Mars', 'Ceres': 'Ceres', 'Jupiter': 'Jupiter', 'Saturn': 'Saturn', 'Uranus': 'Saturn', 'Neptune': 'Saturn'}"
"Ceres, Jupiter, Saturn, Uranus, Neptune",Ceres,False,133961.23252127995,10.168808224003387,0.08675575432162,0.018970189701897018,28.0,32.0,"{'Mercury': 'Ceres', 'Venus': 'Ceres', 'Earth': 'Ceres', 'Mars': 'Ceres', 'Ceres': 'Ceres', 'Jupiter': 'Jupiter', 'Saturn': 'Saturn', 'Uranus': 'Uranus', 'Neptune': 'Neptune'}"
"Mercury, Venus, Mars, Ceres, Jupiter",Mars,False,133969.9351593941,52.581482716212605,0.24649522572179963,0.02710027100271003,31.666666666666668,32.0,"{'Mercury': 'Mercury', 'Venus': 'Venus', 'Earth': 'Venus', 'Mars': 'Mars', 'Ceres': 'Ceres', 'Jupiter': 'Jupiter', 'Saturn': 'Venus', 'Uranus': 'Ceres', 'Neptune': 'Venus'}"
"Earth, Mars, Saturn",Saturn,False,133976.4310565241,55.42067109267146,0.26371147973407205,0.02710027100271003,47.666666666666664,16.0,"{'Mercury': 'Mars', 'Venus': 'Earth', 'Earth': 'Earth', 'Mars': 'Mars', 'Ceres': 'Mars', 'Jupiter': 'Mars', 'Saturn': 'Saturn', 'Uranus': 'Saturn', 'Neptune': 'Saturn'}"
"Mercury, Venus, Mars, Ceres, Jupiter",Venus,False,133978.43268919154,52.581482716212605,0.24649522572179963,0.02710027100271003,31.666666666666668,32.0,"{'Mercury': 'Mercury', 'Venus': 'Venus', 'Earth': 'Venus', 'Mars': 'Mars', 'Ceres': 'Ceres', 'Jupiter': 'Jupiter', 'Saturn': 'Venus', 'Uranus': 'Ceres', 'Neptune': 'Venus'}"
"Venus, Mars, Saturn",Saturn,False,133992.77652932916,55.4206736592383,0.2637115023231739,0.02710027100271003,47.666666666666664,16.0,"{'Mercury': 'Mars', 'Venus': 'Venus', 'Earth': 'Venus', 'Mars': 'Mars', 'Ceres': 'Mars', 'Jupiter': 'Mars', 'Saturn': 'Saturn', 'Uranus': 'Saturn', 'Neptune': 'Saturn'}"
"Mercury, Earth, Saturn, Uranus",Earth,False,134057.18486061913,40.936237922329525,0.18580704988673288,0.024390243902439025,39.666666666666664,24.0,"{'Mercury': 'Mercury', 'Venus': 'Earth', 'Earth': 'Earth', 'Mars': 'Earth', 'Ceres': 'Earth', 'Jupiter': 'Mercury', 'Saturn': 'Saturn', 'Uranus': 'Uranus', 'Neptune': 'Saturn'}"
"Saturn, Uranus, Neptune",Saturn,False,134063.20966788038,52.63116587075662,0.3500532050830522,0.02032520325203252,36.0,16.0,"{'Mercury': 'Saturn', 'Venus': 'Saturn', 'Earth': 'Saturn', 'Mars': 'Saturn', 'Ceres': 'Saturn', 'Jupiter': 'Saturn', 'Saturn': 'Saturn', 'Uranus': 'Uranus', 'Neptune': 'Neptune'}"
"Mercury, Mars, Saturn, Uranus",Uranus,False,134096.55442088976,41.26596660794184,0.1893263975689868,0.018970189701897018,36.0,24.0,"{'Mercury': 'Mercury', 'Venus': 'Mars', 'Earth': 'Mars', 'Mars': 'Mars', 'Ceres': 'Mars', 'Jupiter': 'Mars', 'Saturn': 'Saturn', 'Uranus': 'Uranus', 'Neptune': 'Saturn'}"
"Mercury, Earth, Saturn, Uranus",Mercury,False,134130.0835920618,40.936237922329525,0.18580704988673288,0.024390243902439025,39.666666666666664,24.0,"{'Mercury': 'Mercury', 'Venus': 'Earth', 'Earth': 'Earth', 'Mars': 'Earth', 'Ceres': 'Earth', 'Jupiter': 'Mercury', 'Saturn': 'Saturn', 'Uranus': 'Uranus', 'Neptune': 'Saturn'}"
"Jupiter, Saturn, Uranus",Saturn,False,134155.03466916064,55.38432473169759,0.29277954701114456,0.024390243902439025,40.0,16.0,"{'Mercury': 'Jupiter', 'Venus': 'Jupiter', 'Earth': 'Jupiter', 'Mars': 'Jupiter', 'Ceres': 'Jupiter', 'Jupiter': 'Jupiter', 'Saturn': 'Saturn', 'Uranus': 'Uranus', 'Neptune': 'Saturn'}"
"Mercury, Venus, Mars, Ceres, Jupiter",Mercury,False,134163.8949827601,52.581482716212605,0.24649522572179963,0.02710027100271003,31.666666666666668,32.0,"{'Mercury': 'Mercury', 'Venus': 'Venus', 'Earth': 'Venus', 'Mars': 'Mars', 'Ceres': 'Ceres', 'Jupiter': 'Jupiter', 'Saturn': 'Venus', 'Uranus': 'Ceres', 'Neptune': 'Venus'}"
"Mercury, Venus, Jupiter, Saturn, Uranus",Jupiter,False,134203.62854895726,35.826222217504714,0.1463942661540365,0.02168021680216802,31.666666666666668,32.0,"{'Mercury': 'Mercury', 'Venus': 'Venus', 'Earth': 'Venus', 'Mars': 'Venus', 'Ceres': 'Venus', 'Jupiter': 'Jupiter', 'Saturn': 'Saturn', 'Uranus': 'Uranus', 'Neptune': 'Saturn'}"
"Mercury, Ceres, Jupiter, Neptune",Jupiter,False,134274.41336243146,32.048310901071865,0.19078683700277743,0.023035230352303523,39.666666666666664,24.0,"{'Mercury': 'Mercury', 'Venus': 'Mercury', 'Earth': 'Ceres', 'Mars': 'Mercury', 'Ceres': 'Ceres', 'Jupiter': 'Jupiter', 'Saturn': 'Ceres', 'Uranus': 'Ceres', 'Neptune': 'Neptune'}"
"Mars, Jupiter, Saturn",Saturn,False,134280.48358984588,52.537467573018255,0.2433216571108565,0.02710027100271003,44.0,16.0,"{'Mercury': 'Mars', 'Venus': 'Mars', 'Earth': 'Mars', 'Mars': 'Mars', 'Ceres': 'Mars', 'Jupiter': 'Jupiter', 'Saturn': 'Saturn', 'Uranus': 'Saturn', 'Neptune': 'Saturn'}"
"Mercury, Earth, Uranus",Earth,False,134291.0221250724,49.57389372256416,0.24598980871557583,0.02710027100271003,44.0,16.0,"{'Mercury': 'Mercury', 'Venus': 'Earth', 'Earth': 'Earth', 'Mars': 'Earth', 'Ceres': 'Earth', 'Jupiter': 'Mercury', 'Saturn': 'Earth', 'Uranus': 'Uranus', 'Neptune': 'Uranus'}"
"Ceres, Uranus, Neptune",Neptune,False,134293.93957965792,24.757356662123502,0.18794399579565474,0.018970189701897018,36.0,16.0,"{'Mercury': 'Ceres', 'Venus': 'Ceres', 'Earth': 'Ceres', 'Mars': 'Ceres', 'Ceres': 'Ceres', 'Jupiter': 'Ceres', 'Saturn': 'Ceres', 'Uranus': 'Uranus', 'Neptune': 'Neptune'}"
"Mercury, Earth, Uranus",Mercury,False,134308.8083432975,49.57389372256416,0.24598980871557583,0.02710027100271003,44.0,16.0,"{'Mercury': 'Mercury', 'Venus': 'Earth', 'Earth': 'Earth', 'Mars': 'Earth', 'Ceres': 'Earth', 'Jupiter': 'Mercury', 'Saturn': 'Earth', 'Uranus': 'Uranus', 'Neptune': 'Uranus'}"
"Ceres, Jupiter, Saturn, Uranus",Uranus,False,134313.76780383903,41.07675779278739,0.1904857606308502,0.018970189701897018,36.0,24.0,"{'Mercury': 'Ceres', 'Venus': 'Ceres', 'Earth': 'Ceres', 'Mars': 'Ceres', 'Ceres': 'Ceres', 'Jupiter': 'Jupiter', 'Saturn': 'Saturn', 'Uranus': 'Uranus', 'Neptune': 'Saturn'}"
"Mercury, Mars, Saturn, Uranus, Neptune",Mars,False,134321.34271198887,10.358017039157835,0.0855963912597566,0.018970189701897018,28.0,32.0,"{'Mercury': 'Mercury', 'Venus': 'Mars', 'Earth': 'Mars', 'Mars': 'Mars', 'Ceres': 'Mars', 'Jupiter': 'Mars', 'Saturn': 'Saturn', 'Uranus': 'Uranus', 'Neptune': 'Neptune'}"
"Mars, Ceres, Jupiter, Neptune",Ceres,False,134330.70754255794,31.654953828616247,0.18799286650174143,0.024390243902439025,39.666666666666664,24.0,"{'Mercury': 'Mars', 'Venus': 'Mars', 'Earth': 'Mars', 'Mars': 'Mars', 'Ceres': 'Ceres', 'Jupiter': 'Jupiter', 'Saturn': 'Ceres', 'Uranus': 'Ceres', 'Neptune': 'Neptune'}"
"Mars, Ceres, Uranus",Uranus,False,134394.02335443828,49.74255939475715,0.2442954041673522,0.024390243902439025,47.666666666666664,16.0,"{'Mercury': 'Mars', 'Venus': 'Mars', 'Earth': 'Mars', 'Mars': 'Mars', 'Ceres': 'Ceres', 'Jupiter': 'Ceres', 'Saturn': 'Ceres', 'Uranus': 'Uranus', 'Neptune': 'Uranus'}"
"Mercury, Mars, Saturn, Uranus, Neptune",Mercury,False,134399.63536512898,10.358017039157835,0.0855963912597566,0.018970189701897018,28.0,32.0,"{'Mercury': 'Mercury', 'Venus': 'Mars', 'Earth': 'Mars', 'Mars': 'Mars', 'Ceres': 'Mars', 'Jupiter': 'Mars', 'Saturn': 'Saturn', 'Uranus': 'Uranus', 'Neptune': 'Neptune'}"
"Venus, Earth, Mars, Neptune",Venus,False,134464.46529416516,34.76147980829241,0.21647634790508977,0.024390243902439025,36.0,24.0,"{'Mercury': 'Mars', 'Venus': 'Venus', 'Earth': 'Earth', 'Mars': 'Mars', 'Ceres': 'Mars', 'Jupiter': 'Mars', 'Saturn': 'Earth', 'Uranus': 'Mars', 'Neptune': 'Neptune'}"
"Venus, Earth, Mars, Neptune",Earth,False,134465.25754081836,34.76147980829241,0.21647634790508977,0.024390243902439025,36.0,24.0,"{'Mercury': 'Mars', 'Venus': 'Venus', 'Earth': 'Earth', 'Mars': 'Mars', 'Ceres': 'Mars', 'Jupiter': 'Mars', 'Saturn': 'Earth', 'Uranus': 'Mars', 'Neptune': 'Neptune'}"
"Venus, Earth, Mars, Neptune",Mars,False,134473.5142813425,34.76147980829241,0.21647634790508977,0.024390243902439025,36.0,24.0,"{'Mercury': 'Mars', 'Venus': 'Venus', 'Earth': 'Earth', 'Mars': 'Mars', 'Ceres': 'Mars', 'Jupiter': 'Mars', 'Saturn': 'Earth', 'Uranus': 'Mars', 'Neptune': 'Neptune'}"
"Mercury, Venus, Ceres, Jupiter, Neptune",Jupiter,False,134479.27116249042,28.704254888296166,0.1660414976545044,0.02168021680216802,31.666666666666668,32.0,"{'Mercury': 'Mercury', 'Venus': 'Venus', 'Earth': 'Venus', 'Mars': 'Venus', 'Ceres': 'Ceres', 'Jupiter': 'Jupiter', 'Saturn': 'Venus', 'Uranus': 'Ceres', 'Neptune': 'Neptune'}"
"Mercury, Mars, Neptune",Mars,False,134480.26749316475,36.2495582709605,0.2299854424387592,0.025745257452574527,36.0,16.0,"{'Mercury': 'Mercury', 'Venus': 'Mars', 'Earth': 'Mars', 'Mars': 'Mars', 'Ceres': 'Mars', 'Jupiter': 'Mars', 'Saturn': 'Mars', 'Uranus': 'Mars', 'Neptune': 'Neptune'}"
"Mercury, Mars, Neptune",Mercury,False,134505.8880133529,36.2495582709605,0.2299854424387592,0.025745257452574527,36.0,16.0,"{'Mercury': 'Mercury', 'Venus': 'Mars', 'Earth': 'Mars', 'Mars': 'Mars', 'Ceres': 'Mars', 'Jupiter': 'Mars', 'Saturn': 'Mars', 'Uranus': 'Mars', 'Neptune': 'Neptune'}"
"Venus, Earth, Uranus",Uranus,False,134568.0704790049,49.12770768243371,0.2429079659549651,0.024390243902439025,47.666666666666664,16.0,"{'Mercury': 'Venus', 'Venus': 'Venus', 'Earth': 'Earth', 'Mars': 'Earth', 'Ceres': 'Earth', 'Jupiter': 'Venus', 'Saturn': 'Earth', 'Uranus': 'Uranus', 'Neptune': 'Uranus'}"
"Mercury, Venus, Mars, Neptune",Mars,False,134580.39312241884,34.07593522358265,0.21130784188878024,0.024390243902439025,39.666666666666664,24.0,"{'Mercury': 'Mercury', 'Venus': 'Venus', 'Earth': 'Venus', 'Mars': 'Mars', 'Ceres': 'Mars', 'Jupiter': 'Mars', 'Saturn': 'Venus', 'Uranus': 'Mars', 'Neptune': 'Neptune'}"
"Mercury, Venus, Mars, Neptune",Venus,False,134586.78648364142,34.07593522358265,0.21130784188878024,0.024390243902439025,39.666666666666664,24.0,"{'Mercury': 'Mercury', 'Venus': 'Venus', 'Earth': 'Venus', 'Mars': 'Mars', 'Ceres': 'Mars', 'Jupiter': 'Mars', 'Saturn': 'Venus', 'Uranus': 'Mars', 'Neptune': 'Neptune'}"
"Mercury, Mars, Jupiter, Saturn, Uranus",Uranus,False,134604.33751081937,36.321187830253464,0.1513631948512167,0.014905149051490514,31.666666666666668,32.0,"{'Mercury': 'Mercury', 'Venus': 'Mars', 'Earth': 'Mars', 'Mars': 'Mars', 'Ceres': 'Mars', 'Jupiter': 'Jupiter', 'Saturn': 'Saturn', 'Uranus': 'Uranus', 'Neptune': 'Saturn'}"
"Mercury, Venus, Mars, Neptune",Mercury,False,134651.84528736497,34.07593522358265,0.21130784188878024,0.024390243902439025,39.666666666666664,24.0,"{'Mercury': 'Mercury', 'Venus': 'Venus', 'Earth': 'Venus', 'Mars': 'Mars', 'Ceres': 'Mars', 'Jupiter': 'Mars', 'Saturn': 'Venus', 'Uranus': 'Mars', 'Neptune': 'Neptune'}"
"Mercury, Venus, Jupiter, Saturn, Neptune",Venus,False,134652.51902320067,19.23089273453027,0.12043714427800134,0.02168021680216802,31.666666666666668,32.0,"{'Mercury': 'Mercury', 'Venus': 'Venus', 'Earth': 'Venus', 'Mars': 'Venus', 'Ceres': 'Venus', 'Jupiter': 'Jupiter', 'Saturn': 'Saturn', 'Uranus': 'Saturn', 'Neptune': 'Neptune'}"
"Venus, Earth, Jupiter, Uranus, Neptune",Jupiter,False,134686.35423432622,13.462893582173432,0.10027927132950883,0.018970189701897018,31.666666666666668,32.0,"{'Mercury': 'Venus', 'Venus': 'Venus', 'Earth': 'Earth', 'Mars': 'Earth', 'Ceres': 'Earth', 'Jupiter': 'Jupiter', 'Saturn': 'Earth', 'Uranus': 'Uranus', 'Neptune': 'Neptune'}"
"Mars, Ceres, Jupiter, Neptune",Mars,False,134694.23202337688,31.654953828616247,0.18799286650174143,0.024390243902439025,39.666666666666664,24.0,"{'Mercury': 'Mars', 'Venus': 'Mars', 'Earth': 'Mars', 'Mars': 'Mars', 'Ceres': 'Ceres', 'Jupiter': 'Jupiter', 'Saturn': 'Ceres', 'Uranus': 'Ceres', 'Neptune': 'Neptune'}"
"Mercury, Mars, Jupiter, Uranus, Neptune",Jupiter,False,134718.00551044662,14.036108161081792,0.10546085220363423,0.018970189701897018,28.0,32.0,"{'Mercury': 'Mercury', 'Venus': 'Mars', 'Earth': 'Mars', 'Mars': 'Mars', 'Ceres': 'Mars', 'Jupiter': 'Jupiter', 'Saturn': 'Mars', 'Uranus': 'Uranus', 'Neptune': 'Neptune'}"
"Venus, Ceres, Saturn, Uranus",Ceres,False,134729.0494162901,39.42633192842601,0.17178779849468345,0.025745257452574527,39.666666666666664,24.0,"{'Mercury': 'Venus', 'Venus': 'Venus', 'Earth': 'Venus', 'Mars': 'Venus', 'Ceres': 'Ceres', 'Jupiter': 'Ceres', 'Saturn': 'Saturn', 'Uranus': 'Uranus', 'Neptune': 'Saturn'}"
"Earth, Ceres, Saturn, Uranus",Ceres,False,134740.5944320313,39.70382178124373,0.17418972556437717,0.025745257452574527,39.666666666666664,24.0,"{'Mercury': 'Earth', 'Venus': 'Earth', 'Earth': 'Earth', 'Mars': 'Earth', 'Ceres': 'Ceres', 'Jupiter': 'Ceres', 'Saturn': 'Saturn', 'Uranus': 'Uranus', 'Neptune': 'Saturn'}"
"Mars, Ceres, Jupiter, Saturn, Uranus",Ceres,False,134768.1501160569,35.27365649390973,0.14172408172747164,0.024390243902439025,31.666666666666668,32.0,"{'Mercury': 'Mars', 'Venus': 'Mars', 'Earth': 'Mars', 'Mars': 'Mars', 'Ceres': 'Ceres', 'Jupiter': 'Jupiter', 'Saturn': 'Saturn', 'Uranus': 'Uranus', 'Neptune': 'Saturn'}"
"Ceres, Saturn, Uranus, Neptune",Saturn,False,134808.2922094816,15.407402068989024,0.12650019831039394,0.018970189701897018,32.0,24.0,"{'Mercury': 'Ceres', 'Venus': 'Ceres', 'Earth': 'Ceres', 'Mars': 'Ceres', 'Ceres': 'Ceres', 'Jupiter': 'Ceres', 'Saturn': 'Saturn', 'Uranus': 'Uranus', 'Neptune': 'Neptune'}"
"Mercury, Earth, Ceres, Jupiter, Uranus",Uranus,False,134835.37946980292,41.6856873225745,0.18415971610481277,0.016260162601626018,31.666666666666668,32.0,"{'Mercury': 'Mercury', 'Venus': 'Earth', 'Earth': 'Earth', 'Mars': 'Earth', 'Ceres': 'Ceres', 'Jupiter': 'Jupiter', 'Saturn': 'Earth', 'Uranus': 'Uranus', 'Neptune': 'Uranus'}"
"Mercury, Venus, Jupiter, Saturn, Neptune",Mercury,False,134855.9688861114,19.23089273453027,0.12043714427800134,0.02168021680216802,31.666666666666668,32.0,"{'Mercury': 'Mercury', 'Venus': 'Venus', 'Earth': 'Venus', 'Mars': 'Venus', 'Ceres': 'Venus', 'Jupiter': 'Jupiter', 'Saturn': 'Saturn', 'Uranus': 'Saturn', 'Neptune': 'Neptune'}"
"Mercury, Venus, Ceres, Uranus, Neptune",Ceres,False,135010.30328475838,15.948326218504844,0.11735207552409468,0.02168021680216802,31.666666666666668,32.0,"{'Mercury': 'Mercury', 'Venus': 'Venus', 'Earth': 'Venus', 'Mars': 'Venus', 'Ceres': 'Ceres', 'Jupiter': 'Ceres', 'Saturn': 'Venus', 'Uranus': 'Uranus', 'Neptune': 'Neptune'}"
"Venus, Earth, Mars, Saturn, Neptune",Saturn,False,135060.21083778763,23.10648601810523,0.14917031038715783,0.018970189701897018,31.666666666666668,32.0,"{'Mercury': 'Mars', 'Venus': 'Venus', 'Earth': 'Earth', 'Mars': 'Mars', 'Ceres': 'Mars', 'Jupiter': 'Mars', 'Saturn': 'Saturn', 'Uranus': 'Saturn', 'Neptune': 'Neptune'}"
"Earth, Ceres, Saturn, Uranus",Earth,False,135102.2496410188,39.70382178124373,0.17418972556437717,0.025745257452574527,39.666666666666664,24.0,"{'Mercury': 'Earth', 'Venus': 'Earth', 'Earth': 'Earth', 'Mars': 'Earth', 'Ceres': 'Ceres', 'Jupiter': 'Ceres', 'Saturn': 'Saturn', 'Uranus': 'Uranus', 'Neptune': 'Saturn'}"
"Mars, Ceres, Saturn, Neptune",Ceres,False,135136.37762561176,23.899926017607054,0.15566010319049242,0.024390243902439025,39.666666666666664,24.0,"{'Mercury': 'Mars', 'Venus': 'Mars', 'Earth': 'Mars', 'Mars': 'Mars', 'Ceres': 'Ceres', 'Jupiter': 'Ceres', 'Saturn': 'Saturn', 'Uranus': 'Saturn', 'Neptune': 'Neptune'}"
"Venus, Ceres, Saturn, Uranus",Venus,False,135138.60708862852,39.42633192842601,0.17178779849468345,0.025745257452574527,39.666666666666664,24.0,"{'Mercury': 'Venus', 'Venus': 'Venus', 'Earth': 'Venus', 'Mars': 'Venus', 'Ceres': 'Ceres', 'Jupiter': 'Ceres', 'Saturn': 'Saturn', 'Uranus': 'Uranus', 'Neptune': 'Saturn'}"
"Earth, Ceres, Uranus",Ceres,False,135166.9677686584,48.3500868192999,0.23442401592764706,0.028455284552845527,44.0,16.0,"{'Mercury': 'Earth', 'Venus': 'Earth', 'Earth': 'Earth', 'Mars': 'Earth', 'Ceres': 'Ceres', 'Jupiter': 'Ceres', 'Saturn': 'Earth', 'Uranus': 'Uranus', 'Neptune': 'Uranus'}"
"Saturn, Uranus, Neptune",Uranus,False,135208.78555606215,52.63116587075662,0.3500532050830522,0.02032520325203252,36.0,16.0,"{'Mercury': 'Saturn', 'Venus': 'Saturn', 'Earth': 'Saturn', 'Mars': 'Saturn', 'Ceres': 'Saturn', 'Jupiter': 'Saturn', 'Saturn': 'Saturn', 'Uranus': 'Uranus', 'Neptune': 'Neptune'}"
"Earth, Ceres, Jupiter, Saturn",Saturn,False,135234.91475556823,48.887111986142926,0.2125548230963841,0.025745257452574527,39.666666666666664,24.0,"{'Mercury': 'Earth', 'Venus': 'Earth', 'Earth': 'Earth', 'Mars': 'Earth', 'Ceres': 'Ceres', 'Jupiter': 'Jupiter', 'Saturn': 'Saturn', 'Uranus': 'Saturn', 'Neptune': 'Saturn'}"
"Venus, Ceres, Jupiter, Saturn",Saturn,False,135248.5807862951,48.6096221333252,0.21015289602669035,0.025745257452574527,39.666666666666664,24.0,"{'Mercury': 'Venus', 'Venus': 'Venus', 'Earth': 'Venus', 'Mars': 'Venus', 'Ceres': 'Ceres', 'Jupiter': 'Jupiter', 'Saturn': 'Saturn', 'Uranus': 'Saturn', 'Neptune': 'Saturn'}"
"Jupiter, Saturn, Neptune",Jupiter,False,135262.4958620658,38.74289711127021,0.266750322018787,0.024390243902439025,40.0,16.0,"{'Mercury': 'Jupiter', 'Venus': 'Jupiter', 'Earth': 'Jupiter', 'Mars': 'Jupiter', 'Ceres': 'Jupiter', 'Jupiter': 'Jupiter', 'Saturn': 'Saturn', 'Uranus': 'Saturn', 'Neptune': 'Neptune'}"
"Mercury, Venus, Earth, Jupiter, Neptune",Neptune,False,135274.40933872253,31.142339683435097,0.18095943917470186,0.009485094850948509,31.666666666666668,32.0,"{'Mercury': 'Mercury', 'Venus': 'Venus', 'Earth': 'Earth', 'Mars': 'Earth', 'Ceres': 'Earth', 'Jupiter': 'Jupiter', 'Saturn': 'Earth', 'Uranus': 'Jupiter', 'Neptune': 'Neptune'}"
"Earth, Ceres, Jupiter",Ceres,False,135303.58842615175,58.002418742380655,0.2799383777672257,0.03116531165311653,40.0,16.0,"{'Mercury': 'Earth', 'Venus': 'Earth', 'Earth': 'Earth', 'Mars': 'Earth', 'Ceres': 'Ceres', 'Jupiter': 'Jupiter', 'Saturn': 'Earth', 'Uranus': 'Ceres', 'Neptune': 'Earth'}"
"Mars, Ceres, Jupiter, Saturn, Uranus",Mars,False,135329.57968889922,35.27365649390973,0.14172408172747164,0.024390243902439025,31.666666666666668,32.0,"{'Mercury': 'Mars', 'Venus': 'Mars', 'Earth': 'Mars', 'Mars': 'Mars', 'Ceres': 'Ceres', 'Jupiter': 'Jupiter', 'Saturn': 'Saturn', 'Uranus': 'Uranus', 'Neptune': 'Saturn'}"
"Earth, Ceres, Uranus",Earth,False,135336.1470462443,48.3500868192999,0.23442401592764706,0.028455284552845527,44.0,16.0,"{'Mercury': 'Earth', 'Venus': 'Earth', 'Earth': 'Earth', 'Mars': 'Earth', 'Ceres': 'Ceres', 'Jupiter': 'Ceres', 'Saturn': 'Earth', 'Uranus': 'Uranus', 'Neptune': 'Uranus'}"
"Mercury, Venus, Mars, Ceres, Jupiter",Jupiter,False,135353.88780902085,52.581482716212605,0.24649522572179963,0.02710027100271003,31.666666666666668,32.0,"{'Mercury': 'Mercury', 'Venus': 'Venus', 'Earth': 'Venus', 'Mars': 'Mars', 'Ceres': 'Ceres', 'Jupiter': 'Jupiter', 'Saturn': 'Venus', 'Uranus': 'Ceres', 'Neptune': 'Venus'}"
"Mercury, Ceres, Uranus, Neptune",Ceres,False,135466.96040834996,19.274690235899413,0.1420298844671936,0.023035230352303523,39.666666666666664,24.0,"{'Mercury': 'Mercury', 'Venus': 'Mercury', 'Earth': 'Ceres', 'Mars': 'Mercury', 'Ceres': 'Ceres', 'Jupiter': 'Ceres', 'Saturn': 'Ceres', 'Uranus': 'Uranus', 'Neptune': 'Neptune'}"
"Earth, Ceres, Jupiter",Earth,False,135492.7798445754,58.002418742380655,0.2799383777672257,0.03116531165311653,40.0,16.0,"{'Mercury': 'Earth', 'Venus': 'Earth', 'Earth': 'Earth', 'Mars': 'Earth', 'Ceres': 'Ceres', 'Jupiter': 'Jupiter', 'Saturn': 'Earth', 'Uranus': 'Ceres', 'Neptune': 'Earth'}"
"Mars, Ceres, Jupiter, Neptune",Jupiter,False,135505.74341138886,31.654953828616247,0.18799286650174143,0.024390243902439025,39.666666666666664,24.0,"{'Mercury': 'Mars', 'Venus': 'Mars', 'Earth': 'Mars', 'Mars': 'Mars', 'Ceres': 'Ceres', 'Jupiter': 'Jupiter', 'Saturn': 'Ceres', 'Uranus': 'Ceres', 'Neptune': 'Neptune'}"
"Mars, Ceres, Saturn, Neptune",Mars,False,135521.5034989056,23.899926017607054,0.15566010319049242,0.024390243902439025,39.666666666666664,24.0,"{'Mercury': 'Mars', 'Venus': 'Mars', 'Earth': 'Mars', 'Mars': 'Mars', 'Ceres': 'Ceres', 'Jupiter': 'Ceres', 'Saturn': 'Saturn', 'Uranus': 'Saturn', 'Neptune': 'Neptune'}"
"Mercury, Venus, Ceres, Uranus, Neptune",Venus,False,135642.99909616212,15.948326218504844,0.11735207552409468,0.02168021680216802,31.666666666666668,32.0,"{'Mercury': 'Mercury', 'Venus': 'Venus', 'Earth': 'Venus', 'Mars': 'Venus', 'Ceres': 'Ceres', 'Jupiter': 'Ceres', 'Saturn': 'Venus', 'Uranus': 'Uranus', 'Neptune': 'Neptune'}"
"Earth, Jupiter, Saturn, Uranus",Earth,False,135660.09227941584,37.1271817976003,0.15720856821510465,0.025745257452574527,36.0,24.0,"{'Mercury': 'Earth', 'Venus': 'Earth', 'Earth': 'Earth', 'Mars': 'Earth', 'Ceres': 'Earth', 'Jupiter': 'Jupiter', 'Saturn': 'Saturn', 'Uranus': 'Uranus', 'Neptune': 'Saturn'}"
"Mercury, Earth, Ceres, Neptune",Neptune,False,135672.81690794238,34.19589101392145,0.20759239899256032,0.016260162601626018,39.666666666666664,24.0,"{'Mercury': 'Mercury', 'Venus': 'Earth', 'Earth': 'Earth', 'Mars': 'Earth', 'Ceres': 'Ceres', 'Jupiter': 'Ceres', 'Saturn': 'Earth', 'Uranus': 'Ceres', 'Neptune': 'Neptune'}"
"Ceres, Jupiter, Saturn, Uranus, Neptune",Jupiter,False,135673.04914387132,10.168808224003387,0.08675575432162,0.018970189701897018,28.0,32.0,"{'Mercury': 'Ceres', 'Venus': 'Ceres', 'Earth': 'Ceres', 'Mars': 'Ceres', 'Ceres': 'Ceres', 'Jupiter': 'Jupiter', 'Saturn': 'Saturn', 'Uranus': 'Uranus', 'Neptune': 'Neptune'}"
"Mercury, Venus, Ceres, Uranus, Neptune",Mercury,False,135710.64721757043,15.948326218504844,0.11735207552409468,0.02168021680216802,31.666666666666668,32.0,"{'Mercury': 'Mercury', 'Venus': 'Venus', 'Earth': 'Venus', 'Mars': 'Venus', 'Ceres': 'Ceres', 'Jupiter': 'Ceres', 'Saturn': 'Venus', 'Uranus': 'Uranus', 'Neptune': 'Neptune'}"
"Mercury, Earth, Saturn, Neptune",Earth,False,135783.88465497296,24.294810301902363,0.1597778248943754,0.024390243902439025,39.666666666666664,24.0,"{'Mercury': 'Mercury', 'Venus': 'Earth', 'Earth': 'Earth', 'Mars': 'Earth', 'Ceres': 'Earth', 'Jupiter': 'Mercury', 'Saturn': 'Saturn', 'Uranus': 'Saturn', 'Neptune': 'Neptune'}"
"Mercury, Venus, Ceres, Uranus",Uranus,False,135792.87879021207,46.74175628389367,0.22218807261190004,0.02168021680216802,39.666666666666664,24.0,"{'Mercury': 'Mercury', 'Venus': 'Venus', 'Earth': 'Venus', 'Mars': 'Venus', 'Ceres': 'Ceres', 'Jupiter': 'Ceres', 'Saturn': 'Venus', 'Uranus': 'Uranus', 'Neptune': 'Uranus'}"
"Jupiter, Saturn, Uranus",Uranus,False,135806.74219274122,55.38432473169759,0.29277954701114456,0.024390243902439025,40.0,16.0,"{'Mercury': 'Jupiter', 'Venus': 'Jupiter', 'Earth': 'Jupiter', 'Mars': 'Jupiter', 'Ceres': 'Jupiter', 'Jupiter': 'Jupiter', 'Saturn': 'Saturn', 'Uranus': 'Uranus', 'Neptune': 'Saturn'}"
"Venus, Earth, Mars, Uranus, Neptune",Earth,False,135856.00560587348,17.448797292699123,0.13003928470462592,0.02168021680216802,31.666666666666668,32.0,"{'Mercury': 'Mars', 'Venus': 'Venus', 'Earth': 'Earth', 'Mars': 'Mars', 'Ceres': 'Mars', 'Jupiter': 'Mars', 'Saturn': 'Earth', 'Uranus': 'Uranus', 'Neptune': 'Neptune'}"
"Mercury, Ceres, Uranus, Neptune",Mercury,False,135863.50955958813,19.274690235899413,0.1420298844671936,0.023035230352303523,39.666666666666664,24.0,"{'Mercury': 'Mercury', 'Venus': 'Mercury', 'Earth': 'Ceres', 'Mars': 'Mercury', 'Ceres': 'Ceres', 'Jupiter': 'Ceres', 'Saturn': 'Ceres', 'Uranus': 'Uranus', 'Neptune': 'Neptune'}"
"Venus, Earth, Mars, Uranus, Neptune",Mars,False,135875.80343283564,17.448797292699123,0.13003928470462592,0.02168021680216802,31.666666666666668,32.0,"{'Mercury': 'Mars', 'Venus': 'Venus', 'Earth': 'Earth', 'Mars': 'Mars', 'Ceres': 'Mars', 'Jupiter': 'Mars', 'Saturn': 'Earth', 'Uranus': 'Uranus', 'Neptune': 'Neptune'}"
"Venus, Earth, Mars, Uranus, Neptune",Venus,False,135878.62716894993,17.448797292699123,0.13003928470462592,0.02168021680216802,31.666666666666668,32.0,"{'Mercury': 'Mars', 'Venus': 'Venus', 'Earth': 'Earth', 'Mars': 'Mars', 'Ceres': 'Mars', 'Jupiter': 'Mars', 'Saturn': 'Earth', 'Uranus': 'Uranus', 'Neptune': 'Neptune'}"
"Mercury, Venus, Jupiter, Saturn, Neptune",Jupiter,False,135881.4260730616,19.23089273453027,0.12043714427800134,0.02168021680216802,31.666666666666668,32.0,"{'Mercury': 'Mercury', 'Venus': 'Venus', 'Earth': 'Venus', 'Mars': 'Venus', 'Ceres': 'Venus', 'Jupiter': 'Jupiter', 'Saturn': 'Saturn', 'Uranus': 'Saturn', 'Neptune': 'Neptune'}"
"Earth, Jupiter, Uranus",Earth,False,135885.60179678266,45.76625955536731,0.21739549133332797,0.028455284552845527,40.0,16.0,"{'Mercury': 'Earth', 'Venus': 'Earth', 'Earth': 'Earth', 'Mars': 'Earth', 'Ceres': 'Earth', 'Jupiter': 'Jupiter', 'Saturn': 'Earth', 'Uranus': 'Uranus', 'Neptune': 'Uranus'}"
"Mercury, Mars, Uranus, Neptune",Mars,False,135890.70447994446,18.90873589483887,0.14339102105207074,0.023035230352303523,32.0,24.0,"{'Mercury': 'Mercury', 'Venus': 'Mars', 'Earth': 'Mars', 'Mars': 'Mars', 'Ceres': 'Mars', 'Jupiter': 'Mars', 'Saturn': 'Mars', 'Uranus': 'Uranus', 'Neptune': 'Neptune'}"
"Mercury, Earth, Saturn, Neptune",Mercury,False,135890.82154372832,24.294810301902363,0.1597778248943754,0.024390243902439025,39.666666666666664,24.0,"{'Mercury': 'Mercury', 'Venus': 'Earth', 'Earth': 'Earth', 'Mars': 'Earth', 'Ceres': 'Earth', 'Jupiter': 'Mercury', 'Saturn': 'Saturn', 'Uranus': 'Saturn', 'Neptune': 'Neptune'}"
"Jupiter, Saturn, Neptune",Saturn,False,135909.10033654902,38.74289711127021,0.266750322018787,0.024390243902439025,40.0,16.0,"{'Mercury': 'Jupiter', 'Venus': 'Jupiter', 'Earth': 'Jupiter', 'Mars': 'Jupiter', 'Ceres': 'Jupiter', 'Jupiter': 'Jupiter', 'Saturn': 'Saturn', 'Uranus': 'Saturn', 'Neptune': 'Neptune'}"
"Mercury, Mars, Uranus, Neptune",Mercury,False,135922.56526718574,18.90873589483887,0.14339102105207074,0.023035230352303523,32.0,24.0,"{'Mercury': 'Mercury', 'Venus': 'Mars', 'Earth': 'Mars', 'Mars': 'Mars', 'Ceres': 'Mars', 'Jupiter': 'Mars', 'Saturn': 'Mars', 'Uranus': 'Uranus', 'Neptune': 'Neptune'}"
"Earth, Mars, Jupiter",Mars,False,135931.90631526435,58.83998997067222,0.2904733738071537,0.03116531165311653,47.333333333333336,16.0,"{'Mercury': 'Mars', 'Venus': 'Earth', 'Earth': 'Earth', 'Mars': 'Mars', 'Ceres': 'Mars', 'Jupiter': 'Jupiter', 'Saturn': 'Earth', 'Uranus': 'Mars', 'Neptune': 'Earth'}"
"Earth, Mars, Jupiter",Earth,False,135941.54136016627,58.83998997067222,0.2904733738071537,0.03116531165311653,47.333333333333336,16.0,"{'Mercury': 'Mars', 'Venus': 'Earth', 'Earth': 'Earth', 'Mars': 'Mars', 'Ceres': 'Mars', 'Jupiter': 'Jupiter', 'Saturn': 'Earth', 'Uranus': 'Mars', 'Neptune': 'Earth'}"
"Earth, Ceres, Jupiter",Jupiter,False,135972.64124238727,58.002418742380655,0.2799383777672257,0.03116531165311653,40.0,16.0,"{'Mercury': 'Earth', 'Venus': 'Earth', 'Earth': 'Earth', 'Mars': 'Earth', 'Ceres': 'Ceres', 'Jupiter': 'Jupiter', 'Saturn': 'Earth', 'Uranus': 'Ceres', 'Neptune': 'Earth'}"
"Venus, Earth, Mars, Uranus",Uranus,False,135973.5188710585,48.24222735808801,0.23487528179243128,0.02168021680216802,39.666666666666664,24.0,"{'Mercury': 'Mars', 'Venus': 'Venus', 'Earth': 'Earth', 'Mars': 'Mars', 'Ceres': 'Mars', 'Jupiter': 'Mars', 'Saturn': 'Earth', 'Uranus': 'Uranus', 'Neptune': 'Uranus'}"
"Mars, Ceres, Saturn, Uranus",Saturn,False,136071.32640560376,40.54135363803422,0.1816893281828499,0.024390243902439025,39.666666666666664,24.0,"{'Mercury': 'Mars', 'Venus': 'Mars', 'Earth': 'Mars', 'Mars': 'Mars', 'Ceres': 'Ceres', 'Jupiter': 'Ceres', 'Saturn': 'Saturn', 'Uranus': 'Uranus', 'Neptune': 'Saturn'}"
"Venus, Ceres, Jupiter, Saturn, Uranus",Ceres,False,136098.86333998403,34.151308362682435,0.13176696755188463,0.025745257452574527,31.666666666666668,32.0,"{'Mercury': 'Venus', 'Venus': 'Venus', 'Earth': 'Venus', 'Mars': 'Venus', 'Ceres': 'Ceres', 'Jupiter': 'Jupiter', 'Saturn': 'Saturn', 'Uranus': 'Uranus', 'Neptune': 'Saturn'}"
"Earth, Ceres, Jupiter, Saturn, Uranus",Ceres,False,136110.40835572523,34.428798215500166,0.13416889462157838,0.025745257452574527,31.666666666666668,32.0,"{'Mercury': 'Earth', 'Venus': 'Earth', 'Earth': 'Earth', 'Mars': 'Earth', 'Ceres': 'Ceres', 'Jupiter': 'Jupiter', 'Saturn': 'Saturn', 'Uranus': 'Uranus', 'Neptune': 'Saturn'}"
"Earth, Jupiter, Uranus",Jupiter,False,136296.81384156528,45.76625955536731,0.21739549133332797,0.028455284552845527,40.0,16.0,"{'Mercury': 'Earth', 'Venus': 'Earth', 'Earth': 'Earth', 'Mars': 'Earth', 'Ceres': 'Earth', 'Jupiter': 'Jupiter', 'Saturn': 'Earth', 'Uranus': 'Uranus', 'Neptune': 'Uranus'}"
"Mercury, Earth, Saturn, Uranus",Saturn,False,136314.74184690422,40.936237922329525,0.18580704988673288,0.024390243902439025,39.666666666666664,24.0,"{'Mercury': 'Mercury', 'Venus': 'Earth', 'Earth': 'Earth', 'Mars': 'Earth', 'Ceres': 'Earth', 'Jupiter': 'Mercury', 'Saturn': 'Saturn', 'Uranus': 'Uranus', 'Neptune': 'Saturn'}"
"Earth, Mars, Jupiter",Jupiter,False,136346.90735361536,58.83998997067222,0.2904733738071537,0.03116531165311653,47.333333333333336,16.0,"{'Mercury': 'Mars', 'Venus': 'Earth', 'Earth': 'Earth', 'Mars': 'Mars', 'Ceres': 'Mars', 'Jupiter': 'Jupiter', 'Saturn': 'Earth', 'Uranus': 'Mars', 'Neptune': 'Earth'}"
"Mercury, Venus, Jupiter, Saturn, Uranus",Saturn,False,136448.87142737745,35.826222217504714,0.1463942661540365,0.02168021680216802,31.666666666666668,32.0,"{'Mercury': 'Mercury', 'Venus': 'Venus', 'Earth': 'Venus', 'Mars': 'Venus', 'Ceres': 'Venus', 'Jupiter': 'Jupiter', 'Saturn': 'Saturn', 'Uranus': 'Uranus', 'Neptune': 'Saturn'}"
"Venus, Ceres, Saturn, Neptune",Ceres,False,136467.09441322595,22.7617590679148,0.1457223715204173,0.025745257452574527,39.666666666666664,24.0,"{'Mercury': 'Venus', 'Venus': 'Venus', 'Earth': 'Venus', 'Mars': 'Venus', 'Ceres': 'Ceres', 'Jupiter': 'Ceres', 'Saturn': 'Saturn', 'Uranus': 'Saturn', 'Neptune': 'Neptune'}"
"Earth, Ceres, Saturn, Neptune",Ceres,False,136478.63942896714,23.039248920732526,0.148124298590111,0.025745257452574527,39.666666666666664,24.0,"{'Mercury': 'Earth', 'Venus': 'Earth', 'Earth': 'Earth', 'Mars': 'Earth', 'Ceres': 'Ceres', 'Jupiter': 'Ceres', 'Saturn': 'Saturn', 'Uranus': 'Saturn', 'Neptune': 'Neptune'}"
"Earth, Jupiter, Saturn, Uranus",Jupiter,False,136490.29206345073,37.1271817976003,0.15720856821510465,0.025745257452574527,36.0,24.0,"{'Mercury': 'Earth', 'Venus': 'Earth', 'Earth': 'Earth', 'Mars': 'Earth', 'Ceres': 'Earth', 'Jupiter': 'Jupiter', 'Saturn': 'Saturn', 'Uranus': 'Uranus', 'Neptune': 'Saturn'}"
"Mercury, Ceres, Neptune",Neptune,False,136500.2047789707,37.30870194652212,0.23069665315794013,0.023035230352303523,44.0,16.0,"{'Mercury': 'Mercury', 'Venus': 'Mercury', 'Earth': 'Ceres', 'Mars': 'Mercury', 'Ceres': 'Ceres', 'Jupiter': 'Ceres', 'Saturn': 'Ceres', 'Uranus': 'Ceres', 'Neptune': 'Neptune'}"
"Mars, Ceres, Jupiter, Saturn, Neptune",Ceres,False,136506.25446021475,18.63222887348259,0.11569485673511425,0.024390243902439025,31.666666666666668,32.0,"{'Mercury': 'Mars', 'Venus': 'Mars', 'Earth': 'Mars', 'Mars': 'Mars', 'Ceres': 'Ceres', 'Jupiter': 'Jupiter', 'Saturn': 'Saturn', 'Uranus': 'Saturn', 'Neptune': 'Neptune'}"
"Earth, Ceres, Jupiter, Uranus",Ceres,False,136536.65534408312,43.06034910135057,0.19429155086785324,0.028455284552845527,36.0,24.0,"{'Mercury': 'Earth', 'Venus': 'Earth', 'Earth': 'Earth', 'Mars': 'Earth', 'Ceres': 'Ceres', 'Jupiter': 'Jupiter', 'Saturn': 'Earth', 'Uranus': 'Uranus', 'Neptune': 'Uranus'}"
"Mars, Ceres, Jupiter, Saturn, Uranus",Jupiter,False,136615.07467684895,35.27365649390973,0.14172408172747164,0.024390243902439025,31.666666666666668,32.0,"{'Mercury': 'Mars', 'Venus': 'Mars', 'Earth': 'Mars', 'Mars': 'Mars', 'Ceres': 'Ceres', 'Jupiter': 'Jupiter', 'Saturn': 'Saturn', 'Uranus': 'Uranus', 'Neptune': 'Saturn'}"
"Earth, Ceres, Jupiter, Saturn, Uranus",Earth,False,136661.2510351832,34.428798215500166,0.13416889462157838,0.025745257452574527,31.666666666666668,32.0,"{'Mercury': 'Earth', 'Venus': 'Earth', 'Earth': 'Earth', 'Mars': 'Earth', 'Ceres': 'Ceres', 'Jupiter': 'Jupiter', 'Saturn': 'Saturn', 'Uranus': 'Uranus', 'Neptune': 'Saturn'}"
"Venus, Ceres, Jupiter, Saturn, Uranus",Venus,False,136681.27667969547,34.151308362682435,0.13176696755188463,0.025745257452574527,31.666666666666668,32.0,"{'Mercury': 'Venus', 'Venus': 'Venus', 'Earth': 'Venus', 'Mars': 'Venus', 'Ceres': 'Ceres', 'Jupiter': 'Jupiter', 'Saturn': 'Saturn', 'Uranus': 'Uranus', 'Neptune': 'Saturn'}"
"Earth, Saturn, Uranus",Earth,False,136709.3758575808,42.105455115248944,0.19578402146435253,0.028455284552845527,40.0,16.0,"{'Mercury': 'Earth', 'Venus': 'Earth', 'Earth': 'Earth', 'Mars': 'Earth', 'Ceres': 'Earth', 'Jupiter': 'Earth', 'Saturn': 'Saturn', 'Uranus': 'Uranus', 'Neptune': 'Saturn'}"
"Earth, Mars, Saturn, Uranus",Earth,False,136723.58385784974,40.94222039477143,0.18521637865693386,0.02710027100271003,39.666666666666664,24.0,"{'Mercury': 'Mars', 'Venus': 'Earth', 'Earth': 'Earth', 'Mars': 'Mars', 'Ceres': 'Mars', 'Jupiter': 'Mars', 'Saturn': 'Saturn', 'Uranus': 'Uranus', 'Neptune': 'Saturn'}"
"Venus, Mars, Saturn, Uranus",Mars,False,136738.84359181678,40.94222296133827,0.1852164012460358,0.02710027100271003,39.666666666666664,24.0,"{'Mercury': 'Mars', 'Venus': 'Venus', 'Earth': 'Venus', 'Mars': 'Mars', 'Ceres': 'Mars', 'Jupiter': 'Mars', 'Saturn': 'Saturn', 'Uranus': 'Uranus', 'Neptune': 'Saturn'}"
"Earth, Mars, Saturn, Uranus",Mars,False,136743.80283092952,40.94222039477143,0.18521637865693386,0.02710027100271003,39.666666666666664,24.0,"{'Mercury': 'Mars', 'Venus': 'Earth', 'Earth': 'Earth', 'Mars': 'Mars', 'Ceres': 'Mars', 'Jupiter': 'Mars', 'Saturn': 'Saturn', 'Uranus': 'Uranus', 'Neptune': 'Saturn'}"
"Venus, Mars, Saturn, Uranus",Venus,False,136766.514098492,40.94222296133827,0.1852164012460358,0.02710027100271003,39.666666666666664,24.0,"{'Mercury': 'Mars', 'Venus': 'Venus', 'Earth': 'Venus', 'Mars': 'Mars', 'Ceres': 'Mars', 'Jupiter': 'Mars', 'Saturn': 'Saturn', 'Uranus': 'Uranus', 'Neptune': 'Saturn'}"
"Mars, Ceres, Uranus, Neptune",Ceres,False,136797.6646467681,18.86359202363105,0.139168195976525,0.024390243902439025,39.666666666666664,24.0,"{'Mercury': 'Mars', 'Venus': 'Mars', 'Earth': 'Mars', 'Mars': 'Mars', 'Ceres': 'Ceres', 'Jupiter': 'Ceres', 'Saturn': 'Ceres', 'Uranus': 'Uranus', 'Neptune': 'Neptune'}"
"Earth, Ceres, Saturn, Neptune",Earth,False,136828.89008815066,23.039248920732526,0.148124298590111,0.025745257452574527,39.666666666666664,24.0,"{'Mercury': 'Earth', 'Venus': 'Earth', 'Earth': 'Earth', 'Mars': 'Earth', 'Ceres': 'Ceres', 'Jupiter': 'Ceres', 'Saturn': 'Saturn', 'Uranus': 'Saturn', 'Neptune': 'Neptune'}"
"Venus, Ceres, Saturn, Neptune",Venus,False,136846.01324859096,22.7617590679148,0.1457223715204173,0.025745257452574527,39.666666666666664,24.0,"{'Mercury': 'Venus', 'Venus': 'Venus', 'Earth': 'Venus', 'Mars': 'Venus', 'Ceres': 'Ceres', 'Jupiter': 'Ceres', 'Saturn': 'Saturn', 'Uranus': 'Saturn', 'Neptune': 'Neptune'}"
"Earth, Ceres, Jupiter, Uranus",Earth,False,136895.0220921395,43.06034910135057,0.19429155086785324,0.028455284552845527,36.0,24.0,"{'Mercury': 'Earth', 'Venus': 'Earth', 'Earth': 'Earth', 'Mars': 'Earth', 'Ceres': 'Ceres', 'Jupiter': 'Jupiter', 'Saturn': 'Earth', 'Uranus': 'Uranus', 'Neptune': 'Uranus'}"
"Earth, Ceres, Neptune",Ceres,False,136918.4635691456,35.47653861309099,0.21801836785042603,0.028455284552845527,44.0,16.0,"{'Mercury': 'Earth', 'Venus': 'Earth', 'Earth': 'Earth', 'Mars': 'Earth', 'Ceres': 'Ceres', 'Jupiter': 'Ceres', 'Saturn': 'Earth', 'Uranus': 'Ceres', 'Neptune': 'Neptune'}"
"Saturn, Uranus, Neptune",Neptune,False,137005.48829468005,52.63116587075662,0.3500532050830522,0.02032520325203252,36.0,16.0,"{'Mercury': 'Saturn', 'Venus': 'Saturn', 'Earth': 'Saturn', 'Mars': 'Saturn', 'Ceres': 'Saturn', 'Jupiter': 'Saturn', 'Saturn': 'Saturn', 'Uranus': 'Uranus', 'Neptune': 'Neptune'}"
"Mars, Jupiter, Saturn, Uranus",Mars,False,137034.2451019792,38.059016875118274,0.1648265560337181,0.02710027100271003,36.0,24.0,"{'Mercury': 'Mars', 'Venus': 'Mars', 'Earth': 'Mars', 'Mars': 'Mars', 'Ceres': 'Mars', 'Jupiter': 'Jupiter', 'Saturn': 'Saturn', 'Uranus': 'Uranus', 'Neptune': 'Saturn'}"
"Earth, Mars, Uranus",Earth,False,137049.27839155588,49.60402043599119,0.24556559583102547,0.02981029810298103,47.666666666666664,16.0,"{'Mercury': 'Mars', 'Venus': 'Earth', 'Earth': 'Earth', 'Mars': 'Mars', 'Ceres': 'Mars', 'Jupiter': 'Mars', 'Saturn': 'Earth', 'Uranus': 'Uranus', 'Neptune': 'Uranus'}"
"Earth, Mars, Uranus",Mars,False,137060.81671731695,49.60402043599119,0.24556559583102547,0.02981029810298103,47.666666666666664,16.0,"{'Mercury': 'Mars', 'Venus': 'Earth', 'Earth': 'Earth', 'Mars': 'Mars', 'Ceres': 'Mars', 'Jupiter': 'Mars', 'Saturn': 'Earth', 'Uranus': 'Uranus', 'Neptune': 'Uranus'}"
"Mars, Ceres, Jupiter, Saturn, Neptune",Mars,False,137070.93551975404,18.63222887348259,0.11569485673511425,0.024390243902439025,31.666666666666668,32.0,"{'Mercury': 'Mars', 'Venus': 'Mars', 'Earth': 'Mars', 'Mars': 'Mars', 'Ceres': 'Ceres', 'Jupiter': 'Jupiter', 'Saturn': 'Saturn', 'Uranus': 'Saturn', 'Neptune': 'Neptune'}"
"Earth, Ceres, Neptune",Earth,False,137076.2382969275,35.47653861309099,0.21801836785042603,0.028455284552845527,44.0,16.0,"{'Mercury': 'Earth', 'Venus': 'Earth', 'Earth': 'Earth', 'Mars': 'Earth', 'Ceres': 'Ceres', 'Jupiter': 'Ceres', 'Saturn': 'Earth', 'Uranus': 'Ceres', 'Neptune': 'Neptune'}"
"Ceres, Jupiter, Uranus, Neptune",Uranus,False,137092.2828063263,19.518762817137834,0.1481995518068807,0.018970189701897018,32.0,24.0,"{'Mercury': 'Ceres', 'Venus': 'Ceres', 'Earth': 'Ceres', 'Mars': 'Ceres', 'Ceres': 'Ceres', 'Jupiter': 'Jupiter', 'Saturn': 'Ceres', 'Uranus': 'Uranus', 'Neptune': 'Neptune'}"
"Mars, Ceres, Uranus, Neptune",Mars,False,137162.35035741227,18.86359202363105,0.139168195976525,0.024390243902439025,39.666666666666664,24.0,"{'Mercury': 'Mars', 'Venus': 'Mars', 'Earth': 'Mars', 'Mars': 'Mars', 'Ceres': 'Ceres', 'Jupiter': 'Ceres', 'Saturn': 'Ceres', 'Uranus': 'Uranus', 'Neptune': 'Neptune'}"
"Mercury, Earth, Uranus",Uranus,False,137185.79328310714,49.57389372256416,0.24598980871557583,0.02710027100271003,44.0,16.0,"{'Mercury': 'Mercury', 'Venus': 'Earth', 'Earth': 'Earth', 'Mars': 'Earth', 'Ceres': 'Earth', 'Jupiter': 'Mercury', 'Saturn': 'Earth', 'Uranus': 'Uranus', 'Neptune': 'Uranus'}"
"Mercury, Venus, Jupiter, Uranus",Venus,False,137217.38502840386,44.251301213509954,0.2048456593672641,0.028455284552845527,36.0,24.0,"{'Mercury': 'Mercury', 'Venus': 'Venus', 'Earth': 'Venus', 'Mars': 'Venus', 'Ceres': 'Venus', 'Jupiter': 'Jupiter', 'Saturn': 'Venus', 'Uranus': 'Uranus', 'Neptune': 'Uranus'}"
"Mercury, Venus, Jupiter, Uranus",Mercury,False,137336.93419241346,44.251301213509954,0.2048456593672641,0.028455284552845527,36.0,24.0,"{'Mercury': 'Mercury', 'Venus': 'Venus', 'Earth': 'Venus', 'Mars': 'Venus', 'Ceres': 'Venus', 'Jupiter': 'Jupiter', 'Saturn': 'Venus', 'Uranus': 'Uranus', 'Neptune': 'Uranus'}"
"Venus, Earth, Neptune",Earth,False,137349.39452051697,35.57407753840627,0.22404584073272818,0.028455284552845527,44.0,16.0,"{'Mercury': 'Venus', 'Venus': 'Venus', 'Earth': 'Earth', 'Mars': 'Earth', 'Ceres': 'Earth', 'Jupiter': 'Venus', 'Saturn': 'Earth', 'Uranus': 'Earth', 'Neptune': 'Neptune'}"
"Venus, Earth, Neptune",Venus,False,137353.57012690534,35.57407753840627,0.22404584073272818,0.028455284552845527,44.0,16.0,"{'Mercury': 'Venus', 'Venus': 'Venus', 'Earth': 'Earth', 'Mars': 'Earth', 'Ceres': 'Earth', 'Jupiter': 'Venus', 'Saturn': 'Earth', 'Uranus': 'Earth', 'Neptune': 'Neptune'}"
"Venus, Earth, Uranus, Neptune",Earth,False,137385.28836095694,18.248740311307625,0.13778075776413778,0.024390243902439025,39.666666666666664,24.0,"{'Mercury': 'Venus', 'Venus': 'Venus', 'Earth': 'Earth', 'Mars': 'Earth', 'Ceres': 'Earth', 'Jupiter': 'Venus', 'Saturn': 'Earth', 'Uranus': 'Uranus', 'Neptune': 'Neptune'}"
"Earth, Jupiter, Saturn, Neptune",Earth,False,137386.7327265477,20.462608937089104,0.1311431412408386,0.025745257452574527,36.0,24.0,"{'Mercury': 'Earth', 'Venus': 'Earth', 'Earth': 'Earth', 'Mars': 'Earth', 'Ceres': 'Earth', 'Jupiter': 'Jupiter', 'Saturn': 'Saturn', 'Uranus': 'Saturn', 'Neptune': 'Neptune'}"
"Earth, Ceres, Saturn, Uranus",Saturn,False,137409.3251977454,39.70382178124373,0.17418972556437717,0.025745257452574527,39.666666666666664,24.0,"{'Mercury': 'Earth', 'Venus': 'Earth', 'Earth': 'Earth', 'Mars': 'Earth', 'Ceres': 'Ceres', 'Jupiter': 'Ceres', 'Saturn': 'Saturn', 'Uranus': 'Uranus', 'Neptune': 'Saturn'}"
"Venus, Earth, Uranus, Neptune",Venus,False,137412.87777707496,18.248740311307625,0.13778075776413778,0.024390243902439025,39.666666666666664,24.0,"{'Mercury': 'Venus', 'Venus': 'Venus', 'Earth': 'Earth', 'Mars': 'Earth', 'Ceres': 'Earth', 'Jupiter': 'Venus', 'Saturn': 'Earth', 'Uranus': 'Uranus', 'Neptune': 'Neptune'}"
"Venus, Ceres, Saturn, Uranus",Saturn,False,137422.99122847227,39.42633192842601,0.17178779849468345,0.025745257452574527,39.666666666666664,24.0,"{'Mercury': 'Venus', 'Venus': 'Venus', 'Earth': 'Venus', 'Mars': 'Venus', 'Ceres': 'Ceres', 'Jupiter': 'Ceres', 'Saturn': 'Saturn', 'Uranus': 'Uranus', 'Neptune': 'Saturn'}"
"Mercury, Earth, Jupiter, Neptune",Neptune,False,137437.7694091743,32.34571143202925,0.1910708457897737,0.017615176151761516,36.0,24.0,"{'Mercury': 'Mercury', 'Venus': 'Earth', 'Earth': 'Earth', 'Mars': 'Earth', 'Ceres': 'Earth', 'Jupiter': 'Jupiter', 'Saturn': 'Earth', 'Uranus': 'Jupiter', 'Neptune': 'Neptune'}"
"Mercury, Mars, Saturn, Uranus, Neptune",Saturn,False,137571.93890615163,10.358017039157835,0.0855963912597566,0.018970189701897018,28.0,32.0,"{'Mercury': 'Mercury', 'Venus': 'Mars', 'Earth': 'Mars', 'Mars': 'Mars', 'Ceres': 'Mars', 'Jupiter': 'Mars', 'Saturn': 'Saturn', 'Uranus': 'Uranus', 'Neptune': 'Neptune'}"
"Ceres, Saturn, Uranus, Neptune",Uranus,False,137636.67640031123,15.407402068989024,0.12650019831039394,0.018970189701897018,32.0,24.0,"{'Mercury': 'Ceres', 'Venus': 'Ceres', 'Earth': 'Ceres', 'Mars': 'Ceres', 'Ceres': 'Ceres', 'Jupiter': 'Ceres', 'Saturn': 'Saturn', 'Uranus': 'Uranus', 'Neptune': 'Neptune'}"
"Mercury, Venus, Earth, Mars, Neptune",Neptune,False,137671.8017110948,33.069128804156215,0.20241227149010932,0.012195121951219513,31.666666666666668,32.0,"{'Mercury': 'Mercury', 'Venus': 'Venus', 'Earth': 'Earth', 'Mars': 'Mars', 'Ceres': 'Mars', 'Jupiter': 'Mars', 'Saturn': 'Earth', 'Uranus': 'Mars', 'Neptune': 'Neptune'}"
"Mercury, Venus, Ceres",Ceres,False,137673.38926730273,59.69727109107848,0.30137465489928933,0.03387533875338753,44.0,16.0,"{'Mercury': 'Mercury', 'Venus': 'Venus', 'Earth': 'Venus', 'Mars': 'Venus', 'Ceres': 'Ceres', 'Jupiter': 'Ceres', 'Saturn': 'Venus', 'Uranus': 'Ceres', 'Neptune': 'Venus'}"
"Earth, Saturn, Uranus",Saturn,False,137690.8086982726,42.105455115248944,0.19578402146435253,0.028455284552845527,40.0,16.0,"{'Mercury': 'Earth', 'Venus': 'Earth', 'Earth': 'Earth', 'Mars': 'Earth', 'Ceres': 'Earth', 'Jupiter': 'Earth', 'Saturn': 'Saturn', 'Uranus': 'Uranus', 'Neptune': 'Saturn'}"
"Ceres, Jupiter, Saturn, Uranus, Neptune",Saturn,False,137735.64320418017,10.168808224003387,0.08675575432162,0.018970189701897018,28.0,32.0,"{'Mercury': 'Ceres', 'Venus': 'Ceres', 'Earth': 'Ceres', 'Mars': 'Ceres', 'Ceres': 'Ceres', 'Jupiter': 'Jupiter', 'Saturn': 'Saturn', 'Uranus': 'Uranus', 'Neptune': 'Neptune'}"
"Earth, Ceres, Jupiter, Uranus",Jupiter,False,137786.1026875768,43.06034910135057,0.19429155086785324,0.028455284552845527,36.0,24.0,"{'Mercury': 'Earth', 'Venus': 'Earth', 'Earth': 'Earth', 'Mars': 'Earth', 'Ceres': 'Ceres', 'Jupiter': 'Jupiter', 'Saturn': 'Earth', 'Uranus': 'Uranus', 'Neptune': 'Uranus'}"
"Mars, Ceres, Saturn, Neptune",Saturn,False,137825.39207299217,23.899926017607054,0.15566010319049242,0.024390243902439025,39.666666666666664,24.0,"{'Mercury': 'Mars', 'Venus': 'Mars', 'Earth': 'Mars', 'Mars': 'Mars', 'Ceres': 'Ceres', 'Jupiter': 'Ceres', 'Saturn': 'Saturn', 'Uranus': 'Saturn', 'Neptune': 'Neptune'}"
"Venus, Ceres, Jupiter, Saturn, Neptune",Ceres,False,137836.90833691988,17.48673550217125,0.10570154057761855,0.025745257452574527,31.666666666666668,32.0,"{'Mercury': 'Venus', 'Venus': 'Venus', 'Earth': 'Venus', 'Mars': 'Venus', 'Ceres': 'Ceres', 'Jupiter': 'Jupiter', 'Saturn': 'Saturn', 'Uranus': 'Saturn', 'Neptune': 'Neptune'}"
"Mars, Jupiter, Saturn, Uranus",Jupiter,False,137844.22424820976,38.059016875118274,0.1648265560337181,0.02710027100271003,36.0,24.0,"{'Mercury': 'Mars', 'Venus': 'Mars', 'Earth': 'Mars', 'Mars': 'Mars', 'Ceres': 'Mars', 'Jupiter': 'Jupiter', 'Saturn': 'Saturn', 'Uranus': 'Uranus', 'Neptune': 'Saturn'}"
"Earth, Ceres, Jupiter, Saturn, Neptune",Ceres,False,137848.45335266108,17.764225354988973,0.10810346764731225,0.025745257452574527,31.666666666666668,32.0,"{'Mercury': 'Earth', 'Venus': 'Earth', 'Earth': 'Earth', 'Mars': 'Earth', 'Ceres': 'Ceres', 'Jupiter': 'Jupiter', 'Saturn': 'Saturn', 'Uranus': 'Saturn', 'Neptune': 'Neptune'}"
"Earth, Jupiter, Saturn, Uranus",Saturn,False,137909.56190396706,37.1271817976003,0.15720856821510465,0.025745257452574527,36.0,24.0,"{'Mercury': 'Earth', 'Venus': 'Earth', 'Earth': 'Earth', 'Mars': 'Earth', 'Ceres': 'Earth', 'Jupiter': 'Jupiter', 'Saturn': 'Saturn', 'Uranus': 'Uranus', 'Neptune': 'Saturn'}"
"Mars, Ceres, Neptune",Neptune,False,137921.310957201,36.92265097274074,0.22795811295711957,0.024390243902439025,47.333333333333336,16.0,"{'Mercury': 'Mars', 'Venus': 'Mars', 'Earth': 'Mars', 'Mars': 'Mars', 'Ceres': 'Ceres', 'Jupiter': 'Ceres', 'Saturn': 'Ceres', 'Uranus': 'Ceres', 'Neptune': 'Neptune'}"
"Mercury, Venus, Ceres",Venus,False,137951.54563695518,59.69727109107848,0.30137465489928933,0.03387533875338753,44.0,16.0,"{'Mercury': 'Mercury', 'Venus': 'Venus', 'Earth': 'Venus', 'Mars': 'Venus', 'Ceres': 'Ceres', 'Jupiter': 'Ceres', 'Saturn': 'Venus', 'Uranus': 'Ceres', 'Neptune': 'Venus'}"
"Venus, Ceres, Jupiter, Saturn, Uranus",Jupiter,False,137952.31060267566,34.151308362682435,0.13176696755188463,0.025745257452574527,31.666666666666668,32.0,"{'Mercury': 'Venus', 'Venus': 'Venus', 'Earth': 'Venus', 'Mars': 'Venus', 'Ceres': 'Ceres', 'Jupiter': 'Jupiter', 'Saturn': 'Saturn', 'Uranus': 'Uranus', 'Neptune': 'Saturn'}"
"Earth, Ceres, Jupiter, Saturn, Uranus",Jupiter,False,137971.31936987277,34.428798215500166,0.13416889462157838,0.025745257452574527,31.666666666666668,32.0,"{'Mercury': 'Earth', 'Venus': 'Earth', 'Earth': 'Earth', 'Mars': 'Earth', 'Ceres': 'Ceres', 'Jupiter': 'Jupiter', 'Saturn': 'Saturn', 'Uranus': 'Uranus', 'Neptune': 'Saturn'}"
"Mercury, Venus, Ceres",Mercury,False,137977.1862263584,59.69727109107848,0.30137465489928933,0.03387533875338753,44.0,16.0,"{'Mercury': 'Mercury', 'Venus': 'Venus', 'Earth': 'Venus', 'Mars': 'Venus', 'Ceres': 'Ceres', 'Jupiter': 'Ceres', 'Saturn': 'Venus', 'Uranus': 'Ceres', 'Neptune': 'Venus'}"
"Mercury, Earth, Saturn, Neptune",Saturn,False,138068.80751429262,24.294810301902363,0.1597778248943754,0.024390243902439025,39.666666666666664,24.0,"{'Mercury': 'Mercury', 'Venus': 'Earth', 'Earth': 'Earth', 'Mars': 'Earth', 'Ceres': 'Earth', 'Jupiter': 'Mercury', 'Saturn': 'Saturn', 'Uranus': 'Saturn', 'Neptune': 'Neptune'}"
"Mercury, Venus, Jupiter, Uranus",Jupiter,False,138081.57478214486,44.251301213509954,0.2048456593672641,0.028455284552845527,36.0,24.0,"{'Mercury': 'Mercury', 'Venus': 'Venus', 'Earth': 'Venus', 'Mars': 'Venus', 'Ceres': 'Venus', 'Jupiter': 'Jupiter', 'Saturn': 'Venus', 'Uranus': 'Uranus', 'Neptune': 'Uranus'}"
"Jupiter, Uranus, Neptune",Jupiter,False,138146.2327734793,33.742864599478814,0.24872759684006474,0.025745257452574527,36.0,16.0,"{'Mercury': 'Jupiter', 'Venus': 'Jupiter', 'Earth': 'Jupiter', 'Mars': 'Jupiter', 'Ceres': 'Jupiter', 'Jupiter': 'Jupiter', 'Saturn': 'Jupiter', 'Uranus': 'Uranus', 'Neptune': 'Neptune'}"
"Mars, Ceres, Jupiter, Uranus, Neptune",Ceres,False,138167.54148137107,13.595894879506588,0.09920294952114676,0.024390243902439025,31.666666666666668,32.0,"{'Mercury': 'Mars', 'Venus': 'Mars', 'Earth': 'Mars', 'Mars': 'Mars', 'Ceres': 'Ceres', 'Jupiter': 'Jupiter', 'Saturn': 'Ceres', 'Uranus': 'Uranus', 'Neptune': 'Neptune'}"
"Earth, Jupiter, Saturn, Neptune",Jupiter,False,138167.91203907933,20.462608937089104,0.1311431412408386,0.025745257452574527,36.0,24.0,"{'Mercury': 'Earth', 'Venus': 'Earth', 'Earth': 'Earth', 'Mars': 'Earth', 'Ceres': 'Earth', 'Jupiter': 'Jupiter', 'Saturn': 'Saturn', 'Uranus': 'Saturn', 'Neptune': 'Neptune'}"
"Mercury, Venus, Saturn",Venus,False,138198.00241565393,55.53525062074583,0.2638814372388565,0.032520325203252036,47.666666666666664,16.0,"{'Mercury': 'Mercury', 'Venus': 'Venus', 'Earth': 'Venus', 'Mars': 'Venus', 'Ceres': 'Venus', 'Jupiter': 'Mercury', 'Saturn': 'Saturn', 'Uranus': 'Saturn', 'Neptune': 'Saturn'}"
"Mercury, Venus, Jupiter, Saturn, Neptune",Saturn,False,138203.05529601962,19.23089273453027,0.12043714427800134,0.02168021680216802,31.666666666666668,32.0,"{'Mercury': 'Mercury', 'Venus': 'Venus', 'Earth': 'Venus', 'Mars': 'Venus', 'Ceres': 'Venus', 'Jupiter': 'Jupiter', 'Saturn': 'Saturn', 'Uranus': 'Saturn', 'Neptune': 'Neptune'}"
"Mercury, Venus, Saturn",Mercury,False,138220.02003585428,55.53525062074583,0.2638814372388565,0.032520325203252036,47.666666666666664,16.0,"{'Mercury': 'Mercury', 'Venus': 'Venus', 'Earth': 'Venus', 'Mars': 'Venus', 'Ceres': 'Venus', 'Jupiter': 'Mercury', 'Saturn': 'Saturn', 'Uranus': 'Saturn', 'Neptune': 'Saturn'}"
"Mercury, Earth, Ceres, Uranus, Neptune",Uranus,False,138257.9199443566,16.286080485878795,0.11953628297874752,0.016260162601626018,31.666666666666668,32.0,"{'Mercury': 'Mercury', 'Venus': 'Earth', 'Earth': 'Earth', 'Mars': 'Earth', 'Ceres': 'Ceres', 'Jupiter': 'Ceres', 'Saturn': 'Earth', 'Uranus': 'Uranus', 'Neptune': 'Neptune'}"
"Earth, Ceres, Jupiter, Neptune",Ceres,False,138288.15114457035,30.186800895141708,0.17788590279063207,0.028455284552845527,36.0,24.0,"{'Mercury': 'Earth', 'Venus': 'Earth', 'Earth': 'Earth', 'Mars': 'Earth', 'Ceres': 'Ceres', 'Jupiter': 'Jupiter', 'Saturn': 'Earth', 'Uranus': 'Ceres', 'Neptune': 'Neptune'}"
"Venus, Earth, Mars, Saturn, Uranus",Uranus,False,138289.35532458755,39.655972049469256,0.1750557275066293,0.018970189701897018,31.666666666666668,32.0,"{'Mercury': 'Mars', 'Venus': 'Venus', 'Earth': 'Earth', 'Mars': 'Mars', 'Ceres': 'Mars', 'Jupiter': 'Mars', 'Saturn': 'Saturn', 'Uranus': 'Uranus', 'Neptune': 'Saturn'}"
"Mars, Ceres, Jupiter, Saturn, Neptune",Jupiter,False,138292.75399969955,18.63222887348259,0.11569485673511425,0.024390243902439025,31.666666666666668,32.0,"{'Mercury': 'Mars', 'Venus': 'Mars', 'Earth': 'Mars', 'Mars': 'Mars', 'Ceres': 'Ceres', 'Jupiter': 'Jupiter', 'Saturn': 'Saturn', 'Uranus': 'Saturn', 'Neptune': 'Neptune'}"
"Earth, Ceres, Uranus",Uranus,False,138344.58906390055,48.3500868192999,0.23442401592764706,0.028455284552845527,44.0,16.0,"{'Mercury': 'Earth', 'Venus': 'Earth', 'Earth': 'Earth', 'Mars': 'Earth', 'Ceres': 'Ceres', 'Jupiter': 'Ceres', 'Saturn': 'Earth', 'Uranus': 'Uranus', 'Neptune': 'Uranus'}"
"Earth, Ceres, Jupiter, Saturn, Neptune",Earth,False,138387.89148231506,17.764225354988973,0.10810346764731225,0.025745257452574527,31.666666666666668,32.0,"{'Mercury': 'Earth', 'Venus': 'Earth', 'Earth': 'Earth', 'Mars': 'Earth', 'Ceres': 'Ceres', 'Jupiter': 'Jupiter', 'Saturn': 'Saturn', 'Uranus': 'Saturn', 'Neptune': 'Neptune'}"
"Venus, Ceres, Jupiter, Saturn, Neptune",Venus,False,138388.68283965788,17.48673550217125,0.10570154057761855,0.025745257452574527,31.666666666666668,32.0,"{'Mercury': 'Venus', 'Venus': 'Venus', 'Earth': 'Venus', 'Mars': 'Venus', 'Ceres': 'Ceres', 'Jupiter': 'Jupiter', 'Saturn': 'Saturn', 'Uranus': 'Saturn', 'Neptune': 'Neptune'}"
"Venus, Jupiter, Saturn",Venus,False,138420.50666258595,51.43374676575055,0.23295442441400419,0.032520325203252036,44.0,16.0,"{'Mercury': 'Venus', 'Venus': 'Venus', 'Earth': 'Venus', 'Mars': 'Venus', 'Ceres': 'Venus', 'Jupiter': 'Jupiter', 'Saturn': 'Saturn', 'Uranus': 'Saturn', 'Neptune': 'Saturn'}"
"Earth, Saturn, Neptune",Earth,False,138435.8971136392,25.394398090552205,0.16964588758081361,0.028455284552845527,40.0,16.0,"{'Mercury': 'Earth', 'Venus': 'Earth', 'Earth': 'Earth', 'Mars': 'Earth', 'Ceres': 'Earth', 'Jupiter': 'Earth', 'Saturn': 'Saturn', 'Uranus': 'Saturn', 'Neptune': 'Neptune'}"
"Earth, Mars, Saturn, Neptune",Earth,False,138450.16479244697,24.254437822755335,0.15911464885958376,0.02710027100271003,39.666666666666664,24.0,"{'Mercury': 'Mars', 'Venus': 'Earth', 'Earth': 'Earth', 'Mars': 'Mars', 'Ceres': 'Mars', 'Jupiter': 'Mars', 'Saturn': 'Saturn', 'Uranus': 'Saturn', 'Neptune': 'Neptune'}"
"Venus, Mars, Saturn, Neptune",Venus,False,138473.86074591984,24.254440389322173,0.1591146714486857,0.02710027100271003,39.666666666666664,24.0,"{'Mercury': 'Mars', 'Venus': 'Venus', 'Earth': 'Venus', 'Mars': 'Mars', 'Ceres': 'Mars', 'Jupiter': 'Mars', 'Saturn': 'Saturn', 'Uranus': 'Saturn', 'Neptune': 'Neptune'}"
"Mercury, Venus, Mars, Jupiter",Mars,False,138474.08067103394,54.77669104235765,0.2679741837052926,0.032520325203252036,39.666666666666664,24.0,"{'Mercury': 'Mercury', 'Venus': 'Venus', 'Earth': 'Venus', 'Mars': 'Mars', 'Ceres': 'Mars', 'Jupiter': 'Jupiter', 'Saturn': 'Venus', 'Uranus': 'Mars', 'Neptune': 'Venus'}"
"Venus, Mars, Saturn, Neptune",Mars,False,138480.080562915,24.254440389322173,0.1591146714486857,0.02710027100271003,39.666666666666664,24.0,"{'Mercury': 'Mars', 'Venus': 'Venus', 'Earth': 'Venus', 'Mars': 'Mars', 'Ceres': 'Mars', 'Jupiter': 'Mars', 'Saturn': 'Saturn', 'Uranus': 'Saturn', 'Neptune': 'Neptune'}"
"Earth, Mars, Saturn, Neptune",Mars,False,138485.03980202775,24.254437822755335,0.15911464885958376,0.02710027100271003,39.666666666666664,24.0,"{'Mercury': 'Mars', 'Venus': 'Earth', 'Earth': 'Earth', 'Mars': 'Mars', 'Ceres': 'Mars', 'Jupiter': 'Mars', 'Saturn': 'Saturn', 'Uranus': 'Saturn', 'Neptune': 'Neptune'}"
"Mercury, Venus, Mars, Jupiter",Venus,False,138495.7921137628,54.77669104235765,0.2679741837052926,0.032520325203252036,39.666666666666664,24.0,"{'Mercury': 'Mercury', 'Venus': 'Venus', 'Earth': 'Venus', 'Mars': 'Mars', 'Ceres': 'Mars', 'Jupiter': 'Jupiter', 'Saturn': 'Venus', 'Uranus': 'Mars', 'Neptune': 'Venus'}"
"Mars, Jupiter, Uranus",Mars,False,138605.2368446686,46.59562150989455,0.2242652747807018,0.03116531165311653,40.0,16.0,"{'Mercury': 'Mars', 'Venus': 'Mars', 'Earth': 'Mars', 'Mars': 'Mars', 'Ceres': 'Mars', 'Jupiter': 'Jupiter', 'Saturn': 'Mars', 'Uranus': 'Uranus', 'Neptune': 'Uranus'}"
"Earth, Ceres, Jupiter, Neptune",Earth,False,138635.11334282267,30.186800895141708,0.17788590279063207,0.028455284552845527,36.0,24.0,"{'Mercury': 'Earth', 'Venus': 'Earth', 'Earth': 'Earth', 'Mars': 'Earth', 'Ceres': 'Ceres', 'Jupiter': 'Jupiter', 'Saturn': 'Earth', 'Uranus': 'Ceres', 'Neptune': 'Neptune'}"
"Mercury, Venus, Mars, Jupiter",Mercury,False,138647.00318370952,54.77669104235765,0.2679741837052926,0.032520325203252036,39.666666666666664,24.0,"{'Mercury': 'Mercury', 'Venus': 'Venus', 'Earth': 'Venus', 'Mars': 'Mars', 'Ceres': 'Mars', 'Jupiter': 'Jupiter', 'Saturn': 'Venus', 'Uranus': 'Mars', 'Neptune': 'Venus'}"
"Mars, Ceres, Jupiter, Uranus, Neptune",Mars,False,138711.78237826072,13.595894879506588,0.09920294952114676,0.024390243902439025,31.666666666666668,32.0,"{'Mercury': 'Mars', 'Venus': 'Mars', 'Earth': 'Mars', 'Mars': 'Mars', 'Ceres': 'Ceres', 'Jupiter': 'Jupiter', 'Saturn': 'Ceres', 'Uranus': 'Uranus', 'Neptune': 'Neptune'}"
"Mercury, Earth, Jupiter, Uranus, Neptune",Uranus,False,138727.26794436644,13.734284138441307,0.10271885579675454,0.016260162601626018,28.0,32.0,"{'Mercury': 'Mercury', 'Venus': 'Earth', 'Earth': 'Earth', 'Mars': 'Earth', 'Ceres': 'Earth', 'Jupiter': 'Jupiter', 'Saturn': 'Earth', 'Uranus': 'Uranus', 'Neptune': 'Neptune'}"
"Mars, Jupiter, Saturn, Neptune",Mars,False,138775.48207307744,21.37123430310218,0.13872482623636814,0.02710027100271003,36.0,24.0,"{'Mercury': 'Mars', 'Venus': 'Mars', 'Earth': 'Mars', 'Mars': 'Mars', 'Ceres': 'Mars', 'Jupiter': 'Jupiter', 'Saturn': 'Saturn', 'Uranus': 'Saturn', 'Neptune': 'Neptune'}"
"Earth, Jupiter, Uranus",Uranus,False,138805.36060224823,45.76625955536731,0.21739549133332797,0.028455284552845527,40.0,16.0,"{'Mercury': 'Earth', 'Venus': 'Earth', 'Earth': 'Earth', 'Mars': 'Earth', 'Ceres': 'Earth', 'Jupiter': 'Jupiter', 'Saturn': 'Earth', 'Uranus': 'Uranus', 'Neptune': 'Uranus'}"
"Venus, Jupiter, Saturn",Jupiter,False,138815.00544301973,51.43374676575055,0.23295442441400419,0.032520325203252036,44.0,16.0,"{'Mercury': 'Venus', 'Venus': 'Venus', 'Earth': 'Venus', 'Mars': 'Venus', 'Ceres': 'Venus', 'Jupiter': 'Jupiter', 'Saturn': 'Saturn', 'Uranus': 'Saturn', 'Neptune': 'Saturn'}"
"Mars, Ceres, Jupiter, Uranus",Uranus,False,138872.85546600368,44.47486225063257,0.2043301577119742,0.024390243902439025,39.666666666666664,24.0,"{'Mercury': 'Mars', 'Venus': 'Mars', 'Earth': 'Mars', 'Mars': 'Mars', 'Ceres': 'Ceres', 'Jupiter': 'Jupiter', 'Saturn': 'Ceres', 'Uranus': 'Uranus', 'Neptune': 'Uranus'}"
"Mars, Ceres, Jupiter, Saturn, Uranus",Saturn,False,138898.4274945366,35.27365649390973,0.14172408172747164,0.024390243902439025,31.666666666666668,32.0,"{'Mercury': 'Mars', 'Venus': 'Mars', 'Earth': 'Mars', 'Mars': 'Mars', 'Ceres': 'Ceres', 'Jupiter': 'Jupiter', 'Saturn': 'Saturn', 'Uranus': 'Uranus', 'Neptune': 'Saturn'}"
"Earth, Mars, Saturn, Uranus",Saturn,False,138977.7503671955,40.94222039477143,0.18521637865693386,0.02710027100271003,39.666666666666664,24.0,"{'Mercury': 'Mars', 'Venus': 'Earth', 'Earth': 'Earth', 'Mars': 'Mars', 'Ceres': 'Mars', 'Jupiter': 'Mars', 'Saturn': 'Saturn', 'Uranus': 'Uranus', 'Neptune': 'Saturn'}"
"Earth, Jupiter, Neptune",Earth,False,138981.7326370959,33.60489119790569,0.20130370290187516,0.02981029810298103,40.0,16.0,"{'Mercury': 'Earth', 'Venus': 'Earth', 'Earth': 'Earth', 'Mars': 'Earth', 'Ceres': 'Earth', 'Jupiter': 'Jupiter', 'Saturn': 'Earth', 'Uranus': 'Jupiter', 'Neptune': 'Neptune'}"
"Mars, Ceres, Saturn, Uranus, Neptune",Ceres,False,138987.3452484456,9.461693238312542,0.07738304406079066,0.024390243902439025,31.666666666666668,32.0,"{'Mercury': 'Mars', 'Venus': 'Mars', 'Earth': 'Mars', 'Mars': 'Mars', 'Ceres': 'Ceres', 'Jupiter': 'Ceres', 'Saturn': 'Saturn', 'Uranus': 'Uranus', 'Neptune': 'Neptune'}"
"Earth, Mars, Jupiter, Neptune",Earth,False,138992.1764691046,31.022035802015427,0.1883915125096678,0.028455284552845527,39.666666666666664,24.0,"{'Mercury': 'Mars', 'Venus': 'Earth', 'Earth': 'Earth', 'Mars': 'Mars', 'Ceres': 'Mars', 'Jupiter': 'Jupiter', 'Saturn': 'Earth', 'Uranus': 'Mars', 'Neptune': 'Neptune'}"
"Venus, Mars, Saturn, Uranus",Saturn,False,138994.09584000055,40.94222296133827,0.1852164012460358,0.02710027100271003,39.666666666666664,24.0,"{'Mercury': 'Mars', 'Venus': 'Venus', 'Earth': 'Venus', 'Mars': 'Mars', 'Ceres': 'Mars', 'Jupiter': 'Mars', 'Saturn': 'Saturn', 'Uranus': 'Uranus', 'Neptune': 'Saturn'}"
"Mars, Jupiter, Uranus",Jupiter,False,139004.9088989656,46.59562150989455,0.2242652747807018,0.03116531165311653,40.0,16.0,"{'Mercury': 'Mars', 'Venus': 'Mars', 'Earth': 'Mars', 'Mars': 'Mars', 'Ceres': 'Mars', 'Jupiter': 'Jupiter', 'Saturn': 'Mars', 'Uranus': 'Uranus', 'Neptune': 'Uranus'}"
"Earth, Mars, Jupiter, Neptune",Mars,False,139008.73854714163,31.022035802015427,0.1883915125096678,0.028455284552845527,39.666666666666664,24.0,"{'Mercury': 'Mars', 'Venus': 'Earth', 'Earth': 'Earth', 'Mars': 'Mars', 'Ceres': 'Mars', 'Jupiter': 'Jupiter', 'Saturn': 'Earth', 'Uranus': 'Mars', 'Neptune': 'Neptune'}"
"Mercury, Venus, Ceres, Jupiter",Ceres,False,139042.8220197105,54.37785742520239,0.2610170427704361,0.03387533875338753,36.0,24.0,"{'Mercury': 'Mercury', 'Venus': 'Venus', 'Earth': 'Venus', 'Mars': 'Venus', 'Ceres': 'Ceres', 'Jupiter': 'Jupiter', 'Saturn': 'Venus', 'Uranus': 'Ceres', 'Neptune': 'Venus'}"
"Earth, Ceres, Saturn, Neptune",Saturn,False,139163.3315179118,23.039248920732526,0.148124298590111,0.025745257452574527,39.666666666666664,24.0,"{'Mercury': 'Earth', 'Venus': 'Earth', 'Earth': 'Earth', 'Mars': 'Earth', 'Ceres': 'Ceres', 'Jupiter': 'Ceres', 'Saturn': 'Saturn', 'Uranus': 'Saturn', 'Neptune': 'Neptune'}"
"Venus, Ceres, Saturn, Neptune",Saturn,False,139176.99754863867,22.7617590679148,0.1457223715204173,0.025745257452574527,39.666666666666664,24.0,"{'Mercury': 'Venus', 'Venus': 'Venus', 'Earth': 'Venus', 'Mars': 'Venus', 'Ceres': 'Ceres', 'Jupiter': 'Ceres', 'Saturn': 'Saturn', 'Uranus': 'Saturn', 'Neptune': 'Neptune'}"
"Mercury, Mars, Neptune",Neptune,False,139192.42452605988,36.2495582709605,0.2299854424387592,0.025745257452574527,36.0,16.0,"{'Mercury': 'Mercury', 'Venus': 'Mars', 'Earth': 'Mars', 'Mars': 'Mars', 'Ceres': 'Mars', 'Jupiter': 'Mars', 'Saturn': 'Mars', 'Uranus': 'Mars', 'Neptune': 'Neptune'}"
"Venus, Ceres, Uranus",Ceres,False,139218.94335042135,47.91202126832852,0.23066261165376925,0.032520325203252036,44.0,16.0,"{'Mercury': 'Venus', 'Venus': 'Venus', 'Earth': 'Venus', 'Mars': 'Venus', 'Ceres': 'Ceres', 'Jupiter': 'Ceres', 'Saturn': 'Venus', 'Uranus': 'Uranus', 'Neptune': 'Uranus'}"
"Jupiter, Saturn, Neptune",Neptune,False,139281.15657479333,38.74289711127021,0.266750322018787,0.024390243902439025,40.0,16.0,"{'Mercury': 'Jupiter', 'Venus': 'Jupiter', 'Earth': 'Jupiter', 'Mars': 'Jupiter', 'Ceres': 'Jupiter', 'Jupiter': 'Jupiter', 'Saturn': 'Saturn', 'Uranus': 'Saturn', 'Neptune': 'Neptune'}"
"Mars, Jupiter, Saturn, Uranus",Saturn,False,139281.80290051727,38.059016875118274,0.1648265560337181,0.02710027100271003,36.0,24.0,"{'Mercury': 'Mars', 'Venus': 'Mars', 'Earth': 'Mars', 'Mars': 'Mars', 'Ceres': 'Mars', 'Jupiter': 'Jupiter', 'Saturn': 'Saturn', 'Uranus': 'Uranus', 'Neptune': 'Saturn'}"
"Earth, Jupiter, Neptune",Jupiter,False,139343.92421037523,33.60489119790569,0.20130370290187516,0.02981029810298103,40.0,16.0,"{'Mercury': 'Earth', 'Venus': 'Earth', 'Earth': 'Earth', 'Mars': 'Earth', 'Ceres': 'Earth', 'Jupiter': 'Jupiter', 'Saturn': 'Earth', 'Uranus': 'Jupiter', 'Neptune': 'Neptune'}"
"Earth, Saturn, Uranus",Uranus,False,139350.29263616868,42.105455115248944,0.19578402146435253,0.028455284552845527,40.0,16.0,"{'Mercury': 'Earth', 'Venus': 'Earth', 'Earth': 'Earth', 'Mars': 'Earth', 'Ceres': 'Earth', 'Jupiter': 'Earth', 'Saturn': 'Saturn', 'Uranus': 'Uranus', 'Neptune': 'Saturn'}"
"Mercury, Venus, Mars, Jupiter",Jupiter,False,139382.5174789415,54.77669104235765,0.2679741837052926,0.032520325203252036,39.666666666666664,24.0,"{'Mercury': 'Mercury', 'Venus': 'Venus', 'Earth': 'Venus', 'Mars': 'Mars', 'Ceres': 'Mars', 'Jupiter': 'Jupiter', 'Saturn': 'Venus', 'Uranus': 'Mars', 'Neptune': 'Venus'}"
"Venus, Ceres, Uranus",Venus,False,139411.54083255964,47.91202126832852,0.23066261165376925,0.032520325203252036,44.0,16.0,"{'Mercury': 'Venus', 'Venus': 'Venus', 'Earth': 'Venus', 'Mars': 'Venus', 'Ceres': 'Ceres', 'Jupiter': 'Ceres', 'Saturn': 'Venus', 'Uranus': 'Uranus', 'Neptune': 'Uranus'}"
"Mars, Ceres, Saturn, Uranus",Uranus,False,139416.48543609152,40.54135363803422,0.1816893281828499,0.024390243902439025,39.666666666666664,24.0,"{'Mercury': 'Mars', 'Venus': 'Mars', 'Earth': 'Mars', 'Mars': 'Mars', 'Ceres': 'Ceres', 'Jupiter': 'Ceres', 'Saturn': 'Saturn', 'Uranus': 'Uranus', 'Neptune': 'Saturn'}"
"Mercury, Mars, Saturn, Neptune",Neptune,False,139430.2763602323,24.716480576577812,0.16344098044951522,0.018970189701897018,36.0,24.0,"{'Mercury': 'Mercury', 'Venus': 'Mars', 'Earth': 'Mars', 'Mars': 'Mars', 'Ceres': 'Mars', 'Jupiter': 'Mars', 'Saturn': 'Saturn', 'Uranus': 'Saturn', 'Neptune': 'Neptune'}"
"Earth, Saturn, Neptune",Saturn,False,139444.69582736553,25.394398090552205,0.16964588758081361,0.028455284552845527,40.0,16.0,"{'Mercury': 'Earth', 'Venus': 'Earth', 'Earth': 'Earth', 'Mars': 'Earth', 'Ceres': 'Earth', 'Jupiter': 'Earth', 'Saturn': 'Saturn', 'Uranus': 'Saturn', 'Neptune': 'Neptune'}"
"Mars, Saturn, Uranus",Mars,False,139448.13265111737,43.07332921383293,0.2033241068745755,0.03116531165311653,40.0,16.0,"{'Mercury': 'Mars', 'Venus': 'Mars', 'Earth': 'Mars', 'Mars': 'Mars', 'Ceres': 'Mars', 'Jupiter': 'Mars', 'Saturn': 'Saturn', 'Uranus': 'Uranus', 'Neptune': 'Saturn'}"
"Mercury, Venus, Saturn",Saturn,False,139459.54913297074,55.53525062074583,0.2638814372388565,0.032520325203252036,47.666666666666664,16.0,"{'Mercury': 'Mercury', 'Venus': 'Venus', 'Earth': 'Venus', 'Mars': 'Venus', 'Ceres': 'Venus', 'Jupiter': 'Mercury', 'Saturn': 'Saturn', 'Uranus': 'Saturn', 'Neptune': 'Saturn'}"
"Earth, Ceres, Jupiter, Neptune",Jupiter,False,139477.1734667567,30.186800895141708,0.17788590279063207,0.028455284552845527,36.0,24.0,"{'Mercury': 'Earth', 'Venus': 'Earth', 'Earth': 'Earth', 'Mars': 'Earth', 'Ceres': 'Ceres', 'Jupiter': 'Jupiter', 'Saturn': 'Earth', 'Uranus': 'Ceres', 'Neptune': 'Neptune'}"
"Mercury, Venus, Ceres, Jupiter",Venus,False,139493.8340567359,54.37785742520239,0.2610170427704361,0.03387533875338753,36.0,24.0,"{'Mercury': 'Mercury', 'Venus': 'Venus', 'Earth': 'Venus', 'Mars': 'Venus', 'Ceres': 'Ceres', 'Jupiter': 'Jupiter', 'Saturn': 'Venus', 'Uranus': 'Ceres', 'Neptune': 'Venus'}"
"Mars, Jupiter, Saturn, Neptune",Jupiter,False,139521.78471130377,21.37123430310218,0.13872482623636814,0.02710027100271003,36.0,24.0,"{'Mercury': 'Mars', 'Venus': 'Mars', 'Earth': 'Mars', 'Mars': 'Mars', 'Ceres': 'Mars', 'Jupiter': 'Jupiter', 'Saturn': 'Saturn', 'Uranus': 'Saturn', 'Neptune': 'Neptune'}"
"Mars, Ceres, Saturn, Uranus, Neptune",Mars,False,139553.18753781012,9.461693238312542,0.07738304406079066,0.024390243902439025,31.666666666666668,32.0,"{'Mercury': 'Mars', 'Venus': 'Mars', 'Earth': 'Mars', 'Mars': 'Mars', 'Ceres': 'Ceres', 'Jupiter': 'Ceres', 'Saturn': 'Saturn', 'Uranus': 'Uranus', 'Neptune': 'Neptune'}"
"Ceres, Jupiter, Saturn, Neptune",Neptune,False,139569.181748537,24.527271761423354,0.16460034351137873,0.018970189701897018,36.0,24.0,"{'Mercury': 'Ceres', 'Venus': 'Ceres', 'Earth': 'Ceres', 'Mars': 'Ceres', 'Ceres': 'Ceres', 'Jupiter': 'Jupiter', 'Saturn': 'Saturn', 'Uranus': 'Saturn', 'Neptune': 'Neptune'}"
"Mercury, Earth, Saturn, Uranus",Uranus,False,139592.88179826818,40.936237922329525,0.18580704988673288,0.024390243902439025,39.666666666666664,24.0,"{'Mercury': 'Mercury', 'Venus': 'Earth', 'Earth': 'Earth', 'Mars': 'Earth', 'Ceres': 'Earth', 'Jupiter': 'Mercury', 'Saturn': 'Saturn', 'Uranus': 'Uranus', 'Neptune': 'Saturn'}"
"Venus, Ceres, Jupiter, Saturn, Neptune",Jupiter,False,139629.93057830422,17.48673550217125,0.10570154057761855,0.025745257452574527,31.666666666666668,32.0,"{'Mercury': 'Venus', 'Venus': 'Venus', 'Earth': 'Venus', 'Mars': 'Venus', 'Ceres': 'Ceres', 'Jupiter': 'Jupiter', 'Saturn': 'Saturn', 'Uranus': 'Saturn', 'Neptune': 'Neptune'}"
"Earth, Ceres, Jupiter, Saturn, Neptune",Jupiter,False,139648.93934550136,17.764225354988973,0.10810346764731225,0.025745257452574527,31.666666666666668,32.0,"{'Mercury': 'Earth', 'Venus': 'Earth', 'Earth': 'Earth', 'Mars': 'Earth', 'Ceres': 'Ceres', 'Jupiter': 'Jupiter', 'Saturn': 'Saturn', 'Uranus': 'Saturn', 'Neptune': 'Neptune'}"
"Mercury, Venus, Ceres, Jupiter",Mercury,False,139653.26690060587,54.37785742520239,0.2610170427704361,0.03387533875338753,36.0,24.0,"{'Mercury': 'Mercury', 'Venus': 'Venus', 'Earth': 'Venus', 'Mars': 'Venus', 'Ceres': 'Ceres', 'Jupiter': 'Jupiter', 'Saturn': 'Venus', 'Uranus': 'Ceres', 'Neptune': 'Venus'}"
"Earth, Jupiter, Saturn, Neptune",Saturn,False,139663.56822413346,20.462608937089104,0.1311431412408386,0.025745257452574527,36.0,24.0,"{'Mercury': 'Earth', 'Venus': 'Earth', 'Earth': 'Earth', 'Mars': 'Earth', 'Ceres': 'Earth', 'Jupiter': 'Jupiter', 'Saturn': 'Saturn', 'Uranus': 'Saturn', 'Neptune': 'Neptune'}"
"Jupiter, Saturn, Uranus, Neptune",Jupiter,False,139693.85801215775,24.304664331975633,0.18847326288908522,0.024390243902439025,32.0,24.0,"{'Mercury': 'Jupiter', 'Venus': 'Jupiter', 'Earth': 'Jupiter', 'Mars': 'Jupiter', 'Ceres': 'Jupiter', 'Jupiter': 'Jupiter', 'Saturn': 'Saturn', 'Uranus': 'Uranus', 'Neptune': 'Neptune'}"
"Venus, Jupiter, Saturn",Saturn,False,139696.73466101455,51.43374676575055,0.23295442441400419,0.032520325203252036,44.0,16.0,"{'Mercury': 'Venus', 'Venus': 'Venus', 'Earth': 'Venus', 'Mars': 'Venus', 'Ceres': 'Venus', 'Jupiter': 'Jupiter', 'Saturn': 'Saturn', 'Uranus': 'Saturn', 'Neptune': 'Saturn'}"
"Earth, Mars, Jupiter, Neptune",Jupiter,False,139759.74118867578,31.022035802015427,0.1883915125096678,0.028455284552845527,39.666666666666664,24.0,"{'Mercury': 'Mars', 'Venus': 'Earth', 'Earth': 'Earth', 'Mars': 'Mars', 'Ceres': 'Mars', 'Jupiter': 'Jupiter', 'Saturn': 'Earth', 'Uranus': 'Mars', 'Neptune': 'Neptune'}"
"Mercury, Earth, Saturn, Uranus, Neptune",Earth,False,139804.0276074395,9.856577522607834,0.08150076576467356,0.024390243902439025,31.666666666666668,32.0,"{'Mercury': 'Mercury', 'Venus': 'Earth', 'Earth': 'Earth', 'Mars': 'Earth', 'Ceres': 'Earth', 'Jupiter': 'Mercury', 'Saturn': 'Saturn', 'Uranus': 'Uranus', 'Neptune': 'Neptune'}"
"Mars, Ceres, Jupiter, Uranus, Neptune",Jupiter,False,139922.97187746008,13.595894879506588,0.09920294952114676,0.024390243902439025,31.666666666666668,32.0,"{'Mercury': 'Mars', 'Venus': 'Mars', 'Earth': 'Mars', 'Mars': 'Mars', 'Ceres': 'Ceres', 'Jupiter': 'Jupiter', 'Saturn': 'Ceres', 'Uranus': 'Uranus', 'Neptune': 'Neptune'}"
"Mercury, Earth, Mars, Neptune",Neptune,False,139927.0537694931,34.291819333139735,0.212729680604659,0.02032520325203252,39.666666666666664,24.0,"{'Mercury': 'Mercury', 'Venus': 'Earth', 'Earth': 'Earth', 'Mars': 'Mars', 'Ceres': 'Mars', 'Jupiter': 'Mars', 'Saturn': 'Earth', 'Uranus': 'Mars', 'Neptune': 'Neptune'}"
"Mercury, Earth, Saturn, Uranus, Neptune",Mercury,False,139928.74584968598,9.856577522607834,0.08150076576467356,0.024390243902439025,31.666666666666668,32.0,"{'Mercury': 'Mercury', 'Venus': 'Earth', 'Earth': 'Earth', 'Mars': 'Earth', 'Ceres': 'Earth', 'Jupiter': 'Mercury', 'Saturn': 'Saturn', 'Uranus': 'Uranus', 'Neptune': 'Neptune'}"
"Jupiter, Uranus, Neptune",Uranus,False,139938.42153886033,33.742864599478814,0.24872759684006474,0.025745257452574527,36.0,16.0,"{'Mercury': 'Jupiter', 'Venus': 'Jupiter', 'Earth': 'Jupiter', 'Mars': 'Jupiter', 'Ceres': 'Jupiter', 'Jupiter': 'Jupiter', 'Saturn': 'Jupiter', 'Uranus': 'Uranus', 'Neptune': 'Neptune'}"
"Earth, Mars, Uranus",Uranus,False,139984.3772860753,49.60402043599119,0.24556559583102547,0.02981029810298103,47.666666666666664,16.0,"{'Mercury': 'Mars', 'Venus': 'Earth', 'Earth': 'Earth', 'Mars': 'Mars', 'Ceres': 'Mars', 'Jupiter': 'Mars', 'Saturn': 'Earth', 'Uranus': 'Uranus', 'Neptune': 'Uranus'}"
"Mercury, Earth, Neptune",Earth,False,139992.94159655573,35.98422343564487,0.22708785311269195,0.03116531165311653,40.0,16.0,"{'Mercury': 'Mercury', 'Venus': 'Earth', 'Earth': 'Earth', 'Mars': 'Earth', 'Ceres': 'Earth', 'Jupiter': 'Mercury', 'Saturn': 'Earth', 'Uranus': 'Earth', 'Neptune': 'Neptune'}"
"Mercury, Earth, Uranus, Neptune",Earth,False,140036.8657935669,18.60891251474969,0.14056976707574909,0.02710027100271003,36.0,24.0,"{'Mercury': 'Mercury', 'Venus': 'Earth', 'Earth': 'Earth', 'Mars': 'Earth', 'Ceres': 'Earth', 'Jupiter': 'Mercury', 'Saturn': 'Earth', 'Uranus': 'Uranus', 'Neptune': 'Neptune'}"
"Mercury, Earth, Neptune",Mercury,False,140044.7659720935,35.98422343564487,0.22708785311269195,0.03116531165311653,40.0,16.0,"{'Mercury': 'Mercury', 'Venus': 'Earth', 'Earth': 'Earth', 'Mars': 'Earth', 'Ceres': 'Earth', 'Jupiter': 'Mercury', 'Saturn': 'Earth', 'Uranus': 'Earth', 'Neptune': 'Neptune'}"
"Mercury, Earth, Uranus, Neptune",Mercury,False,140106.47152259582,18.60891251474969,0.14056976707574909,0.02710027100271003,36.0,24.0,"{'Mercury': 'Mercury', 'Venus': 'Earth', 'Earth': 'Earth', 'Mars': 'Earth', 'Ceres': 'Earth', 'Jupiter': 'Mercury', 'Saturn': 'Earth', 'Uranus': 'Uranus', 'Neptune': 'Neptune'}"
"Venus, Earth, Jupiter, Neptune",Neptune,False,140200.88958784522,32.12542940139195,0.18887229091522337,0.02032520325203252,39.666666666666664,24.0,"{'Mercury': 'Venus', 'Venus': 'Venus', 'Earth': 'Earth', 'Mars': 'Earth', 'Ceres': 'Earth', 'Jupiter': 'Jupiter', 'Saturn': 'Earth', 'Uranus': 'Jupiter', 'Neptune': 'Neptune'}"
"Earth, Ceres, Jupiter, Saturn, Uranus",Saturn,False,140236.3633757692,34.428798215500166,0.13416889462157838,0.025745257452574527,31.666666666666668,32.0,"{'Mercury': 'Earth', 'Venus': 'Earth', 'Earth': 'Earth', 'Mars': 'Earth', 'Ceres': 'Ceres', 'Jupiter': 'Jupiter', 'Saturn': 'Saturn', 'Uranus': 'Uranus', 'Neptune': 'Saturn'}"
"Venus, Ceres, Jupiter, Saturn, Uranus",Saturn,False,140250.0294064961,34.151308362682435,0.13176696755188463,0.025745257452574527,31.666666666666668,32.0,"{'Mercury': 'Venus', 'Venus': 'Venus', 'Earth': 'Venus', 'Mars': 'Venus', 'Ceres': 'Ceres', 'Jupiter': 'Jupiter', 'Saturn': 'Saturn', 'Uranus': 'Uranus', 'Neptune': 'Saturn'}"
"Mercury, Venus, Ceres, Jupiter, Uranus",Uranus,False,140271.83620079022,41.48865109861715,0.18233353321041512,0.02168021680216802,31.666666666666668,32.0,"{'Mercury': 'Mercury', 'Venus': 'Venus', 'Earth': 'Venus', 'Mars': 'Venus', 'Ceres': 'Ceres', 'Jupiter': 'Jupiter', 'Saturn': 'Venus', 'Uranus': 'Uranus', 'Neptune': 'Uranus'}"
"Mercury, Earth, Jupiter, Saturn, Neptune",Neptune,False,140273.16690619165,19.371091368527203,0.12181982207693169,0.013550135501355014,31.666666666666668,32.0,"{'Mercury': 'Mercury', 'Venus': 'Earth', 'Earth': 'Earth', 'Mars': 'Earth', 'Ceres': 'Earth', 'Jupiter': 'Jupiter', 'Saturn': 'Saturn', 'Uranus': 'Saturn', 'Neptune': 'Neptune'}"
"Mercury, Venus, Jupiter, Neptune",Venus,False,140294.2619379858,32.087816992442384,0.18873634323753458,0.02981029810298103,36.0,24.0,"{'Mercury': 'Mercury', 'Venus': 'Venus', 'Earth': 'Venus', 'Mars': 'Venus', 'Ceres': 'Venus', 'Jupiter': 'Jupiter', 'Saturn': 'Venus', 'Uranus': 'Jupiter', 'Neptune': 'Neptune'}"
"Venus, Ceres, Saturn, Uranus, Neptune",Ceres,False,140317.9330857233,8.303445297272182,0.06733644304561164,0.025745257452574527,31.666666666666668,32.0,"{'Mercury': 'Venus', 'Venus': 'Venus', 'Earth': 'Venus', 'Mars': 'Venus', 'Ceres': 'Ceres', 'Jupiter': 'Ceres', 'Saturn': 'Saturn', 'Uranus': 'Uranus', 'Neptune': 'Neptune'}"
"Earth, Ceres, Saturn, Uranus, Neptune",Ceres,False,140329.4781014645,8.580935150089905,0.06973837011530534,0.025745257452574527,31.666666666666668,32.0,"{'Mercury': 'Earth', 'Venus': 'Earth', 'Earth': 'Earth', 'Mars': 'Earth', 'Ceres': 'Ceres', 'Jupiter': 'Ceres', 'Saturn': 'Saturn', 'Uranus': 'Uranus', 'Neptune': 'Neptune'}"
"Mars, Saturn, Uranus",Saturn,False,140418.02138157102,43.07332921383293,0.2033241068745755,0.03116531165311653,40.0,16.0,"{'Mercury': 'Mars', 'Venus': 'Mars', 'Earth': 'Mars', 'Mars': 'Mars', 'Ceres': 'Mars', 'Jupiter': 'Mars', 'Saturn': 'Saturn', 'Uranus': 'Uranus', 'Neptune': 'Saturn'}"
"Mercury, Venus, Ceres, Jupiter",Jupiter,False,140458.9481772318,54.37785742520239,0.2610170427704361,0.03387533875338753,36.0,24.0,"{'Mercury': 'Mercury', 'Venus': 'Venus', 'Earth': 'Venus', 'Mars': 'Venus', 'Ceres': 'Ceres', 'Jupiter': 'Jupiter', 'Saturn': 'Venus', 'Uranus': 'Ceres', 'Neptune': 'Venus'}"
"Mercury, Venus, Jupiter, Neptune",Mercury,False,140467.08354647746,32.087816992442384,0.18873634323753458,0.02981029810298103,36.0,24.0,"{'Mercury': 'Mercury', 'Venus': 'Venus', 'Earth': 'Venus', 'Mars': 'Venus', 'Ceres': 'Venus', 'Jupiter': 'Jupiter', 'Saturn': 'Venus', 'Uranus': 'Jupiter', 'Neptune': 'Neptune'}"
"Venus, Ceres, Jupiter, Uranus",Ceres,False,140588.4400762546,42.60005776164833,0.19036152279120325,0.032520325203252036,36.0,24.0,"{'Mercury': 'Venus', 'Venus': 'Venus', 'Earth': 'Venus', 'Mars': 'Venus', 'Ceres': 'Ceres', 'Jupiter': 'Jupiter', 'Saturn': 'Venus', 'Uranus': 'Uranus', 'Neptune': 'Uranus'}"
"Ceres, Jupiter, Uranus, Neptune",Neptune,False,140593.37887051486,19.518762817137834,0.1481995518068807,0.018970189701897018,32.0,24.0,"{'Mercury': 'Ceres', 'Venus': 'Ceres', 'Earth': 'Ceres', 'Mars': 'Ceres', 'Ceres': 'Ceres', 'Jupiter': 'Jupiter', 'Saturn': 'Ceres', 'Uranus': 'Uranus', 'Neptune': 'Neptune'}"
"Mars, Ceres, Jupiter, Saturn, Neptune",Saturn,False,140652.493161925,18.63222887348259,0.11569485673511425,0.024390243902439025,31.666666666666668,32.0,"{'Mercury': 'Mars', 'Venus': 'Mars', 'Earth': 'Mars', 'Mars': 'Mars', 'Ceres': 'Ceres', 'Jupiter': 'Jupiter', 'Saturn': 'Saturn', 'Uranus': 'Saturn', 'Neptune': 'Neptune'}"
"Earth, Mars, Saturn, Neptune",Saturn,False,140731.6971748273,24.254437822755335,0.15911464885958376,0.02710027100271003,39.666666666666664,24.0,"{'Mercury': 'Mars', 'Venus': 'Earth', 'Earth': 'Earth', 'Mars': 'Mars', 'Ceres': 'Mars', 'Jupiter': 'Mars', 'Saturn': 'Saturn', 'Uranus': 'Saturn', 'Neptune': 'Neptune'}"
"Venus, Mars, Saturn, Neptune",Saturn,False,140748.04264763236,24.254440389322173,0.1591146714486857,0.02710027100271003,39.666666666666664,24.0,"{'Mercury': 'Mars', 'Venus': 'Venus', 'Earth': 'Venus', 'Mars': 'Mars', 'Ceres': 'Mars', 'Jupiter': 'Mars', 'Saturn': 'Saturn', 'Uranus': 'Saturn', 'Neptune': 'Neptune'}"
"Earth, Ceres, Saturn, Uranus",Uranus,False,140751.61743828937,39.70382178124373,0.17418972556437717,0.025745257452574527,39.666666666666664,24.0,"{'Mercury': 'Earth', 'Venus': 'Earth', 'Earth': 'Earth', 'Mars': 'Earth', 'Ceres': 'Ceres', 'Jupiter': 'Ceres', 'Saturn': 'Saturn', 'Uranus': 'Uranus', 'Neptune': 'Saturn'}"
"Earth, Ceres, Uranus, Neptune",Ceres,False,140754.8504411138,17.341918747876242,0.1288569449410424,0.028455284552845527,36.0,24.0,"{'Mercury': 'Earth', 'Venus': 'Earth', 'Earth': 'Earth', 'Mars': 'Earth', 'Ceres': 'Ceres', 'Jupiter': 'Ceres', 'Saturn': 'Earth', 'Uranus': 'Uranus', 'Neptune': 'Neptune'}"
"Venus, Ceres, Saturn, Uranus",Uranus,False,140767.3637709305,39.42633192842601,0.17178779849468345,0.025745257452574527,39.666666666666664,24.0,"{'Mercury': 'Venus', 'Venus': 'Venus', 'Earth': 'Venus', 'Mars': 'Venus', 'Ceres': 'Ceres', 'Jupiter': 'Ceres', 'Saturn': 'Saturn', 'Uranus': 'Uranus', 'Neptune': 'Saturn'}"
"Earth, Ceres, Saturn, Uranus, Neptune",Earth,False,140848.90409028073,8.580935150089905,0.06973837011530534,0.025745257452574527,31.666666666666668,32.0,"{'Mercury': 'Earth', 'Venus': 'Earth', 'Earth': 'Earth', 'Mars': 'Earth', 'Ceres': 'Ceres', 'Jupiter': 'Ceres', 'Saturn': 'Saturn', 'Uranus': 'Uranus', 'Neptune': 'Neptune'}"
"Venus, Ceres, Saturn, Uranus, Neptune",Venus,False,140889.44106045068,8.303445297272182,0.06733644304561164,0.025745257452574527,31.666666666666668,32.0,"{'Mercury': 'Venus', 'Venus': 'Venus', 'Earth': 'Venus', 'Mars': 'Venus', 'Ceres': 'Ceres', 'Jupiter': 'Ceres', 'Saturn': 'Saturn', 'Uranus': 'Uranus', 'Neptune': 'Neptune'}"
"Jupiter, Saturn, Uranus, Neptune",Saturn,False,140910.67790708647,24.304664331975633,0.18847326288908522,0.024390243902439025,32.0,24.0,"{'Mercury': 'Jupiter', 'Venus': 'Jupiter', 'Earth': 'Jupiter', 'Mars': 'Jupiter', 'Ceres': 'Jupiter', 'Jupiter': 'Jupiter', 'Saturn': 'Saturn', 'Uranus': 'Uranus', 'Neptune': 'Neptune'}"
"Mercury, Mars, Uranus, Neptune",Uranus,False,140935.66167035315,18.90873589483887,0.14339102105207074,0.023035230352303523,32.0,24.0,"{'Mercury': 'Mercury', 'Venus': 'Mars', 'Earth': 'Mars', 'Mars': 'Mars', 'Ceres': 'Mars', 'Jupiter': 'Mars', 'Saturn': 'Mars', 'Uranus': 'Uranus', 'Neptune': 'Neptune'}"
"Mercury, Ceres, Uranus, Neptune",Uranus,False,140945.6206629235,19.274690235899413,0.1420298844671936,0.023035230352303523,39.666666666666664,24.0,"{'Mercury': 'Mercury', 'Venus': 'Mercury', 'Earth': 'Ceres', 'Mars': 'Mercury', 'Ceres': 'Ceres', 'Jupiter': 'Ceres', 'Saturn': 'Ceres', 'Uranus': 'Uranus', 'Neptune': 'Neptune'}"
"Venus, Ceres, Jupiter, Uranus",Venus,False,140953.89322576587,42.60005776164833,0.19036152279120325,0.032520325203252036,36.0,24.0,"{'Mercury': 'Venus', 'Venus': 'Venus', 'Earth': 'Venus', 'Mars': 'Venus', 'Ceres': 'Ceres', 'Jupiter': 'Jupiter', 'Saturn': 'Venus', 'Uranus': 'Uranus', 'Neptune': 'Uranus'}"
"Venus, Ceres, Neptune",Ceres,False,140970.31612907542,34.98438252343808,0.2141880322821061,0.032520325203252036,44.0,16.0,"{'Mercury': 'Venus', 'Venus': 'Venus', 'Earth': 'Venus', 'Mars': 'Venus', 'Ceres': 'Ceres', 'Jupiter': 'Ceres', 'Saturn': 'Venus', 'Uranus': 'Ceres', 'Neptune': 'Neptune'}"
"Mercury, Venus, Mars",Mars,False,140980.38544008523,59.88975200534318,0.3071235391683415,0.036585365853658534,47.333333333333336,16.0,"{'Mercury': 'Mercury', 'Venus': 'Venus', 'Earth': 'Venus', 'Mars': 'Mars', 'Ceres': 'Mars', 'Jupiter': 'Mars', 'Saturn': 'Venus', 'Uranus': 'Mars', 'Neptune': 'Venus'}"
"Mercury, Venus, Mars",Venus,False,141008.79640168656,59.88975200534318,0.3071235391683415,0.036585365853658534,47.333333333333336,16.0,"{'Mercury': 'Mercury', 'Venus': 'Venus', 'Earth': 'Venus', 'Mars': 'Mars', 'Ceres': 'Mars', 'Jupiter': 'Mars', 'Saturn': 'Venus', 'Uranus': 'Mars', 'Neptune': 'Venus'}"
"Mercury, Venus, Mars",Mercury,False,141026.21521716652,59.88975200534318,0.3071235391683415,0.036585365853658534,47.333333333333336,16.0,"{'Mercury': 'Mercury', 'Venus': 'Venus', 'Earth': 'Venus', 'Mars': 'Mars', 'Ceres': 'Mars', 'Jupiter': 'Mars', 'Saturn': 'Venus', 'Uranus': 'Mars', 'Neptune': 'Venus'}"
"Mars, Jupiter, Saturn, Neptune",Saturn,False,141035.7497081491,21.37123430310218,0.13872482623636814,0.02710027100271003,36.0,24.0,"{'Mercury': 'Mars', 'Venus': 'Mars', 'Earth': 'Mars', 'Mars': 'Mars', 'Ceres': 'Mars', 'Jupiter': 'Jupiter', 'Saturn': 'Saturn', 'Uranus': 'Saturn', 'Neptune': 'Neptune'}"
"Earth, Ceres, Uranus, Neptune",Earth,False,141081.80049852844,17.341918747876242,0.1288569449410424,0.028455284552845527,36.0,24.0,"{'Mercury': 'Earth', 'Venus': 'Earth', 'Earth': 'Earth', 'Mars': 'Earth', 'Ceres': 'Ceres', 'Jupiter': 'Ceres', 'Saturn': 'Earth', 'Uranus': 'Uranus', 'Neptune': 'Neptune'}"
"Mercury, Venus, Ceres, Neptune",Neptune,False,141095.0752795852,33.95736007357266,0.20589603705598944,0.02168021680216802,39.666666666666664,24.0,"{'Mercury': 'Mercury', 'Venus': 'Venus', 'Earth': 'Venus', 'Mars': 'Venus', 'Ceres': 'Ceres', 'Jupiter': 'Ceres', 'Saturn': 'Venus', 'Uranus': 'Ceres', 'Neptune': 'Neptune'}"
"Venus, Mars, Uranus",Mars,False,141119.44688874908,49.450444060714126,0.2442679575003752,0.03387533875338753,47.666666666666664,16.0,"{'Mercury': 'Mars', 'Venus': 'Venus', 'Earth': 'Venus', 'Mars': 'Mars', 'Ceres': 'Mars', 'Jupiter': 'Mars', 'Saturn': 'Venus', 'Uranus': 'Uranus', 'Neptune': 'Uranus'}"
"Mercury, Venus, Jupiter, Neptune",Jupiter,False,141128.66550739293,32.087816992442384,0.18873634323753458,0.02981029810298103,36.0,24.0,"{'Mercury': 'Mercury', 'Venus': 'Venus', 'Earth': 'Venus', 'Mars': 'Venus', 'Ceres': 'Venus', 'Jupiter': 'Jupiter', 'Saturn': 'Venus', 'Uranus': 'Jupiter', 'Neptune': 'Neptune'}"
"Venus, Mars, Uranus",Venus,False,141131.31378394453,49.450444060714126,0.2442679575003752,0.03387533875338753,47.666666666666664,16.0,"{'Mercury': 'Mars', 'Venus': 'Venus', 'Earth': 'Venus', 'Mars': 'Mars', 'Ceres': 'Mars', 'Jupiter': 'Mars', 'Saturn': 'Venus', 'Uranus': 'Uranus', 'Neptune': 'Uranus'}"
"Venus, Ceres, Neptune",Venus,False,141132.27477424033,34.98438252343808,0.2141880322821061,0.032520325203252036,44.0,16.0,"{'Mercury': 'Venus', 'Venus': 'Venus', 'Earth': 'Venus', 'Mars': 'Venus', 'Ceres': 'Ceres', 'Jupiter': 'Ceres', 'Saturn': 'Venus', 'Uranus': 'Ceres', 'Neptune': 'Neptune'}"
"Mercury, Venus, Earth, Uranus, Neptune",Uranus,False,141168.0053714171,17.507746831436652,0.1307791154689351,0.018970189701897018,31.666666666666668,32.0,"{'Mercury': 'Mercury', 'Venus': 'Venus', 'Earth': 'Earth', 'Mars': 'Earth', 'Ceres': 'Earth', 'Jupiter': 'Mercury', 'Saturn': 'Earth', 'Uranus': 'Uranus', 'Neptune': 'Neptune'}"
"Mars, Saturn, Neptune",Mars,False,141189.19008580007,26.315527973682496,0.1771128593298239,0.03116531165311653,40.0,16.0,"{'Mercury': 'Mars', 'Venus': 'Mars', 'Earth': 'Mars', 'Mars': 'Mars', 'Ceres': 'Mars', 'Jupiter': 'Mars', 'Saturn': 'Saturn', 'Uranus': 'Saturn', 'Neptune': 'Neptune'}"
"Ceres, Saturn, Uranus, Neptune",Neptune,False,141214.1429521131,15.407402068989024,0.12650019831039394,0.018970189701897018,32.0,24.0,"{'Mercury': 'Ceres', 'Venus': 'Ceres', 'Earth': 'Ceres', 'Mars': 'Ceres', 'Ceres': 'Ceres', 'Jupiter': 'Ceres', 'Saturn': 'Saturn', 'Uranus': 'Uranus', 'Neptune': 'Neptune'}"
"Earth, Jupiter, Saturn, Uranus",Uranus,False,141220.7768644957,37.1271817976003,0.15720856821510465,0.025745257452574527,36.0,24.0,"{'Mercury': 'Earth', 'Venus': 'Earth', 'Earth': 'Earth', 'Mars': 'Earth', 'Ceres': 'Earth', 'Jupiter': 'Jupiter', 'Saturn': 'Saturn', 'Uranus': 'Uranus', 'Neptune': 'Saturn'}"
"Mercury, Venus, Jupiter, Saturn, Uranus",Uranus,False,141380.8227032882,35.826222217504714,0.1463942661540365,0.02168021680216802,31.666666666666668,32.0,"{'Mercury': 'Mercury', 'Venus': 'Venus', 'Earth': 'Venus', 'Mars': 'Venus', 'Ceres': 'Venus', 'Jupiter': 'Jupiter', 'Saturn': 'Saturn', 'Uranus': 'Uranus', 'Neptune': 'Saturn'}"
"Earth, Mars, Neptune",Earth,False,141404.89545361075,36.01380383977687,0.22704199391112537,0.032520325203252036,44.0,16.0,"{'Mercury': 'Mars', 'Venus': 'Earth', 'Earth': 'Earth', 'Mars': 'Mars', 'Ceres': 'Mars', 'Jupiter': 'Mars', 'Saturn': 'Earth', 'Uranus': 'Mars', 'Neptune': 'Neptune'}"
"Earth, Jupiter, Saturn, Uranus, Neptune",Earth,False,141406.7467286778,6.004295166446524,0.05275721276603286,0.025745257452574527,28.0,32.0,"{'Mercury': 'Earth', 'Venus': 'Earth', 'Earth': 'Earth', 'Mars': 'Earth', 'Ceres': 'Earth', 'Jupiter': 'Jupiter', 'Saturn': 'Saturn', 'Uranus': 'Uranus', 'Neptune': 'Neptune'}"
"Mercury, Mars, Jupiter, Neptune",Neptune,False,141428.45297656456,31.291379674882236,0.1915903932553408,0.02168021680216802,32.0,24.0,"{'Mercury': 'Mercury', 'Venus': 'Mars', 'Earth': 'Mars', 'Mars': 'Mars', 'Ceres': 'Mars', 'Jupiter': 'Jupiter', 'Saturn': 'Mars', 'Uranus': 'Mars', 'Neptune': 'Neptune'}"
"Earth, Mars, Neptune",Mars,False,141431.08981587275,36.01380383977687,0.22704199391112537,0.032520325203252036,44.0,16.0,"{'Mercury': 'Mars', 'Venus': 'Earth', 'Earth': 'Earth', 'Mars': 'Mars', 'Ceres': 'Mars', 'Jupiter': 'Mars', 'Saturn': 'Earth', 'Uranus': 'Mars', 'Neptune': 'Neptune'}"
"Mercury, Mars, Jupiter, Uranus, Neptune",Uranus,False,141451.88327852936,14.036108161081792,0.10546085220363423,0.018970189701897018,28.0,32.0,"{'Mercury': 'Mercury', 'Venus': 'Mars', 'Earth': 'Mars', 'Mars': 'Mars', 'Ceres': 'Mars', 'Jupiter': 'Jupiter', 'Saturn': 'Mars', 'Uranus': 'Uranus', 'Neptune': 'Neptune'}"
"Venus, Earth, Jupiter, Uranus, Neptune",Uranus,False,141530.41639458344,13.462893582173432,0.10027927132950883,0.018970189701897018,31.666666666666668,32.0,"{'Mercury': 'Venus', 'Venus': 'Venus', 'Earth': 'Earth', 'Mars': 'Earth', 'Ceres': 'Earth', 'Jupiter': 'Jupiter', 'Saturn': 'Earth', 'Uranus': 'Uranus', 'Neptune': 'Neptune'}"
"Mars, Jupiter, Uranus",Uranus,False,141534.63126138353,46.59562150989455,0.2242652747807018,0.03116531165311653,40.0,16.0,"{'Mercury': 'Mars', 'Venus': 'Mars', 'Earth': 'Mars', 'Mars': 'Mars', 'Ceres': 'Mars', 'Jupiter': 'Jupiter', 'Saturn': 'Mars', 'Uranus': 'Uranus', 'Neptune': 'Uranus'}"
"Earth, Jupiter, Uranus, Neptune",Earth,False,141631.2552490668,14.758091483943717,0.1118284203467231,0.028455284552845527,32.0,24.0,"{'Mercury': 'Earth', 'Venus': 'Earth', 'Earth': 'Earth', 'Mars': 'Earth', 'Ceres': 'Earth', 'Jupiter': 'Jupiter', 'Saturn': 'Earth', 'Uranus': 'Uranus', 'Neptune': 'Neptune'}"
"Mercury, Mars, Jupiter, Saturn, Neptune",Neptune,False,141658.5918333293,19.839994038358626,0.1255845951338889,0.014905149051490514,31.666666666666668,32.0,"{'Mercury': 'Mercury', 'Venus': 'Mars', 'Earth': 'Mars', 'Mars': 'Mars', 'Ceres': 'Mars', 'Jupiter': 'Jupiter', 'Saturn': 'Saturn', 'Uranus': 'Saturn', 'Neptune': 'Neptune'}"
"Jupiter, Uranus, Neptune",Neptune,False,141658.75378986495,33.742864599478814,0.24872759684006474,0.025745257452574527,36.0,16.0,"{'Mercury': 'Jupiter', 'Venus': 'Jupiter', 'Earth': 'Jupiter', 'Mars': 'Jupiter', 'Ceres': 'Jupiter', 'Jupiter': 'Jupiter', 'Saturn': 'Jupiter', 'Uranus': 'Uranus', 'Neptune': 'Neptune'}"
"Venus, Ceres, Jupiter, Uranus",Jupiter,False,141830.4236682923,42.60005776164833,0.19036152279120325,0.032520325203252036,36.0,24.0,"{'Mercury': 'Venus', 'Venus': 'Venus', 'Earth': 'Venus', 'Mars': 'Venus', 'Ceres': 'Ceres', 'Jupiter': 'Jupiter', 'Saturn': 'Venus', 'Uranus': 'Uranus', 'Neptune': 'Uranus'}"
"Earth, Ceres, Neptune",Neptune,False,141865.45471553248,35.47653861309099,0.21801836785042603,0.028455284552845527,44.0,16.0,"{'Mercury': 'Earth', 'Venus': 'Earth', 'Earth': 'Earth', 'Mars': 'Earth', 'Ceres': 'Ceres', 'Jupiter': 'Ceres', 'Saturn': 'Earth', 'Uranus': 'Ceres', 'Neptune': 'Neptune'}"
"Mercury, Earth, Ceres, Jupiter, Neptune",Neptune,False,141872.38011901372,28.971728556938483,0.16795744383020186,0.016260162601626018,31.666666666666668,32.0,"{'Mercury': 'Mercury', 'Venus': 'Earth', 'Earth': 'Earth', 'Mars': 'Earth', 'Ceres': 'Ceres', 'Jupiter': 'Jupiter', 'Saturn': 'Earth', 'Uranus': 'Ceres', 'Neptune': 'Neptune'}"
"Earth, Ceres, Jupiter, Saturn, Neptune",Saturn,False,141990.3696959356,17.764225354988973,0.10810346764731225,0.025745257452574527,31.666666666666668,32.0,"{'Mercury': 'Earth', 'Venus': 'Earth', 'Earth': 'Earth', 'Mars': 'Earth', 'Ceres': 'Ceres', 'Jupiter': 'Jupiter', 'Saturn': 'Saturn', 'Uranus': 'Saturn', 'Neptune': 'Neptune'}"
"Mercury, Mars, Saturn, Uranus, Neptune",Uranus,False,141998.54503469312,10.358017039157835,0.0855963912597566,0.018970189701897018,28.0,32.0,"{'Mercury': 'Mercury', 'Venus': 'Mars', 'Earth': 'Mars', 'Mars': 'Mars', 'Ceres': 'Mars', 'Jupiter': 'Mars', 'Saturn': 'Saturn', 'Uranus': 'Uranus', 'Neptune': 'Neptune'}"
"Venus, Ceres, Jupiter, Saturn, Neptune",Saturn,False,142004.0357266625,17.48673550217125,0.10570154057761855,0.025745257452574527,31.666666666666668,32.0,"{'Mercury': 'Venus', 'Venus': 'Venus', 'Earth': 'Venus', 'Mars': 'Venus', 'Ceres': 'Ceres', 'Jupiter': 'Jupiter', 'Saturn': 'Saturn', 'Uranus': 'Saturn', 'Neptune': 'Neptune'}"
"Venus, Earth, Neptune",Neptune,False,142033.5040912554,35.57407753840627,0.22404584073272818,0.028455284552845527,44.0,16.0,"{'Mercury': 'Venus', 'Venus': 'Venus', 'Earth': 'Earth', 'Mars': 'Earth', 'Ceres': 'Earth', 'Jupiter': 'Venus', 'Saturn': 'Earth', 'Uranus': 'Earth', 'Neptune': 'Neptune'}"
"Mars, Saturn, Uranus",Uranus,False,142080.3721094109,43.07332921383293,0.2033241068745755,0.03116531165311653,40.0,16.0,"{'Mercury': 'Mars', 'Venus': 'Mars', 'Earth': 'Mars', 'Mars': 'Mars', 'Ceres': 'Mars', 'Jupiter': 'Mars', 'Saturn': 'Saturn', 'Uranus': 'Uranus', 'Neptune': 'Saturn'}"
"Earth, Ceres, Jupiter, Uranus, Neptune",Ceres,False,142124.53801653854,12.052181029926997,0.08872447988124832,0.028455284552845527,28.0,32.0,"{'Mercury': 'Earth', 'Venus': 'Earth', 'Earth': 'Earth', 'Mars': 'Earth', 'Ceres': 'Ceres', 'Jupiter': 'Jupiter', 'Saturn': 'Earth', 'Uranus': 'Uranus', 'Neptune': 'Neptune'}"
"Mars, Saturn, Neptune",Saturn,False,142171.78865278728,26.315527973682496,0.1771128593298239,0.03116531165311653,40.0,16.0,"{'Mercury': 'Mars', 'Venus': 'Mars', 'Earth': 'Mars', 'Mars': 'Mars', 'Ceres': 'Mars', 'Jupiter': 'Mars', 'Saturn': 'Saturn', 'Uranus': 'Saturn', 'Neptune': 'Neptune'}"
"Ceres, Jupiter, Saturn, Uranus, Neptune",Uranus,False,142215.75841764236,10.168808224003387,0.08675575432162,0.018970189701897018,28.0,32.0,"{'Mercury': 'Ceres', 'Venus': 'Ceres', 'Earth': 'Ceres', 'Mars': 'Ceres', 'Ceres': 'Ceres', 'Jupiter': 'Jupiter', 'Saturn': 'Saturn', 'Uranus': 'Uranus', 'Neptune': 'Neptune'}"
"Mercury, Venus, Saturn, Uranus",Venus,False,142240.78005775003,40.97568815423012,0.1849465876963002,0.032520325203252036,39.666666666666664,24.0,"{'Mercury': 'Mercury', 'Venus': 'Venus', 'Earth': 'Venus', 'Mars': 'Venus', 'Ceres': 'Venus', 'Jupiter': 'Mercury', 'Saturn': 'Saturn', 'Uranus': 'Uranus', 'Neptune': 'Saturn'}"
"Mercury, Venus, Saturn, Uranus",Mercury,False,142257.16522171188,40.97568815423012,0.1849465876963002,0.032520325203252036,39.666666666666664,24.0,"{'Mercury': 'Mercury', 'Venus': 'Venus', 'Earth': 'Venus', 'Mars': 'Venus', 'Ceres': 'Venus', 'Jupiter': 'Mercury', 'Saturn': 'Saturn', 'Uranus': 'Uranus', 'Neptune': 'Saturn'}"
"Mars, Ceres, Uranus, Neptune",Uranus,False,142294.64574855767,18.86359202363105,0.139168195976525,0.024390243902439025,39.666666666666664,24.0,"{'Mercury': 'Mars', 'Venus': 'Mars', 'Earth': 'Mars', 'Mars': 'Mars', 'Ceres': 'Ceres', 'Jupiter': 'Ceres', 'Saturn': 'Ceres', 'Uranus': 'Uranus', 'Neptune': 'Neptune'}"
"Earth, Mars, Saturn, Uranus",Uranus,False,142299.60853198345,40.94222039477143,0.18521637865693386,0.02710027100271003,39.666666666666664,24.0,"{'Mercury': 'Mars', 'Venus': 'Earth', 'Earth': 'Earth', 'Mars': 'Mars', 'Ceres': 'Mars', 'Jupiter': 'Mars', 'Saturn': 'Saturn', 'Uranus': 'Uranus', 'Neptune': 'Saturn'}"
"Venus, Mars, Saturn, Uranus",Uranus,False,142318.03430670276,40.94222296133827,0.1852164012460358,0.02710027100271003,39.666666666666664,24.0,"{'Mercury': 'Mars', 'Venus': 'Venus', 'Earth': 'Venus', 'Mars': 'Mars', 'Ceres': 'Mars', 'Jupiter': 'Mars', 'Saturn': 'Saturn', 'Uranus': 'Uranus', 'Neptune': 'Saturn'}"
"Venus, Ceres, Jupiter, Neptune",Ceres,False,142339.81285490867,29.672419016757917,0.17388694341954,0.032520325203252036,36.0,24.0,"{'Mercury': 'Venus', 'Venus': 'Venus', 'Earth': 'Venus', 'Mars': 'Venus', 'Ceres': 'Ceres', 'Jupiter': 'Jupiter', 'Saturn': 'Venus', 'Uranus': 'Ceres', 'Neptune': 'Neptune'}"
"Earth, Jupiter, Uranus, Neptune",Jupiter,False,142404.66601997154,14.758091483943717,0.1118284203467231,0.028455284552845527,32.0,24.0,"{'Mercury': 'Earth', 'Venus': 'Earth', 'Earth': 'Earth', 'Mars': 'Earth', 'Ceres': 'Earth', 'Jupiter': 'Jupiter', 'Saturn': 'Earth', 'Uranus': 'Uranus', 'Neptune': 'Neptune'}"
"Venus, Ceres, Uranus",Uranus,False,142423.85599404585,47.91202126832852,0.23066261165376925,0.032520325203252036,44.0,16.0,"{'Mercury': 'Venus', 'Venus': 'Venus', 'Earth': 'Venus', 'Mars': 'Venus', 'Ceres': 'Ceres', 'Jupiter': 'Ceres', 'Saturn': 'Venus', 'Uranus': 'Uranus', 'Neptune': 'Uranus'}"
"Earth, Saturn, Uranus, Neptune",Earth,False,142455.65213601405,10.895754295444714,0.09104130937525542,0.028455284552845527,32.0,24.0,"{'Mercury': 'Earth', 'Venus': 'Earth', 'Earth': 'Earth', 'Mars': 'Earth', 'Ceres': 'Earth', 'Jupiter': 'Earth', 'Saturn': 'Saturn', 'Uranus': 'Uranus', 'Neptune': 'Neptune'}"
"Venus, Jupiter, Saturn, Uranus",Venus,False,142463.28430468205,36.874184299234905,0.1540195748714478,0.032520325203252036,36.0,24.0,"{'Mercury': 'Venus', 'Venus': 'Venus', 'Earth': 'Venus', 'Mars': 'Venus', 'Ceres': 'Venus', 'Jupiter': 'Jupiter', 'Saturn': 'Saturn', 'Uranus': 'Uranus', 'Neptune': 'Saturn'}"
"Venus, Earth, Uranus, Neptune",Uranus,False,142468.6928731243,18.248740311307625,0.13778075776413778,0.024390243902439025,39.666666666666664,24.0,"{'Mercury': 'Venus', 'Venus': 'Venus', 'Earth': 'Earth', 'Mars': 'Earth', 'Ceres': 'Earth', 'Jupiter': 'Venus', 'Saturn': 'Earth', 'Uranus': 'Uranus', 'Neptune': 'Neptune'}"
"Earth, Mars, Saturn, Uranus, Neptune",Earth,False,142470.04948504746,9.775987124855536,0.08061954778244541,0.02710027100271003,31.666666666666668,32.0,"{'Mercury': 'Mars', 'Venus': 'Earth', 'Earth': 'Earth', 'Mars': 'Mars', 'Ceres': 'Mars', 'Jupiter': 'Mars', 'Saturn': 'Saturn', 'Uranus': 'Uranus', 'Neptune': 'Neptune'}"
"Venus, Mars, Saturn, Uranus, Neptune",Mars,False,142511.50634195347,9.775989691422371,0.08061957037154747,0.02710027100271003,31.666666666666668,32.0,"{'Mercury': 'Mars', 'Venus': 'Venus', 'Earth': 'Venus', 'Mars': 'Mars', 'Ceres': 'Mars', 'Jupiter': 'Mars', 'Saturn': 'Saturn', 'Uranus': 'Uranus', 'Neptune': 'Neptune'}"
"Earth, Mars, Saturn, Uranus, Neptune",Mars,False,142516.4655810662,9.775987124855536,0.08061954778244541,0.02710027100271003,31.666666666666668,32.0,"{'Mercury': 'Mars', 'Venus': 'Earth', 'Earth': 'Earth', 'Mars': 'Mars', 'Ceres': 'Mars', 'Jupiter': 'Mars', 'Saturn': 'Saturn', 'Uranus': 'Uranus', 'Neptune': 'Neptune'}"
"Venus, Mars, Saturn, Uranus, Neptune",Venus,False,142517.15924824998,9.775989691422371,0.08061957037154747,0.02710027100271003,31.666666666666668,32.0,"{'Mercury': 'Mars', 'Venus': 'Venus', 'Earth': 'Venus', 'Mars': 'Mars', 'Ceres': 'Mars', 'Jupiter': 'Mars', 'Saturn': 'Saturn', 'Uranus': 'Uranus', 'Neptune': 'Neptune'}"
"Mercury, Venus, Earth, Neptune",Neptune,False,142527.62442798627,34.73388249217189,0.216536479632033,0.023035230352303523,36.0,24.0,"{'Mercury': 'Mercury', 'Venus': 'Venus', 'Earth': 'Earth', 'Mars': 'Earth', 'Ceres': 'Earth', 'Jupiter': 'Mercury', 'Saturn': 'Earth', 'Uranus': 'Earth', 'Neptune': 'Neptune'}"
"Mars, Jupiter, Saturn, Uranus",Uranus,False,142595.88465098973,38.059016875118274,0.1648265560337181,0.02710027100271003,36.0,24.0,"{'Mercury': 'Mars', 'Venus': 'Mars', 'Earth': 'Mars', 'Mars': 'Mars', 'Ceres': 'Mars', 'Jupiter': 'Jupiter', 'Saturn': 'Saturn', 'Uranus': 'Uranus', 'Neptune': 'Saturn'}"
"Earth, Jupiter, Saturn, Uranus, Neptune",Jupiter,False,142599.1452388348,6.004295166446524,0.05275721276603286,0.025745257452574527,28.0,32.0,"{'Mercury': 'Earth', 'Venus': 'Earth', 'Earth': 'Earth', 'Mars': 'Earth', 'Ceres': 'Earth', 'Jupiter': 'Jupiter', 'Saturn': 'Saturn', 'Uranus': 'Uranus', 'Neptune': 'Neptune'}"
"Earth, Ceres, Jupiter, Uranus, Neptune",Earth,False,142640.6755444236,12.052181029926997,0.08872447988124832,0.028455284552845527,28.0,32.0,"{'Mercury': 'Earth', 'Venus': 'Earth', 'Earth': 'Earth', 'Mars': 'Earth', 'Ceres': 'Ceres', 'Jupiter': 'Jupiter', 'Saturn': 'Earth', 'Uranus': 'Uranus', 'Neptune': 'Neptune'}"
"Venus, Ceres, Jupiter, Neptune",Venus,False,142674.62716744654,29.672419016757917,0.17388694341954,0.032520325203252036,36.0,24.0,"{'Mercury': 'Venus', 'Venus': 'Venus', 'Earth': 'Venus', 'Mars': 'Venus', 'Ceres': 'Ceres', 'Jupiter': 'Jupiter', 'Saturn': 'Venus', 'Uranus': 'Ceres', 'Neptune': 'Neptune'}"
"Earth, Uranus, Neptune",Earth,False,142680.471147479,19.687719159645464,0.1503848394851481,0.03116531165311653,36.0,16.0,"{'Mercury': 'Earth', 'Venus': 'Earth', 'Earth': 'Earth', 'Mars': 'Earth', 'Ceres': 'Earth', 'Jupiter': 'Earth', 'Saturn': 'Earth', 'Uranus': 'Uranus', 'Neptune': 'Neptune'}"
"Mercury, Ceres, Jupiter, Neptune",Neptune,False,142791.12356712745,32.048310901071865,0.19078683700277743,0.023035230352303523,39.666666666666664,24.0,"{'Mercury': 'Mercury', 'Venus': 'Mercury', 'Earth': 'Ceres', 'Mars': 'Mercury', 'Ceres': 'Ceres', 'Jupiter': 'Jupiter', 'Saturn': 'Ceres', 'Uranus': 'Ceres', 'Neptune': 'Neptune'}"
"Earth, Mars, Uranus, Neptune",Earth,False,142794.74109629943,18.552544867261048,0.1398510848011435,0.02981029810298103,39.666666666666664,24.0,"{'Mercury': 'Mars', 'Venus': 'Earth', 'Earth': 'Earth', 'Mars': 'Mars', 'Ceres': 'Mars', 'Jupiter': 'Mars', 'Saturn': 'Earth', 'Uranus': 'Uranus', 'Neptune': 'Neptune'}"
"Mars, Jupiter, Saturn, Uranus, Neptune",Mars,False,142806.90785211592,6.892783605202424,0.06022972515922975,0.02710027100271003,28.0,32.0,"{'Mercury': 'Mars', 'Venus': 'Mars', 'Earth': 'Mars', 'Mars': 'Mars', 'Ceres': 'Mars', 'Jupiter': 'Jupiter', 'Saturn': 'Saturn', 'Uranus': 'Uranus', 'Neptune': 'Neptune'}"
"Earth, Ceres, Jupiter, Uranus",Uranus,False,142823.2319162877,43.06034910135057,0.19429155086785324,0.028455284552845527,36.0,24.0,"{'Mercury': 'Earth', 'Venus': 'Earth', 'Earth': 'Earth', 'Mars': 'Earth', 'Ceres': 'Ceres', 'Jupiter': 'Jupiter', 'Saturn': 'Earth', 'Uranus': 'Uranus', 'Neptune': 'Uranus'}"
"Mars, Ceres, Saturn, Uranus, Neptune",Saturn,False,142826.9696435296,9.461693238312542,0.07738304406079066,0.024390243902439025,31.666666666666668,32.0,"{'Mercury': 'Mars', 'Venus': 'Mars', 'Earth': 'Mars', 'Mars': 'Mars', 'Ceres': 'Ceres', 'Jupiter': 'Ceres', 'Saturn': 'Saturn', 'Uranus': 'Uranus', 'Neptune': 'Neptune'}"
"Earth, Mars, Uranus, Neptune",Mars,False,142832.47654499943,18.552544867261048,0.1398510848011435,0.02981029810298103,39.666666666666664,24.0,"{'Mercury': 'Mars', 'Venus': 'Earth', 'Earth': 'Earth', 'Mars': 'Mars', 'Ceres': 'Mars', 'Jupiter': 'Mars', 'Saturn': 'Earth', 'Uranus': 'Uranus', 'Neptune': 'Neptune'}"
"Earth, Saturn, Neptune",Neptune,False,142873.55224113094,25.394398090552205,0.16964588758081361,0.028455284552845527,40.0,16.0,"{'Mercury': 'Earth', 'Venus': 'Earth', 'Earth': 'Earth', 'Mars': 'Earth', 'Ceres': 'Earth', 'Jupiter': 'Earth', 'Saturn': 'Saturn', 'Uranus': 'Saturn', 'Neptune': 'Neptune'}"
"Mars, Jupiter, Neptune",Mars,False,142967.06338231958,32.97790559467831,0.2056559446083185,0.03387533875338753,36.0,16.0,"{'Mercury': 'Mars', 'Venus': 'Mars', 'Earth': 'Mars', 'Mars': 'Mars', 'Ceres': 'Mars', 'Jupiter': 'Jupiter', 'Saturn': 'Mars', 'Uranus': 'Mars', 'Neptune': 'Neptune'}"
"Mercury, Venus, Jupiter, Uranus, Neptune",Venus,False,142967.2180032482,13.243133142086377,0.09927858838065919,0.028455284552845527,28.0,32.0,"{'Mercury': 'Mercury', 'Venus': 'Venus', 'Earth': 'Venus', 'Mars': 'Venus', 'Ceres': 'Venus', 'Jupiter': 'Jupiter', 'Saturn': 'Venus', 'Uranus': 'Uranus', 'Neptune': 'Neptune'}"
"Mercury, Venus, Jupiter, Uranus",Uranus,False,143036.83089611382,44.251301213509954,0.2048456593672641,0.028455284552845527,36.0,24.0,"{'Mercury': 'Mercury', 'Venus': 'Venus', 'Earth': 'Venus', 'Mars': 'Venus', 'Ceres': 'Venus', 'Jupiter': 'Jupiter', 'Saturn': 'Venus', 'Uranus': 'Uranus', 'Neptune': 'Uranus'}"
"Venus, Mars, Jupiter, Neptune",Venus,False,143038.3295009334,30.79059895401196,0.1868554643588027,0.032520325203252036,39.666666666666664,24.0,"{'Mercury': 'Mars', 'Venus': 'Venus', 'Earth': 'Venus', 'Mars': 'Mars', 'Ceres': 'Mars', 'Jupiter': 'Jupiter', 'Saturn': 'Venus', 'Uranus': 'Mars', 'Neptune': 'Neptune'}"
"Venus, Mars, Jupiter, Neptune",Mars,False,143067.05244828083,30.79059895401196,0.1868554643588027,0.032520325203252036,39.666666666666664,24.0,"{'Mercury': 'Mars', 'Venus': 'Venus', 'Earth': 'Venus', 'Mars': 'Mars', 'Ceres': 'Mars', 'Jupiter': 'Jupiter', 'Saturn': 'Venus', 'Uranus': 'Mars', 'Neptune': 'Neptune'}"
"Mercury, Earth, Saturn, Uranus, Neptune",Saturn,False,143070.38508483005,9.856577522607834,0.08150076576467356,0.024390243902439025,31.666666666666668,32.0,"{'Mercury': 'Mercury', 'Venus': 'Earth', 'Earth': 'Earth', 'Mars': 'Earth', 'Ceres': 'Earth', 'Jupiter': 'Mercury', 'Saturn': 'Saturn', 'Uranus': 'Uranus', 'Neptune': 'Neptune'}"
"Mercury, Venus, Jupiter, Uranus, Neptune",Mercury,False,143134.4071555014,13.243133142086377,0.09927858838065919,0.028455284552845527,28.0,32.0,"{'Mercury': 'Mercury', 'Venus': 'Venus', 'Earth': 'Venus', 'Mars': 'Venus', 'Ceres': 'Venus', 'Jupiter': 'Jupiter', 'Saturn': 'Venus', 'Uranus': 'Uranus', 'Neptune': 'Neptune'}"
"Venus, Mars, Ceres",Ceres,False,143164.8212761572,59.89720324083349,0.30192238940973126,0.03929539295392954,47.666666666666664,16.0,"{'Mercury': 'Mars', 'Venus': 'Venus', 'Earth': 'Venus', 'Mars': 'Mars', 'Ceres': 'Ceres', 'Jupiter': 'Ceres', 'Saturn': 'Venus', 'Uranus': 'Ceres', 'Neptune': 'Venus'}"
"Venus, Jupiter, Saturn, Uranus",Jupiter,False,143245.5884730116,36.874184299234905,0.1540195748714478,0.032520325203252036,36.0,24.0,"{'Mercury': 'Venus', 'Venus': 'Venus', 'Earth': 'Venus', 'Mars': 'Venus', 'Ceres': 'Venus', 'Jupiter': 'Jupiter', 'Saturn': 'Saturn', 'Uranus': 'Uranus', 'Neptune': 'Saturn'}"
"Mars, Jupiter, Neptune",Jupiter,False,143303.05892861236,32.97790559467831,0.2056559446083185,0.03387533875338753,36.0,16.0,"{'Mercury': 'Mars', 'Venus': 'Mars', 'Earth': 'Mars', 'Mars': 'Mars', 'Ceres': 'Mars', 'Jupiter': 'Jupiter', 'Saturn': 'Mars', 'Uranus': 'Mars', 'Neptune': 'Neptune'}"
"Venus, Mars, Ceres",Venus,False,143409.5660637512,59.89720324083349,0.30192238940973126,0.03929539295392954,47.666666666666664,16.0,"{'Mercury': 'Mars', 'Venus': 'Venus', 'Earth': 'Venus', 'Mars': 'Mars', 'Ceres': 'Ceres', 'Jupiter': 'Ceres', 'Saturn': 'Venus', 'Uranus': 'Ceres', 'Neptune': 'Venus'}"
"Venus, Mars, Ceres",Mars,False,143422.78580477886,59.89720324083349,0.30192238940973126,0.03929539295392954,47.666666666666664,16.0,"{'Mercury': 'Mars', 'Venus': 'Venus', 'Earth': 'Venus', 'Mars': 'Mars', 'Ceres': 'Ceres', 'Jupiter': 'Ceres', 'Saturn': 'Venus', 'Uranus': 'Ceres', 'Neptune': 'Venus'}"
"Venus, Ceres, Jupiter, Neptune",Jupiter,False,143521.3714256391,29.672419016757917,0.17388694341954,0.032520325203252036,36.0,24.0,"{'Mercury': 'Venus', 'Venus': 'Venus', 'Earth': 'Venus', 'Mars': 'Venus', 'Ceres': 'Ceres', 'Jupiter': 'Jupiter', 'Saturn': 'Venus', 'Uranus': 'Ceres', 'Neptune': 'Neptune'}"
"Mercury, Earth, Ceres, Uranus, Neptune",Neptune,False,143603.45452856072,16.286080485878795,0.11953628297874752,0.016260162601626018,31.666666666666668,32.0,"{'Mercury': 'Mercury', 'Venus': 'Earth', 'Earth': 'Earth', 'Mars': 'Earth', 'Ceres': 'Ceres', 'Jupiter': 'Ceres', 'Saturn': 'Earth', 'Uranus': 'Uranus', 'Neptune': 'Neptune'}"
"Earth, Jupiter, Neptune",Neptune,False,143621.859303852,33.60489119790569,0.20130370290187516,0.02981029810298103,40.0,16.0,"{'Mercury': 'Earth', 'Venus': 'Earth', 'Earth': 'Earth', 'Mars': 'Earth', 'Ceres': 'Earth', 'Jupiter': 'Jupiter', 'Saturn': 'Earth', 'Uranus': 'Jupiter', 'Neptune': 'Neptune'}"
"Mercury, Venus, Ceres, Uranus, Neptune",Uranus,False,143693.87793274023,15.948326218504844,0.11735207552409468,0.02168021680216802,31.666666666666668,32.0,"{'Mercury': 'Mercury', 'Venus': 'Venus', 'Earth': 'Venus', 'Mars': 'Venus', 'Ceres': 'Ceres', 'Jupiter': 'Ceres', 'Saturn': 'Venus', 'Uranus': 'Uranus', 'Neptune': 'Neptune'}"
"Jupiter, Saturn, Uranus, Neptune",Uranus,False,143707.9848179008,24.304664331975633,0.18847326288908522,0.024390243902439025,32.0,24.0,"{'Mercury': 'Jupiter', 'Venus': 'Jupiter', 'Earth': 'Jupiter', 'Mars': 'Jupiter', 'Ceres': 'Jupiter', 'Jupiter': 'Jupiter', 'Saturn': 'Saturn', 'Uranus': 'Uranus', 'Neptune': 'Neptune'}"
"Venus, Mars, Jupiter, Neptune",Jupiter,False,143806.68500380882,30.79059895401196,0.1868554643588027,0.032520325203252036,39.666666666666664,24.0,"{'Mercury': 'Mars', 'Venus': 'Venus', 'Earth': 'Venus', 'Mars': 'Mars', 'Ceres': 'Mars', 'Jupiter': 'Jupiter', 'Saturn': 'Venus', 'Uranus': 'Mars', 'Neptune': 'Neptune'}"
"Venus, Earth, Mars, Neptune",Neptune,False,143868.48932964698,34.76147980829241,0.21647634790508977,0.024390243902439025,36.0,24.0,"{'Mercury': 'Mars', 'Venus': 'Venus', 'Earth': 'Earth', 'Mars': 'Mars', 'Ceres': 'Mars', 'Jupiter': 'Mars', 'Saturn': 'Earth', 'Uranus': 'Mars', 'Neptune': 'Neptune'}"
"Venus, Earth, Mars, Uranus, Neptune",Uranus,False,143874.51801358667,17.448797292699123,0.13003928470462592,0.02168021680216802,31.666666666666668,32.0,"{'Mercury': 'Mars', 'Venus': 'Venus', 'Earth': 'Earth', 'Mars': 'Mars', 'Ceres': 'Mars', 'Jupiter': 'Mars', 'Saturn': 'Earth', 'Uranus': 'Uranus', 'Neptune': 'Neptune'}"
"Earth, Ceres, Jupiter, Uranus, Neptune",Jupiter,False,143893.95486598305,12.052181029926997,0.08872447988124832,0.028455284552845527,28.0,32.0,"{'Mercury': 'Earth', 'Venus': 'Earth', 'Earth': 'Earth', 'Mars': 'Earth', 'Ceres': 'Ceres', 'Jupiter': 'Jupiter', 'Saturn': 'Earth', 'Uranus': 'Uranus', 'Neptune': 'Neptune'}"
"Mars, Ceres, Jupiter, Saturn, Uranus",Uranus,False,143895.31754765692,35.27365649390973,0.14172408172747164,0.024390243902439025,31.666666666666668,32.0,"{'Mercury': 'Mars', 'Venus': 'Mars', 'Earth': 'Mars', 'Mars': 'Mars', 'Ceres': 'Ceres', 'Jupiter': 'Jupiter', 'Saturn': 'Saturn', 'Uranus': 'Uranus', 'Neptune': 'Saturn'}"
"Mercury, Venus, Saturn, Neptune",Venus,False,143947.88698802172,24.194416604219537,0.15869862972081372,0.032520325203252036,39.666666666666664,24.0,"{'Mercury': 'Mercury', 'Venus': 'Venus', 'Earth': 'Venus', 'Mars': 'Venus', 'Ceres': 'Venus', 'Jupiter': 'Mercury', 'Saturn': 'Saturn', 'Uranus': 'Saturn', 'Neptune': 'Neptune'}"
"Mars, Jupiter, Saturn, Uranus, Neptune",Jupiter,False,143952.88860152964,6.892783605202424,0.06022972515922975,0.02710027100271003,28.0,32.0,"{'Mercury': 'Mars', 'Venus': 'Mars', 'Earth': 'Mars', 'Mars': 'Mars', 'Ceres': 'Mars', 'Jupiter': 'Jupiter', 'Saturn': 'Saturn', 'Uranus': 'Uranus', 'Neptune': 'Neptune'}"
"Mercury, Venus, Mars, Neptune",Neptune,False,143994.5957610519,34.07593522358265,0.21130784188878024,0.024390243902439025,39.666666666666664,24.0,"{'Mercury': 'Mercury', 'Venus': 'Venus', 'Earth': 'Venus', 'Mars': 'Mars', 'Ceres': 'Mars', 'Jupiter': 'Mars', 'Saturn': 'Venus', 'Uranus': 'Mars', 'Neptune': 'Neptune'}"
"Mercury, Earth, Jupiter, Uranus, Neptune",Neptune,False,144012.39598891238,13.734284138441307,0.10271885579675454,0.016260162601626018,28.0,32.0,"{'Mercury': 'Mercury', 'Venus': 'Earth', 'Earth': 'Earth', 'Mars': 'Earth', 'Ceres': 'Earth', 'Jupiter': 'Jupiter', 'Saturn': 'Earth', 'Uranus': 'Uranus', 'Neptune': 'Neptune'}"
"Mercury, Venus, Saturn, Neptune",Mercury,False,144017.54459646568,24.194416604219537,0.15869862972081372,0.032520325203252036,39.666666666666664,24.0,"{'Mercury': 'Mercury', 'Venus': 'Venus', 'Earth': 'Venus', 'Mars': 'Venus', 'Ceres': 'Venus', 'Jupiter': 'Mercury', 'Saturn': 'Saturn', 'Uranus': 'Saturn', 'Neptune': 'Neptune'}"
"Venus, Mars, Uranus",Uranus,False,144066.3924713395,49.450444060714126,0.2442679575003752,0.03387533875338753,47.666666666666664,16.0,"{'Mercury': 'Mars', 'Venus': 'Venus', 'Earth': 'Venus', 'Mars': 'Mars', 'Ceres': 'Mars', 'Jupiter': 'Mars', 'Saturn': 'Venus', 'Uranus': 'Uranus', 'Neptune': 'Uranus'}"
"Mars, Ceres, Jupiter, Neptune",Neptune,False,144128.83367562547,31.654953828616247,0.18799286650174143,0.024390243902439025,39.666666666666664,24.0,"{'Mercury': 'Mars', 'Venus': 'Mars', 'Earth': 'Mars', 'Mars': 'Mars', 'Ceres': 'Ceres', 'Jupiter': 'Jupiter', 'Saturn': 'Ceres', 'Uranus': 'Ceres', 'Neptune': 'Neptune'}"
"Earth, Ceres, Saturn, Uranus, Neptune",Saturn,False,144164.78013811278,8.580935150089905,0.06973837011530534,0.025745257452574527,31.666666666666668,32.0,"{'Mercury': 'Earth', 'Venus': 'Earth', 'Earth': 'Earth', 'Mars': 'Earth', 'Ceres': 'Ceres', 'Jupiter': 'Ceres', 'Saturn': 'Saturn', 'Uranus': 'Uranus', 'Neptune': 'Neptune'}"
"Venus, Jupiter, Saturn, Neptune",Venus,False,144170.39123495377,20.092912749224332,0.12777161689596134,0.032520325203252036,36.0,24.0,"{'Mercury': 'Venus', 'Venus': 'Venus', 'Earth': 'Venus', 'Mars': 'Venus', 'Ceres': 'Venus', 'Jupiter': 'Jupiter', 'Saturn': 'Saturn', 'Uranus': 'Saturn', 'Neptune': 'Neptune'}"
"Venus, Ceres, Saturn, Uranus, Neptune",Saturn,False,144178.44616883964,8.303445297272182,0.06733644304561164,0.025745257452574527,31.666666666666668,32.0,"{'Mercury': 'Venus', 'Venus': 'Venus', 'Earth': 'Venus', 'Mars': 'Venus', 'Ceres': 'Ceres', 'Jupiter': 'Ceres', 'Saturn': 'Saturn', 'Uranus': 'Uranus', 'Neptune': 'Neptune'}"
"Mercury, Venus, Jupiter, Uranus, Neptune",Jupiter,False,144189.42696055112,13.243133142086377,0.09927858838065919,0.028455284552845527,28.0,32.0,"{'Mercury': 'Mercury', 'Venus': 'Venus', 'Earth': 'Venus', 'Mars': 'Venus', 'Ceres': 'Venus', 'Jupiter': 'Jupiter', 'Saturn': 'Venus', 'Uranus': 'Uranus', 'Neptune': 'Neptune'}"
"Mars, Jupiter, Uranus, Neptune",Mars,False,144376.70539125096,15.500717304005406,0.1184029112878409,0.03116531165311653,32.0,24.0,"{'Mercury': 'Mars', 'Venus': 'Mars', 'Earth': 'Mars', 'Mars': 'Mars', 'Ceres': 'Mars', 'Jupiter': 'Jupiter', 'Saturn': 'Mars', 'Uranus': 'Uranus', 'Neptune': 'Neptune'}"
"Earth, Saturn, Uranus, Neptune",Saturn,False,144445.88546781128,10.895754295444714,0.09104130937525542,0.028455284552845527,32.0,24.0,"{'Mercury': 'Earth', 'Venus': 'Earth', 'Earth': 'Earth', 'Mars': 'Earth', 'Ceres': 'Earth', 'Jupiter': 'Earth', 'Saturn': 'Saturn', 'Uranus': 'Uranus', 'Neptune': 'Neptune'}"
"Mercury, Venus, Saturn, Uranus",Saturn,False,144460.3475834081,40.97568815423012,0.1849465876963002,0.032520325203252036,39.666666666666664,24.0,"{'Mercury': 'Mercury', 'Venus': 'Venus', 'Earth': 'Venus', 'Mars': 'Venus', 'Ceres': 'Venus', 'Jupiter': 'Mercury', 'Saturn': 'Saturn', 'Uranus': 'Uranus', 'Neptune': 'Saturn'}"
"Mercury, Mars, Uranus, Neptune",Neptune,False,144515.06572918626,18.90873589483887,0.14339102105207074,0.023035230352303523,32.0,24.0,"{'Mercury': 'Mercury', 'Venus': 'Mars', 'Earth': 'Mars', 'Mars': 'Mars', 'Ceres': 'Mars', 'Jupiter': 'Mars', 'Saturn': 'Mars', 'Uranus': 'Uranus', 'Neptune': 'Neptune'}"
"Mercury, Ceres, Uranus, Neptune",Neptune,False,144521.77421239618,19.274690235899413,0.1420298844671936,0.023035230352303523,39.666666666666664,24.0,"{'Mercury': 'Mercury', 'Venus': 'Mercury', 'Earth': 'Ceres', 'Mars': 'Mercury', 'Ceres': 'Ceres', 'Jupiter': 'Ceres', 'Saturn': 'Ceres', 'Uranus': 'Uranus', 'Neptune': 'Neptune'}"
"Venus, Mars, Ceres, Jupiter",Ceres,False,144533.99633025296,54.54777877853498,0.26133708976534153,0.03929539295392954,39.666666666666664,24.0,"{'Mercury': 'Mars', 'Venus': 'Venus', 'Earth': 'Venus', 'Mars': 'Mars', 'Ceres': 'Ceres', 'Jupiter': 'Jupiter', 'Saturn': 'Venus', 'Uranus': 'Ceres', 'Neptune': 'Venus'}"
"Earth, Jupiter, Saturn, Uranus, Neptune",Saturn,False,144665.01684433443,6.004295166446524,0.05275721276603286,0.025745257452574527,28.0,32.0,"{'Mercury': 'Earth', 'Venus': 'Earth', 'Earth': 'Earth', 'Mars': 'Earth', 'Ceres': 'Earth', 'Jupiter': 'Jupiter', 'Saturn': 'Saturn', 'Uranus': 'Uranus', 'Neptune': 'Neptune'}"
"Mercury, Earth, Neptune",Neptune,False,144683.13810116515,35.98422343564487,0.22708785311269195,0.03116531165311653,40.0,16.0,"{'Mercury': 'Mercury', 'Venus': 'Earth', 'Earth': 'Earth', 'Mars': 'Earth', 'Ceres': 'Earth', 'Jupiter': 'Mercury', 'Saturn': 'Earth', 'Uranus': 'Earth', 'Neptune': 'Neptune'}"
"Venus, Jupiter, Saturn, Uranus",Saturn,False,144697.5331114519,36.874184299234905,0.1540195748714478,0.032520325203252036,36.0,24.0,"{'Mercury': 'Venus', 'Venus': 'Venus', 'Earth': 'Venus', 'Mars': 'Venus', 'Ceres': 'Venus', 'Jupiter': 'Jupiter', 'Saturn': 'Saturn', 'Uranus': 'Uranus', 'Neptune': 'Saturn'}"
"Mars, Ceres, Saturn, Neptune",Neptune,False,144735.3206803461,23.899926017607054,0.15566010319049242,0.024390243902439025,39.666666666666664,24.0,"{'Mercury': 'Mars', 'Venus': 'Mars', 'Earth': 'Mars', 'Mars': 'Mars', 'Ceres': 'Ceres', 'Jupiter': 'Ceres', 'Saturn': 'Saturn', 'Uranus': 'Saturn', 'Neptune': 'Neptune'}"
"Venus, Ceres, Uranus, Neptune",Ceres,False,144806.25217733454,16.773566776436716,0.1246519815453722,0.032520325203252036,36.0,24.0,"{'Mercury': 'Venus', 'Venus': 'Venus', 'Earth': 'Venus', 'Mars': 'Venus', 'Ceres': 'Ceres', 'Jupiter': 'Ceres', 'Saturn': 'Venus', 'Uranus': 'Uranus', 'Neptune': 'Neptune'}"
"Earth, Uranus, Neptune",Uranus,False,144834.86202479177,19.687719159645464,0.1503848394851481,0.03116531165311653,36.0,16.0,"{'Mercury': 'Earth', 'Venus': 'Earth', 'Earth': 'Earth', 'Mars': 'Earth', 'Ceres': 'Earth', 'Jupiter': 'Earth', 'Saturn': 'Earth', 'Uranus': 'Uranus', 'Neptune': 'Neptune'}"
"Mercury, Earth, Saturn, Neptune",Neptune,False,144911.7347003358,24.294810301902363,0.1597778248943754,0.024390243902439025,39.666666666666664,24.0,"{'Mercury': 'Mercury', 'Venus': 'Earth', 'Earth': 'Earth', 'Mars': 'Earth', 'Ceres': 'Earth', 'Jupiter': 'Mercury', 'Saturn': 'Saturn', 'Uranus': 'Saturn', 'Neptune': 'Neptune'}"
"Venus, Jupiter, Saturn, Neptune",Jupiter,False,144922.90921894944,20.092912749224332,0.12777161689596134,0.032520325203252036,36.0,24.0,"{'Mercury': 'Venus', 'Venus': 'Venus', 'Earth': 'Venus', 'Mars': 'Venus', 'Ceres': 'Venus', 'Jupiter': 'Jupiter', 'Saturn': 'Saturn', 'Uranus': 'Saturn', 'Neptune': 'Neptune'}"
"Venus, Mars, Ceres, Jupiter",Venus,False,144951.59678522,54.54777877853498,0.26133708976534153,0.03929539295392954,39.666666666666664,24.0,"{'Mercury': 'Mars', 'Venus': 'Venus', 'Earth': 'Venus', 'Mars': 'Mars', 'Ceres': 'Ceres', 'Jupiter': 'Jupiter', 'Saturn': 'Venus', 'Uranus': 'Ceres', 'Neptune': 'Venus'}"
"Venus, Mars, Ceres, Jupiter",Mars,False,144971.5160451201,54.54777877853498,0.26133708976534153,0.03929539295392954,39.666666666666664,24.0,"{'Mercury': 'Mars', 'Venus': 'Venus', 'Earth': 'Venus', 'Mars': 'Mars', 'Ceres': 'Ceres', 'Jupiter': 'Jupiter', 'Saturn': 'Venus', 'Uranus': 'Ceres', 'Neptune': 'Venus'}"
"Mercury, Earth, Uranus, Neptune",Uranus,False,145086.03682994086,18.60891251474969,0.14056976707574909,0.02710027100271003,36.0,24.0,"{'Mercury': 'Mercury', 'Venus': 'Earth', 'Earth': 'Earth', 'Mars': 'Earth', 'Ceres': 'Earth', 'Jupiter': 'Mercury', 'Saturn': 'Earth', 'Uranus': 'Uranus', 'Neptune': 'Neptune'}"
"Mars, Jupiter, Uranus, Neptune",Jupiter,False,145112.37904873112,15.500717304005406,0.1184029112878409,0.03116531165311653,32.0,24.0,"{'Mercury': 'Mars', 'Venus': 'Mars', 'Earth': 'Mars', 'Mars': 'Mars', 'Ceres': 'Mars', 'Jupiter': 'Jupiter', 'Saturn': 'Mars', 'Uranus': 'Uranus', 'Neptune': 'Neptune'}"
"Venus, Ceres, Uranus, Neptune",Venus,False,145160.79996186172,16.773566776436716,0.1246519815453722,0.032520325203252036,36.0,24.0,"{'Mercury': 'Venus', 'Venus': 'Venus', 'Earth': 'Venus', 'Mars': 'Venus', 'Ceres': 'Ceres', 'Jupiter': 'Ceres', 'Saturn': 'Venus', 'Uranus': 'Uranus', 'Neptune': 'Neptune'}"
"Mars, Saturn, Uranus, Neptune",Mars,False,145220.2257660199,11.776328531595682,0.09828840817823613,0.03116531165311653,32.0,24.0,"{'Mercury': 'Mars', 'Venus': 'Mars', 'Earth': 'Mars', 'Mars': 'Mars', 'Ceres': 'Mars', 'Jupiter': 'Mars', 'Saturn': 'Saturn', 'Uranus': 'Uranus', 'Neptune': 'Neptune'}"
"Earth, Ceres, Jupiter, Saturn, Uranus",Uranus,False,145230.38663894573,34.428798215500166,0.13416889462157838,0.025745257452574527,31.666666666666668,32.0,"{'Mercury': 'Earth', 'Venus': 'Earth', 'Earth': 'Earth', 'Mars': 'Earth', 'Ceres': 'Ceres', 'Jupiter': 'Jupiter', 'Saturn': 'Saturn', 'Uranus': 'Uranus', 'Neptune': 'Saturn'}"
"Venus, Ceres, Jupiter, Saturn, Uranus",Uranus,False,145246.13297158686,34.151308362682435,0.13176696755188463,0.025745257452574527,31.666666666666668,32.0,"{'Mercury': 'Venus', 'Venus': 'Venus', 'Earth': 'Venus', 'Mars': 'Venus', 'Ceres': 'Ceres', 'Jupiter': 'Jupiter', 'Saturn': 'Saturn', 'Uranus': 'Uranus', 'Neptune': 'Saturn'}"
"Venus, Earth, Mars, Saturn, Neptune",Neptune,False,145352.1378889971,23.10648601810523,0.14917031038715783,0.018970189701897018,31.666666666666668,32.0,"{'Mercury': 'Mars', 'Venus': 'Venus', 'Earth': 'Earth', 'Mars': 'Mars', 'Ceres': 'Mars', 'Jupiter': 'Mars', 'Saturn': 'Saturn', 'Uranus': 'Saturn', 'Neptune': 'Neptune'}"
"Venus, Mars, Neptune",Venus,False,145467.5569753068,35.8024527773842,0.2256625467444399,0.036585365853658534,44.0,16.0,"{'Mercury': 'Mars', 'Venus': 'Venus', 'Earth': 'Venus', 'Mars': 'Mars', 'Ceres': 'Mars', 'Jupiter': 'Mars', 'Saturn': 'Venus', 'Uranus': 'Mars', 'Neptune': 'Neptune'}"
"Venus, Mars, Neptune",Mars,False,145489.58040378176,35.8024527773842,0.2256625467444399,0.036585365853658534,44.0,16.0,"{'Mercury': 'Mars', 'Venus': 'Venus', 'Earth': 'Venus', 'Mars': 'Mars', 'Ceres': 'Mars', 'Jupiter': 'Mars', 'Saturn': 'Venus', 'Uranus': 'Mars', 'Neptune': 'Neptune'}"
"Mars, Saturn, Neptune",Neptune,False,145618.14514430944,26.315527973682496,0.1771128593298239,0.03116531165311653,40.0,16.0,"{'Mercury': 'Mars', 'Venus': 'Mars', 'Earth': 'Mars', 'Mars': 'Mars', 'Ceres': 'Mars', 'Jupiter': 'Mars', 'Saturn': 'Saturn', 'Uranus': 'Saturn', 'Neptune': 'Neptune'}"
"Earth, Mars, Saturn, Uranus, Neptune",Saturn,False,145733.0164854987,9.775987124855536,0.08061954778244541,0.02710027100271003,31.666666666666668,32.0,"{'Mercury': 'Mars', 'Venus': 'Earth', 'Earth': 'Earth', 'Mars': 'Mars', 'Ceres': 'Mars', 'Jupiter': 'Mars', 'Saturn': 'Saturn', 'Uranus': 'Uranus', 'Neptune': 'Neptune'}"
"Venus, Mars, Saturn, Uranus, Neptune",Saturn,False,145749.36195830375,9.775989691422371,0.08061957037154747,0.02710027100271003,31.666666666666668,32.0,"{'Mercury': 'Mars', 'Venus': 'Venus', 'Earth': 'Venus', 'Mars': 'Mars', 'Ceres': 'Mars', 'Jupiter': 'Mars', 'Saturn': 'Saturn', 'Uranus': 'Uranus', 'Neptune': 'Neptune'}"
"Venus, Mars, Ceres, Jupiter",Jupiter,False,145850.6628391841,54.54777877853498,0.26133708976534153,0.03929539295392954,39.666666666666664,24.0,"{'Mercury': 'Mars', 'Venus': 'Venus', 'Earth': 'Venus', 'Mars': 'Mars', 'Ceres': 'Ceres', 'Jupiter': 'Jupiter', 'Saturn': 'Venus', 'Uranus': 'Ceres', 'Neptune': 'Venus'}"
"Mars, Ceres, Uranus, Neptune",Neptune,False,145859.39886176478,18.86359202363105,0.139168195976525,0.024390243902439025,39.666666666666664,24.0,"{'Mercury': 'Mars', 'Venus': 'Mars', 'Earth': 'Mars', 'Mars': 'Mars', 'Ceres': 'Ceres', 'Jupiter': 'Ceres', 'Saturn': 'Ceres', 'Uranus': 'Uranus', 'Neptune': 'Neptune'}"
"Venus, Ceres, Neptune",Neptune,False,145930.31193825873,34.98438252343808,0.2141880322821061,0.032520325203252036,44.0,16.0,"{'Mercury': 'Venus', 'Venus': 'Venus', 'Earth': 'Venus', 'Mars': 'Venus', 'Ceres': 'Ceres', 'Jupiter': 'Ceres', 'Saturn': 'Venus', 'Uranus': 'Ceres', 'Neptune': 'Neptune'}"
"Venus, Earth, Uranus, Neptune",Neptune,False,145993.14323448003,18.248740311307625,0.13778075776413778,0.024390243902439025,39.666666666666664,24.0,"{'Mercury': 'Venus', 'Venus': 'Venus', 'Earth': 'Earth', 'Mars': 'Earth', 'Ceres': 'Earth', 'Jupiter': 'Venus', 'Saturn': 'Earth', 'Uranus': 'Uranus', 'Neptune': 'Neptune'}"
"Mars, Jupiter, Saturn, Uranus, Neptune",Saturn,False,146037.06901882048,6.892783605202424,0.06022972515922975,0.02710027100271003,28.0,32.0,"{'Mercury': 'Mars', 'Venus': 'Mars', 'Earth': 'Mars', 'Mars': 'Mars', 'Ceres': 'Mars', 'Jupiter': 'Jupiter', 'Saturn': 'Saturn', 'Uranus': 'Uranus', 'Neptune': 'Neptune'}"
"Earth, Ceres, Saturn, Neptune",Neptune,False,146055.76004750901,23.039248920732526,0.148124298590111,0.025745257452574527,39.666666666666664,24.0,"{'Mercury': 'Earth', 'Venus': 'Earth', 'Earth': 'Earth', 'Mars': 'Earth', 'Ceres': 'Ceres', 'Jupiter': 'Ceres', 'Saturn': 'Saturn', 'Uranus': 'Saturn', 'Neptune': 'Neptune'}"
"Venus, Ceres, Saturn, Neptune",Neptune,False,146057.21969456426,22.7617590679148,0.1457223715204173,0.025745257452574527,39.666666666666664,24.0,"{'Mercury': 'Venus', 'Venus': 'Venus', 'Earth': 'Venus', 'Mars': 'Venus', 'Ceres': 'Ceres', 'Jupiter': 'Ceres', 'Saturn': 'Saturn', 'Uranus': 'Saturn', 'Neptune': 'Neptune'}"
"Venus, Earth, Mars, Jupiter, Neptune",Neptune,False,146096.30663872257,29.81633359670112,0.17819045824142868,0.02032520325203252,31.666666666666668,32.0,"{'Mercury': 'Mars', 'Venus': 'Venus', 'Earth': 'Earth', 'Mars': 'Mars', 'Ceres': 'Mars', 'Jupiter': 'Jupiter', 'Saturn': 'Earth', 'Uranus': 'Mars', 'Neptune': 'Neptune'}"
"Earth, Mars, Neptune",Neptune,False,146124.01925843925,36.01380383977687,0.22704199391112537,0.032520325203252036,44.0,16.0,"{'Mercury': 'Mars', 'Venus': 'Earth', 'Earth': 'Earth', 'Mars': 'Mars', 'Ceres': 'Mars', 'Jupiter': 'Mars', 'Saturn': 'Earth', 'Uranus': 'Mars', 'Neptune': 'Neptune'}"
"Venus, Ceres, Jupiter, Uranus, Neptune",Ceres,False,146175.74890316773,11.461603269756596,0.08435089268280595,0.032520325203252036,28.0,32.0,"{'Mercury': 'Venus', 'Venus': 'Venus', 'Earth': 'Venus', 'Mars': 'Venus', 'Ceres': 'Ceres', 'Jupiter': 'Jupiter', 'Saturn': 'Venus', 'Uranus': 'Uranus', 'Neptune': 'Neptune'}"
"Mercury, Venus, Saturn, Neptune",Saturn,False,146214.05467388377,24.194416604219537,0.15869862972081372,0.032520325203252036,39.666666666666664,24.0,"{'Mercury': 'Mercury', 'Venus': 'Venus', 'Earth': 'Venus', 'Mars': 'Venus', 'Ceres': 'Venus', 'Jupiter': 'Mercury', 'Saturn': 'Saturn', 'Uranus': 'Saturn', 'Neptune': 'Neptune'}"
"Venus, Saturn, Uranus",Venus,False,146238.69064592317,41.85933191591784,0.19235201352933587,0.037940379403794036,40.0,16.0,"{'Mercury': 'Venus', 'Venus': 'Venus', 'Earth': 'Venus', 'Mars': 'Venus', 'Ceres': 'Venus', 'Jupiter': 'Venus', 'Saturn': 'Saturn', 'Uranus': 'Uranus', 'Neptune': 'Saturn'}"
"Earth, Ceres, Uranus, Neptune",Uranus,False,146244.6423945239,17.341918747876242,0.1288569449410424,0.028455284552845527,36.0,24.0,"{'Mercury': 'Earth', 'Venus': 'Earth', 'Earth': 'Earth', 'Mars': 'Earth', 'Ceres': 'Ceres', 'Jupiter': 'Ceres', 'Saturn': 'Earth', 'Uranus': 'Uranus', 'Neptune': 'Neptune'}"
"Venus, Jupiter, Saturn, Neptune",Saturn,False,146451.24020192758,20.092912749224332,0.12777161689596134,0.032520325203252036,36.0,24.0,"{'Mercury': 'Venus', 'Venus': 'Venus', 'Earth': 'Venus', 'Mars': 'Venus', 'Ceres': 'Venus', 'Jupiter': 'Jupiter', 'Saturn': 'Saturn', 'Uranus': 'Saturn', 'Neptune': 'Neptune'}"
"Earth, Jupiter, Saturn, Neptune",Neptune,False,146464.51293405722,20.462608937089104,0.1311431412408386,0.025745257452574527,36.0,24.0,"{'Mercury': 'Earth', 'Venus': 'Earth', 'Earth': 'Earth', 'Mars': 'Earth', 'Ceres': 'Earth', 'Jupiter': 'Jupiter', 'Saturn': 'Saturn', 'Uranus': 'Saturn', 'Neptune': 'Neptune'}"
"Mercury, Venus, Earth, Uranus, Neptune",Neptune,False,146487.87049158278,17.507746831436652,0.1307791154689351,0.018970189701897018,31.666666666666668,32.0,"{'Mercury': 'Mercury', 'Venus': 'Venus', 'Earth': 'Earth', 'Mars': 'Earth', 'Ceres': 'Earth', 'Jupiter': 'Mercury', 'Saturn': 'Earth', 'Uranus': 'Uranus', 'Neptune': 'Neptune'}"
"Mercury, Venus, Uranus",Mercury,False,146500.04947460856,49.53214650376388,0.24432939523028507,0.03929539295392954,44.0,16.0,"{'Mercury': 'Mercury', 'Venus': 'Venus', 'Earth': 'Venus', 'Mars': 'Venus', 'Ceres': 'Venus', 'Jupiter': 'Mercury', 'Saturn': 'Venus', 'Uranus': 'Uranus', 'Neptune': 'Uranus'}"
"Mercury, Venus, Uranus",Venus,False,146514.2925650657,49.53214650376388,0.24432939523028507,0.03929539295392954,44.0,16.0,"{'Mercury': 'Mercury', 'Venus': 'Venus', 'Earth': 'Venus', 'Mars': 'Venus', 'Ceres': 'Venus', 'Jupiter': 'Mercury', 'Saturn': 'Venus', 'Uranus': 'Uranus', 'Neptune': 'Uranus'}"
"Earth, Uranus, Neptune",Neptune,False,146604.21803700205,19.687719159645464,0.1503848394851481,0.03116531165311653,36.0,16.0,"{'Mercury': 'Earth', 'Venus': 'Earth', 'Earth': 'Earth', 'Mars': 'Earth', 'Ceres': 'Earth', 'Jupiter': 'Earth', 'Saturn': 'Earth', 'Uranus': 'Uranus', 'Neptune': 'Neptune'}"
"Mercury, Venus, Jupiter",Venus,False,146624.98069361362,58.022372392373704,0.2848068061482937,0.04200542005420054,40.0,16.0,"{'Mercury': 'Mercury', 'Venus': 'Venus', 'Earth': 'Venus', 'Mars': 'Venus', 'Ceres': 'Venus', 'Jupiter': 'Jupiter', 'Saturn': 'Venus', 'Uranus': 'Jupiter', 'Neptune': 'Venus'}"
"Venus, Ceres, Jupiter, Uranus, Neptune",Venus,False,146703.15235506796,11.461603269756596,0.08435089268280595,0.032520325203252036,28.0,32.0,"{'Mercury': 'Venus', 'Venus': 'Venus', 'Earth': 'Venus', 'Mars': 'Venus', 'Ceres': 'Ceres', 'Jupiter': 'Jupiter', 'Saturn': 'Venus', 'Uranus': 'Uranus', 'Neptune': 'Neptune'}"
"Earth, Jupiter, Uranus, Neptune",Uranus,False,146705.41393287154,14.758091483943717,0.1118284203467231,0.028455284552845527,32.0,24.0,"{'Mercury': 'Earth', 'Venus': 'Earth', 'Earth': 'Earth', 'Mars': 'Earth', 'Ceres': 'Earth', 'Jupiter': 'Jupiter', 'Saturn': 'Earth', 'Uranus': 'Uranus', 'Neptune': 'Neptune'}"
"Venus, Jupiter, Uranus",Venus,False,146728.21645104323,45.40171807997456,0.21318427935307155,0.03929539295392954,40.0,16.0,"{'Mercury': 'Venus', 'Venus': 'Venus', 'Earth': 'Venus', 'Mars': 'Venus', 'Ceres': 'Venus', 'Jupiter': 'Jupiter', 'Saturn': 'Venus', 'Uranus': 'Uranus', 'Neptune': 'Uranus'}"
"Mercury, Venus, Jupiter",Mercury,False,146750.16231386169,58.022372392373704,0.2848068061482937,0.04200542005420054,40.0,16.0,"{'Mercury': 'Mercury', 'Venus': 'Venus', 'Earth': 'Venus', 'Mars': 'Venus', 'Ceres': 'Venus', 'Jupiter': 'Jupiter', 'Saturn': 'Venus', 'Uranus': 'Jupiter', 'Neptune': 'Venus'}"
"Mercury, Mars, Jupiter, Uranus, Neptune",Neptune,False,146751.64461088824,14.036108161081792,0.10546085220363423,0.018970189701897018,28.0,32.0,"{'Mercury': 'Mercury', 'Venus': 'Mars', 'Earth': 'Mars', 'Mars': 'Mars', 'Ceres': 'Mars', 'Jupiter': 'Jupiter', 'Saturn': 'Mars', 'Uranus': 'Uranus', 'Neptune': 'Neptune'}"
"Mars, Ceres, Jupiter, Uranus, Neptune",Uranus,False,146773.47786012306,13.595894879506588,0.09920294952114676,0.024390243902439025,31.666666666666668,32.0,"{'Mercury': 'Mars', 'Venus': 'Mars', 'Earth': 'Mars', 'Mars': 'Mars', 'Ceres': 'Ceres', 'Jupiter': 'Jupiter', 'Saturn': 'Ceres', 'Uranus': 'Uranus', 'Neptune': 'Neptune'}"
"Venus, Earth, Jupiter, Uranus, Neptune",Neptune,False,146775.22402946497,13.462893582173432,0.10027927132950883,0.018970189701897018,31.666666666666668,32.0,"{'Mercury': 'Venus', 'Venus': 'Venus', 'Earth': 'Earth', 'Mars': 'Earth', 'Ceres': 'Earth', 'Jupiter': 'Jupiter', 'Saturn': 'Earth', 'Uranus': 'Uranus', 'Neptune': 'Neptune'}"
"Mars, Uranus, Neptune",Mars,False,146790.4856226315,20.441108348201514,0.15686706566561523,0.03523035230352303,36.0,16.0,"{'Mercury': 'Mars', 'Venus': 'Mars', 'Earth': 'Mars', 'Mars': 'Mars', 'Ceres': 'Mars', 'Jupiter': 'Mars', 'Saturn': 'Mars', 'Uranus': 'Uranus', 'Neptune': 'Neptune'}"
"Venus, Mars, Uranus, Neptune",Venus,False,146880.38055828927,18.268317122129577,0.13810864488130734,0.03387533875338753,39.666666666666664,24.0,"{'Mercury': 'Mars', 'Venus': 'Venus', 'Earth': 'Venus', 'Mars': 'Mars', 'Ceres': 'Mars', 'Jupiter': 'Mars', 'Saturn': 'Venus', 'Uranus': 'Uranus', 'Neptune': 'Neptune'}"
"Venus, Mars, Uranus, Neptune",Mars,False,146890.53126347257,18.268317122129577,0.13810864488130734,0.03387533875338753,39.666666666666664,24.0,"{'Mercury': 'Mars', 'Venus': 'Venus', 'Earth': 'Venus', 'Mars': 'Mars', 'Ceres': 'Mars', 'Jupiter': 'Mars', 'Saturn': 'Venus', 'Uranus': 'Uranus', 'Neptune': 'Neptune'}"
"Venus, Ceres, Jupiter, Uranus",Uranus,False,146902.3079968415,42.60005776164833,0.19036152279120325,0.032520325203252036,36.0,24.0,"{'Mercury': 'Venus', 'Venus': 'Venus', 'Earth': 'Venus', 'Mars': 'Venus', 'Ceres': 'Ceres', 'Jupiter': 'Jupiter', 'Saturn': 'Venus', 'Uranus': 'Uranus', 'Neptune': 'Uranus'}"
"Mercury, Venus, Jupiter",Jupiter,False,147101.36505945885,58.022372392373704,0.2848068061482937,0.04200542005420054,40.0,16.0,"{'Mercury': 'Mercury', 'Venus': 'Venus', 'Earth': 'Venus', 'Mars': 'Venus', 'Ceres': 'Venus', 'Jupiter': 'Jupiter', 'Saturn': 'Venus', 'Uranus': 'Jupiter', 'Neptune': 'Venus'}"
"Venus, Jupiter, Uranus",Jupiter,False,147116.01713891904,45.40171807997456,0.21318427935307155,0.03929539295392954,40.0,16.0,"{'Mercury': 'Venus', 'Venus': 'Venus', 'Earth': 'Venus', 'Mars': 'Venus', 'Ceres': 'Venus', 'Jupiter': 'Jupiter', 'Saturn': 'Venus', 'Uranus': 'Uranus', 'Neptune': 'Uranus'}"
"Mars, Saturn, Uranus, Neptune",Saturn,False,147172.71786464006,11.776328531595682,0.09828840817823613,0.03116531165311653,32.0,24.0,"{'Mercury': 'Mars', 'Venus': 'Mars', 'Earth': 'Mars', 'Mars': 'Mars', 'Ceres': 'Mars', 'Jupiter': 'Mars', 'Saturn': 'Saturn', 'Uranus': 'Uranus', 'Neptune': 'Neptune'}"
"Venus, Saturn, Uranus",Saturn,False,147188.57086573614,41.85933191591784,0.19235201352933587,0.037940379403794036,40.0,16.0,"{'Mercury': 'Venus', 'Venus': 'Venus', 'Earth': 'Venus', 'Mars': 'Venus', 'Ceres': 'Venus', 'Jupiter': 'Venus', 'Saturn': 'Saturn', 'Uranus': 'Uranus', 'Neptune': 'Saturn'}"
"Jupiter, Saturn, Uranus, Neptune",Neptune,False,147225.04483004453,24.304664331975633,0.18847326288908522,0.024390243902439025,32.0,24.0,"{'Mercury': 'Jupiter', 'Venus': 'Jupiter', 'Earth': 'Jupiter', 'Mars': 'Jupiter', 'Ceres': 'Jupiter', 'Jupiter': 'Jupiter', 'Saturn': 'Saturn', 'Uranus': 'Uranus', 'Neptune': 'Neptune'}"
"Earth, Saturn, Uranus, Neptune",Uranus,False,147250.96879294113,10.895754295444714,0.09104130937525542,0.028455284552845527,32.0,24.0,"{'Mercury': 'Earth', 'Venus': 'Earth', 'Earth': 'Earth', 'Mars': 'Earth', 'Ceres': 'Earth', 'Jupiter': 'Earth', 'Saturn': 'Saturn', 'Uranus': 'Uranus', 'Neptune': 'Neptune'}"
"Mercury, Venus, Ceres, Jupiter, Neptune",Neptune,False,147294.38996368911,28.704254888296166,0.1660414976545044,0.02168021680216802,31.666666666666668,32.0,"{'Mercury': 'Mercury', 'Venus': 'Venus', 'Earth': 'Venus', 'Mars': 'Venus', 'Ceres': 'Ceres', 'Jupiter': 'Jupiter', 'Saturn': 'Venus', 'Uranus': 'Ceres', 'Neptune': 'Neptune'}"
"Mars, Ceres, Saturn, Uranus, Neptune",Uranus,False,147317.72806125108,9.461693238312542,0.07738304406079066,0.024390243902439025,31.666666666666668,32.0,"{'Mercury': 'Mars', 'Venus': 'Mars', 'Earth': 'Mars', 'Mars': 'Mars', 'Ceres': 'Ceres', 'Jupiter': 'Ceres', 'Saturn': 'Saturn', 'Uranus': 'Uranus', 'Neptune': 'Neptune'}"
"Mercury, Mars, Saturn, Uranus, Neptune",Neptune,False,147374.6768546653,10.358017039157835,0.0855963912597566,0.018970189701897018,28.0,32.0,"{'Mercury': 'Mercury', 'Venus': 'Mars', 'Earth': 'Mars', 'Mars': 'Mars', 'Ceres': 'Mars', 'Jupiter': 'Mars', 'Saturn': 'Saturn', 'Uranus': 'Uranus', 'Neptune': 'Neptune'}"
"Mercury, Earth, Saturn, Uranus, Neptune",Uranus,False,147494.12442342774,9.856577522607834,0.08150076576467356,0.024390243902439025,31.666666666666668,32.0,"{'Mercury': 'Mercury', 'Venus': 'Earth', 'Earth': 'Earth', 'Mars': 'Earth', 'Ceres': 'Earth', 'Jupiter': 'Mercury', 'Saturn': 'Saturn', 'Uranus': 'Uranus', 'Neptune': 'Neptune'}"
"Ceres, Jupiter, Saturn, Uranus, Neptune",Neptune,False,147513.58224297,10.168808224003387,0.08675575432162,0.018970189701897018,28.0,32.0,"{'Mercury': 'Ceres', 'Venus': 'Ceres', 'Earth': 'Ceres', 'Mars': 'Ceres', 'Ceres': 'Ceres', 'Jupiter': 'Jupiter', 'Saturn': 'Saturn', 'Uranus': 'Uranus', 'Neptune': 'Neptune'}"
"Earth, Mars, Saturn, Neptune",Neptune,False,147606.9421380289,24.254437822755335,0.15911464885958376,0.02710027100271003,39.666666666666664,24.0,"{'Mercury': 'Mars', 'Venus': 'Earth', 'Earth': 'Earth', 'Mars': 'Mars', 'Ceres': 'Mars', 'Jupiter': 'Mars', 'Saturn': 'Saturn', 'Uranus': 'Saturn', 'Neptune': 'Neptune'}"
"Venus, Mars, Saturn, Neptune",Neptune,False,147611.0812271623,24.254440389322173,0.1591146714486857,0.02710027100271003,39.666666666666664,24.0,"{'Mercury': 'Mars', 'Venus': 'Venus', 'Earth': 'Venus', 'Mars': 'Mars', 'Ceres': 'Mars', 'Jupiter': 'Mars', 'Saturn': 'Saturn', 'Uranus': 'Saturn', 'Neptune': 'Neptune'}"
"Mars, Jupiter, Neptune",Neptune,False,147616.80291163706,32.97790559467831,0.2056559446083185,0.03387533875338753,36.0,16.0,"{'Mercury': 'Mars', 'Venus': 'Mars', 'Earth': 'Mars', 'Mars': 'Mars', 'Ceres': 'Mars', 'Jupiter': 'Jupiter', 'Saturn': 'Mars', 'Uranus': 'Mars', 'Neptune': 'Neptune'}"
"Mercury, Venus, Saturn, Uranus",Uranus,False,147740.5678366863,40.97568815423012,0.1849465876963002,0.032520325203252036,39.666666666666664,24.0,"{'Mercury': 'Mercury', 'Venus': 'Venus', 'Earth': 'Venus', 'Mars': 'Venus', 'Ceres': 'Venus', 'Jupiter': 'Mercury', 'Saturn': 'Saturn', 'Uranus': 'Uranus', 'Neptune': 'Saturn'}"
"Mars, Jupiter, Saturn, Neptune",Neptune,False,147854.19449582958,21.37123430310218,0.13872482623636814,0.02710027100271003,36.0,24.0,"{'Mercury': 'Mars', 'Venus': 'Mars', 'Earth': 'Mars', 'Mars': 'Mars', 'Ceres': 'Mars', 'Jupiter': 'Jupiter', 'Saturn': 'Saturn', 'Uranus': 'Saturn', 'Neptune': 'Neptune'}"
"Earth, Mars, Uranus, Neptune",Uranus,False,147884.23986915805,18.552544867261048,0.1398510848011435,0.02981029810298103,39.666666666666664,24.0,"{'Mercury': 'Mars', 'Venus': 'Earth', 'Earth': 'Earth', 'Mars': 'Mars', 'Ceres': 'Mars', 'Jupiter': 'Mars', 'Saturn': 'Earth', 'Uranus': 'Uranus', 'Neptune': 'Neptune'}"
"Venus, Ceres, Jupiter, Uranus, Neptune",Jupiter,False,147937.70200115629,11.461603269756596,0.08435089268280595,0.032520325203252036,28.0,32.0,"{'Mercury': 'Venus', 'Venus': 'Venus', 'Earth': 'Venus', 'Mars': 'Venus', 'Ceres': 'Ceres', 'Jupiter': 'Jupiter', 'Saturn': 'Venus', 'Uranus': 'Uranus', 'Neptune': 'Neptune'}"
"Venus, Saturn, Neptune",Venus,False,147945.55515800038,24.983517990977614,0.16595617973426935,0.037940379403794036,40.0,16.0,"{'Mercury': 'Venus', 'Venus': 'Venus', 'Earth': 'Venus', 'Mars': 'Venus', 'Ceres': 'Venus', 'Jupiter': 'Venus', 'Saturn': 'Saturn', 'Uranus': 'Saturn', 'Neptune': 'Neptune'}"
"Mercury, Venus, Saturn, Uranus, Neptune",Venus,False,147990.6646301178,9.634854137704052,0.07976378017825726,0.032520325203252036,31.666666666666668,32.0,"{'Mercury': 'Mercury', 'Venus': 'Venus', 'Earth': 'Venus', 'Mars': 'Venus', 'Ceres': 'Venus', 'Jupiter': 'Mercury', 'Saturn': 'Saturn', 'Uranus': 'Uranus', 'Neptune': 'Neptune'}"
"Venus, Jupiter, Saturn, Uranus",Uranus,False,148010.82837389482,36.874184299234905,0.1540195748714478,0.032520325203252036,36.0,24.0,"{'Mercury': 'Venus', 'Venus': 'Venus', 'Earth': 'Venus', 'Mars': 'Venus', 'Ceres': 'Venus', 'Jupiter': 'Jupiter', 'Saturn': 'Saturn', 'Uranus': 'Uranus', 'Neptune': 'Saturn'}"
"Mercury, Venus, Saturn, Uranus, Neptune",Mercury,False,148054.6897823233,9.634854137704052,0.07976378017825726,0.032520325203252036,31.666666666666668,32.0,"{'Mercury': 'Mercury', 'Venus': 'Venus', 'Earth': 'Venus', 'Mars': 'Venus', 'Ceres': 'Venus', 'Jupiter': 'Mercury', 'Saturn': 'Saturn', 'Uranus': 'Uranus', 'Neptune': 'Neptune'}"
"Earth, Ceres, Jupiter, Neptune",Neptune,False,148064.45484144543,30.186800895141708,0.17788590279063207,0.028455284552845527,36.0,24.0,"{'Mercury': 'Earth', 'Venus': 'Earth', 'Earth': 'Earth', 'Mars': 'Earth', 'Ceres': 'Ceres', 'Jupiter': 'Jupiter', 'Saturn': 'Earth', 'Uranus': 'Ceres', 'Neptune': 'Neptune'}"
"Venus, Jupiter, Saturn, Uranus, Neptune",Venus,False,148213.16887704984,5.5333502827089145,0.04883676735340484,0.032520325203252036,28.0,32.0,"{'Mercury': 'Venus', 'Venus': 'Venus', 'Earth': 'Venus', 'Mars': 'Venus', 'Ceres': 'Venus', 'Jupiter': 'Jupiter', 'Saturn': 'Saturn', 'Uranus': 'Uranus', 'Neptune': 'Neptune'}"
"Earth, Mars, Jupiter, Neptune",Neptune,False,148351.42535395088,31.022035802015427,0.1883915125096678,0.028455284552845527,39.666666666666664,24.0,"{'Mercury': 'Mars', 'Venus': 'Earth', 'Earth': 'Earth', 'Mars': 'Mars', 'Ceres': 'Mars', 'Jupiter': 'Jupiter', 'Saturn': 'Earth', 'Uranus': 'Mars', 'Neptune': 'Neptune'}"
"Mercury, Venus, Jupiter, Saturn, Neptune",Neptune,False,148405.86439454948,19.23089273453027,0.12043714427800134,0.02168021680216802,31.666666666666668,32.0,"{'Mercury': 'Mercury', 'Venus': 'Venus', 'Earth': 'Venus', 'Mars': 'Venus', 'Ceres': 'Venus', 'Jupiter': 'Jupiter', 'Saturn': 'Saturn', 'Uranus': 'Saturn', 'Neptune': 'Neptune'}"
"Mercury, Earth, Uranus, Neptune",Neptune,False,148650.807600961,18.60891251474969,0.14056976707574909,0.02710027100271003,36.0,24.0,"{'Mercury': 'Mercury', 'Venus': 'Earth', 'Earth': 'Earth', 'Mars': 'Earth', 'Ceres': 'Earth', 'Jupiter': 'Mercury', 'Saturn': 'Earth', 'Uranus': 'Uranus', 'Neptune': 'Neptune'}"
"Earth, Ceres, Saturn, Uranus, Neptune",Uranus,False,148652.6717658905,8.580935150089905,0.06973837011530534,0.025745257452574527,31.666666666666668,32.0,"{'Mercury': 'Earth', 'Venus': 'Earth', 'Earth': 'Earth', 'Mars': 'Earth', 'Ceres': 'Ceres', 'Jupiter': 'Ceres', 'Saturn': 'Saturn', 'Uranus': 'Uranus', 'Neptune': 'Neptune'}"
"Venus, Ceres, Saturn, Uranus, Neptune",Uranus,False,148668.41809853163,8.303445297272182,0.06733644304561164,0.025745257452574527,31.666666666666668,32.0,"{'Mercury': 'Venus', 'Venus': 'Venus', 'Earth': 'Venus', 'Mars': 'Venus', 'Ceres': 'Ceres', 'Jupiter': 'Ceres', 'Saturn': 'Saturn', 'Uranus': 'Uranus', 'Neptune': 'Neptune'}"
"Venus, Ceres, Jupiter",Ceres,False,148832.60762477858,55.64971275572284,0.270040379844426,0.044715447154471545,40.0,16.0,"{'Mercury': 'Venus', 'Venus': 'Venus', 'Earth': 'Venus', 'Mars': 'Venus', 'Ceres': 'Ceres', 'Jupiter': 'Jupiter', 'Saturn': 'Venus', 'Uranus': 'Ceres', 'Neptune': 'Venus'}"
"Venus, Saturn, Uranus",Uranus,False,148850.1351055465,41.85933191591784,0.19235201352933587,0.037940379403794036,40.0,16.0,"{'Mercury': 'Venus', 'Venus': 'Venus', 'Earth': 'Venus', 'Mars': 'Venus', 'Ceres': 'Venus', 'Jupiter': 'Venus', 'Saturn': 'Saturn', 'Uranus': 'Uranus', 'Neptune': 'Saturn'}"
"Mars, Uranus, Neptune",Uranus,False,148918.6827040297,20.441108348201514,0.15686706566561523,0.03523035230352303,36.0,16.0,"{'Mercury': 'Mars', 'Venus': 'Mars', 'Earth': 'Mars', 'Mars': 'Mars', 'Ceres': 'Mars', 'Jupiter': 'Mars', 'Saturn': 'Mars', 'Uranus': 'Uranus', 'Neptune': 'Neptune'}"
"Venus, Saturn, Neptune",Saturn,False,148942.0355380173,24.983517990977614,0.16595617973426935,0.037940379403794036,40.0,16.0,"{'Mercury': 'Venus', 'Venus': 'Venus', 'Earth': 'Venus', 'Mars': 'Venus', 'Ceres': 'Venus', 'Jupiter': 'Venus', 'Saturn': 'Saturn', 'Uranus': 'Saturn', 'Neptune': 'Neptune'}"
"Venus, Ceres, Jupiter",Venus,False,149005.47163492753,55.64971275572284,0.270040379844426,0.044715447154471545,40.0,16.0,"{'Mercury': 'Venus', 'Venus': 'Venus', 'Earth': 'Venus', 'Mars': 'Venus', 'Ceres': 'Ceres', 'Jupiter': 'Jupiter', 'Saturn': 'Venus', 'Uranus': 'Ceres', 'Neptune': 'Venus'}"
"Mercury, Venus, Ceres, Uranus, Neptune",Neptune,False,149025.12583135843,15.948326218504844,0.11735207552409468,0.02168021680216802,31.666666666666668,32.0,"{'Mercury': 'Mercury', 'Venus': 'Venus', 'Earth': 'Venus', 'Mars': 'Venus', 'Ceres': 'Ceres', 'Jupiter': 'Ceres', 'Saturn': 'Venus', 'Uranus': 'Uranus', 'Neptune': 'Neptune'}"
"Earth, Jupiter, Saturn, Uranus, Neptune",Uranus,False,149121.83119209684,6.004295166446524,0.05275721276603286,0.025745257452574527,28.0,32.0,"{'Mercury': 'Earth', 'Venus': 'Earth', 'Earth': 'Earth', 'Mars': 'Earth', 'Ceres': 'Earth', 'Jupiter': 'Jupiter', 'Saturn': 'Saturn', 'Uranus': 'Uranus', 'Neptune': 'Neptune'}"
"Venus, Earth, Mars, Uranus, Neptune",Neptune,False,149182.9826974868,17.448797292699123,0.13003928470462592,0.02168021680216802,31.666666666666668,32.0,"{'Mercury': 'Mars', 'Venus': 'Venus', 'Earth': 'Earth', 'Mars': 'Mars', 'Ceres': 'Mars', 'Jupiter': 'Mars', 'Saturn': 'Earth', 'Uranus': 'Uranus', 'Neptune': 'Neptune'}"
"Venus, Jupiter, Saturn, Uranus, Neptune",Jupiter,False,149353.4922489413,5.5333502827089145,0.04883676735340484,0.032520325203252036,28.0,32.0,"{'Mercury': 'Venus', 'Venus': 'Venus', 'Earth': 'Venus', 'Mars': 'Venus', 'Ceres': 'Venus', 'Jupiter': 'Jupiter', 'Saturn': 'Saturn', 'Uranus': 'Uranus', 'Neptune': 'Neptune'}"
"Mercury, Venus, Uranus",Uranus,False,149397.63882318622,49.53214650376388,0.24432939523028507,0.03929539295392954,44.0,16.0,"{'Mercury': 'Mercury', 'Venus': 'Venus', 'Earth': 'Venus', 'Mars': 'Venus', 'Ceres': 'Venus', 'Jupiter': 'Mercury', 'Saturn': 'Venus', 'Uranus': 'Uranus', 'Neptune': 'Uranus'}"
"Mars, Jupiter, Uranus, Neptune",Uranus,False,149434.30256336613,15.500717304005406,0.1184029112878409,0.03116531165311653,32.0,24.0,"{'Mercury': 'Mars', 'Venus': 'Mars', 'Earth': 'Mars', 'Mars': 'Mars', 'Ceres': 'Mars', 'Jupiter': 'Jupiter', 'Saturn': 'Mars', 'Uranus': 'Uranus', 'Neptune': 'Neptune'}"
"Venus, Mars, Jupiter",Venus,False,149461.02046530505,56.782167330473754,0.2831744563701475,0.044715447154471545,47.333333333333336,16.0,"{'Mercury': 'Mars', 'Venus': 'Venus', 'Earth': 'Venus', 'Mars': 'Mars', 'Ceres': 'Mars', 'Jupiter': 'Jupiter', 'Saturn': 'Venus', 'Uranus': 'Mars', 'Neptune': 'Venus'}"
"Venus, Mars, Jupiter",Mars,False,149467.7258122737,56.782167330473754,0.2831744563701475,0.044715447154471545,47.333333333333336,16.0,"{'Mercury': 'Mars', 'Venus': 'Venus', 'Earth': 'Venus', 'Mars': 'Mars', 'Ceres': 'Mars', 'Jupiter': 'Jupiter', 'Saturn': 'Venus', 'Uranus': 'Mars', 'Neptune': 'Venus'}"
"Venus, Ceres, Jupiter",Jupiter,False,149494.1966895582,55.64971275572284,0.270040379844426,0.044715447154471545,40.0,16.0,"{'Mercury': 'Venus', 'Venus': 'Venus', 'Earth': 'Venus', 'Mars': 'Venus', 'Ceres': 'Ceres', 'Jupiter': 'Jupiter', 'Saturn': 'Venus', 'Uranus': 'Ceres', 'Neptune': 'Venus'}"
"Mercury, Venus, Jupiter, Neptune",Neptune,False,149634.4380273797,32.087816992442384,0.18873634323753458,0.02981029810298103,36.0,24.0,"{'Mercury': 'Mercury', 'Venus': 'Venus', 'Earth': 'Venus', 'Mars': 'Venus', 'Ceres': 'Venus', 'Jupiter': 'Jupiter', 'Saturn': 'Venus', 'Uranus': 'Jupiter', 'Neptune': 'Neptune'}"
"Venus, Jupiter, Uranus",Uranus,False,149659.31899944023,45.40171807997456,0.21318427935307155,0.03929539295392954,40.0,16.0,"{'Mercury': 'Venus', 'Venus': 'Venus', 'Earth': 'Venus', 'Mars': 'Venus', 'Ceres': 'Venus', 'Jupiter': 'Jupiter', 'Saturn': 'Venus', 'Uranus': 'Uranus', 'Neptune': 'Uranus'}"
"Earth, Ceres, Uranus, Neptune",Neptune,False,149794.76221991808,17.341918747876242,0.1288569449410424,0.028455284552845527,36.0,24.0,"{'Mercury': 'Earth', 'Venus': 'Earth', 'Earth': 'Earth', 'Mars': 'Earth', 'Ceres': 'Ceres', 'Jupiter': 'Ceres', 'Saturn': 'Earth', 'Uranus': 'Uranus', 'Neptune': 'Neptune'}"
"Venus, Jupiter, Neptune",Venus,False,149804.78729654892,33.102418241813666,0.19690471476422894,0.04065040650406504,40.0,16.0,"{'Mercury': 'Venus', 'Venus': 'Venus', 'Earth': 'Venus', 'Mars': 'Venus', 'Ceres': 'Venus', 'Jupiter': 'Jupiter', 'Saturn': 'Venus', 'Uranus': 'Jupiter', 'Neptune': 'Neptune'}"
"Venus, Mars, Jupiter",Jupiter,False,149871.3567646185,56.782167330473754,0.2831744563701475,0.044715447154471545,47.333333333333336,16.0,"{'Mercury': 'Mars', 'Venus': 'Venus', 'Earth': 'Venus', 'Mars': 'Mars', 'Ceres': 'Mars', 'Jupiter': 'Jupiter', 'Saturn': 'Venus', 'Uranus': 'Mars', 'Neptune': 'Venus'}"
"Mars, Saturn, Uranus, Neptune",Uranus,False,149980.6679797137,11.776328531595682,0.09828840817823613,0.03116531165311653,32.0,24.0,"{'Mercury': 'Mars', 'Venus': 'Mars', 'Earth': 'Mars', 'Mars': 'Mars', 'Ceres': 'Mars', 'Jupiter': 'Mars', 'Saturn': 'Saturn', 'Uranus': 'Uranus', 'Neptune': 'Neptune'}"
"Venus, Jupiter, Neptune",Jupiter,False,150162.80180009088,33.102418241813666,0.19690471476422894,0.04065040650406504,40.0,16.0,"{'Mercury': 'Venus', 'Venus': 'Venus', 'Earth': 'Venus', 'Mars': 'Venus', 'Ceres': 'Venus', 'Jupiter': 'Jupiter', 'Saturn': 'Venus', 'Uranus': 'Jupiter', 'Neptune': 'Neptune'}"
"Venus, Mars, Neptune",Neptune,False,150191.6081745944,35.8024527773842,0.2256625467444399,0.036585365853658534,44.0,16.0,"{'Mercury': 'Mars', 'Venus': 'Venus', 'Earth': 'Venus', 'Mars': 'Mars', 'Ceres': 'Mars', 'Jupiter': 'Mars', 'Saturn': 'Venus', 'Uranus': 'Mars', 'Neptune': 'Neptune'}"
"Earth, Jupiter, Uranus, Neptune",Neptune,False,150195.12721860758,14.758091483943717,0.1118284203467231,0.028455284552845527,32.0,24.0,"{'Mercury': 'Earth', 'Venus': 'Earth', 'Earth': 'Earth', 'Mars': 'Earth', 'Ceres': 'Earth', 'Jupiter': 'Jupiter', 'Saturn': 'Earth', 'Uranus': 'Uranus', 'Neptune': 'Neptune'}"
"Earth, Mars, Saturn, Uranus, Neptune",Uranus,False,150200.47403752038,9.775987124855536,0.08061954778244541,0.02710027100271003,31.666666666666668,32.0,"{'Mercury': 'Mars', 'Venus': 'Earth', 'Earth': 'Earth', 'Mars': 'Mars', 'Ceres': 'Mars', 'Jupiter': 'Mars', 'Saturn': 'Saturn', 'Uranus': 'Uranus', 'Neptune': 'Neptune'}"
"Venus, Mars, Saturn, Uranus, Neptune",Uranus,False,150218.8998122397,9.775989691422371,0.08061957037154747,0.02710027100271003,31.666666666666668,32.0,"{'Mercury': 'Mars', 'Venus': 'Venus', 'Earth': 'Venus', 'Mars': 'Mars', 'Ceres': 'Mars', 'Jupiter': 'Mars', 'Saturn': 'Saturn', 'Uranus': 'Uranus', 'Neptune': 'Neptune'}"
"Venus, Ceres, Uranus, Neptune",Uranus,False,150323.33547912692,16.773566776436716,0.1246519815453722,0.032520325203252036,36.0,24.0,"{'Mercury': 'Venus', 'Venus': 'Venus', 'Earth': 'Venus', 'Mars': 'Venus', 'Ceres': 'Ceres', 'Jupiter': 'Ceres', 'Saturn': 'Venus', 'Uranus': 'Uranus', 'Neptune': 'Neptune'}"
"Mars, Jupiter, Saturn, Uranus, Neptune",Uranus,False,150496.75015652666,6.892783605202424,0.06022972515922975,0.02710027100271003,28.0,32.0,"{'Mercury': 'Mars', 'Venus': 'Mars', 'Earth': 'Mars', 'Mars': 'Mars', 'Ceres': 'Mars', 'Jupiter': 'Jupiter', 'Saturn': 'Saturn', 'Uranus': 'Uranus', 'Neptune': 'Neptune'}"
"Mars, Uranus, Neptune",Neptune,False,150702.6720040529,20.441108348201514,0.15686706566561523,0.03523035230352303,36.0,16.0,"{'Mercury': 'Mars', 'Venus': 'Mars', 'Earth': 'Mars', 'Mars': 'Mars', 'Ceres': 'Mars', 'Jupiter': 'Mars', 'Saturn': 'Mars', 'Uranus': 'Uranus', 'Neptune': 'Neptune'}"
"Earth, Ceres, Jupiter, Uranus, Neptune",Uranus,False,150723.28524691105,12.052181029926997,0.08872447988124832,0.028455284552845527,28.0,32.0,"{'Mercury': 'Earth', 'Venus': 'Earth', 'Earth': 'Earth', 'Mars': 'Earth', 'Ceres': 'Ceres', 'Jupiter': 'Jupiter', 'Saturn': 'Earth', 'Uranus': 'Uranus', 'Neptune': 'Neptune'}"
"Mercury, Jupiter, Saturn",Mercury,False,150780.54364196534,51.75211610885,0.23313057434502674,0.044715447154471545,44.0,16.0,"{'Mercury': 'Mercury', 'Venus': 'Mercury', 'Earth': 'Mercury', 'Mars': 'Mercury', 'Ceres': 'Mercury', 'Jupiter': 'Jupiter', 'Saturn': 'Saturn', 'Uranus': 'Saturn', 'Neptune': 'Saturn'}"
"Earth, Saturn, Uranus, Neptune",Neptune,False,150817.05256629048,10.895754295444714,0.09104130937525542,0.028455284552845527,32.0,24.0,"{'Mercury': 'Earth', 'Venus': 'Earth', 'Earth': 'Earth', 'Mars': 'Earth', 'Ceres': 'Earth', 'Jupiter': 'Earth', 'Saturn': 'Saturn', 'Uranus': 'Uranus', 'Neptune': 'Neptune'}"
"Mars, Ceres, Jupiter, Saturn, Neptune",Neptune,False,150934.5100654373,18.63222887348259,0.11569485673511425,0.024390243902439025,31.666666666666668,32.0,"{'Mercury': 'Mars', 'Venus': 'Mars', 'Earth': 'Mars', 'Mars': 'Mars', 'Ceres': 'Ceres', 'Jupiter': 'Jupiter', 'Saturn': 'Saturn', 'Uranus': 'Saturn', 'Neptune': 'Neptune'}"
"Mercury, Venus, Jupiter, Uranus, Neptune",Uranus,False,150936.88422673714,13.243133142086377,0.09927858838065919,0.028455284552845527,28.0,32.0,"{'Mercury': 'Mercury', 'Venus': 'Venus', 'Earth': 'Venus', 'Mars': 'Venus', 'Ceres': 'Venus', 'Jupiter': 'Jupiter', 'Saturn': 'Venus', 'Uranus': 'Uranus', 'Neptune': 'Neptune'}"
"Mercury, Jupiter, Saturn",Jupiter,False,151137.81624912,51.75211610885,0.23313057434502674,0.044715447154471545,44.0,16.0,"{'Mercury': 'Mercury', 'Venus': 'Mercury', 'Earth': 'Mercury', 'Mars': 'Mercury', 'Ceres': 'Mercury', 'Jupiter': 'Jupiter', 'Saturn': 'Saturn', 'Uranus': 'Saturn', 'Neptune': 'Saturn'}"
"Mercury, Venus, Saturn, Uranus, Neptune",Saturn,False,151214.85312432112,9.634854137704052,0.07976378017825726,0.032520325203252036,31.666666666666668,32.0,"{'Mercury': 'Mercury', 'Venus': 'Venus', 'Earth': 'Venus', 'Mars': 'Venus', 'Ceres': 'Venus', 'Jupiter': 'Mercury', 'Saturn': 'Saturn', 'Uranus': 'Uranus', 'Neptune': 'Neptune'}"
"Earth, Mars, Uranus, Neptune",Neptune,False,151437.61020391263,18.552544867261048,0.1398510848011435,0.02981029810298103,39.666666666666664,24.0,"{'Mercury': 'Mars', 'Venus': 'Earth', 'Earth': 'Earth', 'Mars': 'Mars', 'Ceres': 'Mars', 'Jupiter': 'Mars', 'Saturn': 'Earth', 'Uranus': 'Uranus', 'Neptune': 'Neptune'}"
"Venus, Jupiter, Saturn, Uranus, Neptune",Saturn,False,151452.03865236495,5.5333502827089145,0.04883676735340484,0.032520325203252036,28.0,32.0,"{'Mercury': 'Venus', 'Venus': 'Venus', 'Earth': 'Venus', 'Mars': 'Venus', 'Ceres': 'Venus', 'Jupiter': 'Jupiter', 'Saturn': 'Saturn', 'Uranus': 'Uranus', 'Neptune': 'Neptune'}"
"Mercury, Jupiter, Saturn",Saturn,False,151931.11719859976,51.75211610885,0.23313057434502674,0.044715447154471545,44.0,16.0,"{'Mercury': 'Mercury', 'Venus': 'Mercury', 'Earth': 'Mercury', 'Mars': 'Mercury', 'Ceres': 'Mercury', 'Jupiter': 'Jupiter', 'Saturn': 'Saturn', 'Uranus': 'Saturn', 'Neptune': 'Saturn'}"
"Venus, Mars, Uranus, Neptune",Uranus,False,151965.67960146323,18.268317122129577,0.13810864488130734,0.03387533875338753,39.666666666666664,24.0,"{'Mercury': 'Mars', 'Venus': 'Venus', 'Earth': 'Venus', 'Mars': 'Mars', 'Ceres': 'Mars', 'Jupiter': 'Mars', 'Saturn': 'Venus', 'Uranus': 'Uranus', 'Neptune': 'Neptune'}"
"Venus, Saturn, Uranus, Neptune",Venus,False,151987.80607101473,10.34192982042541,0.0865766268140084,0.037940379403794036,32.0,24.0,"{'Mercury': 'Venus', 'Venus': 'Venus', 'Earth': 'Venus', 'Mars': 'Venus', 'Ceres': 'Venus', 'Jupiter': 'Venus', 'Saturn': 'Saturn', 'Uranus': 'Uranus', 'Neptune': 'Neptune'}"
"Mars, Ceres, Jupiter, Uranus, Neptune",Neptune,False,152058.58824685597,13.595894879506588,0.09920294952114676,0.024390243902439025,31.666666666666668,32.0,"{'Mercury': 'Mars', 'Venus': 'Mars', 'Earth': 'Mars', 'Mars': 'Mars', 'Ceres': 'Ceres', 'Jupiter': 'Jupiter', 'Saturn': 'Ceres', 'Uranus': 'Uranus', 'Neptune': 'Neptune'}"
"Venus, Ceres, Jupiter, Neptune",Neptune,False,152129.12121458017,29.672419016757917,0.17388694341954,0.032520325203252036,36.0,24.0,"{'Mercury': 'Venus', 'Venus': 'Venus', 'Earth': 'Venus', 'Mars': 'Venus', 'Ceres': 'Ceres', 'Jupiter': 'Jupiter', 'Saturn': 'Venus', 'Uranus': 'Ceres', 'Neptune': 'Neptune'}"
"Earth, Ceres, Jupiter, Saturn, Neptune",Neptune,False,152254.88652169117,17.764225354988973,0.10810346764731225,0.025745257452574527,31.666666666666668,32.0,"{'Mercury': 'Earth', 'Venus': 'Earth', 'Earth': 'Earth', 'Mars': 'Earth', 'Ceres': 'Ceres', 'Jupiter': 'Jupiter', 'Saturn': 'Saturn', 'Uranus': 'Saturn', 'Neptune': 'Neptune'}"
"Venus, Ceres, Jupiter, Saturn, Neptune",Neptune,False,152256.3461687464,17.48673550217125,0.10570154057761855,0.025745257452574527,31.666666666666668,32.0,"{'Mercury': 'Venus', 'Venus': 'Venus', 'Earth': 'Venus', 'Mars': 'Venus', 'Ceres': 'Ceres', 'Jupiter': 'Jupiter', 'Saturn': 'Saturn', 'Uranus': 'Saturn', 'Neptune': 'Neptune'}"
"Mercury, Venus, Uranus, Neptune",Venus,False,152262.58449348906,18.174097833508917,0.1375711584215469,0.03929539295392954,36.0,24.0,"{'Mercury': 'Mercury', 'Venus': 'Venus', 'Earth': 'Venus', 'Mars': 'Venus', 'Ceres': 'Venus', 'Jupiter': 'Mercury', 'Saturn': 'Venus', 'Uranus': 'Uranus', 'Neptune': 'Neptune'}"
"Mercury, Venus, Uranus, Neptune",Mercury,False,152295.9813912755,18.174097833508917,0.1375711584215469,0.03929539295392954,36.0,24.0,"{'Mercury': 'Mercury', 'Venus': 'Venus', 'Earth': 'Venus', 'Mars': 'Venus', 'Ceres': 'Venus', 'Jupiter': 'Mercury', 'Saturn': 'Venus', 'Uranus': 'Uranus', 'Neptune': 'Neptune'}"
"Venus, Saturn, Neptune",Neptune,False,152358.68556811108,24.983517990977614,0.16595617973426935,0.037940379403794036,40.0,16.0,"{'Mercury': 'Venus', 'Venus': 'Venus', 'Earth': 'Venus', 'Mars': 'Venus', 'Ceres': 'Venus', 'Jupiter': 'Venus', 'Saturn': 'Saturn', 'Uranus': 'Saturn', 'Neptune': 'Neptune'}"
"Venus, Mars, Jupiter, Neptune",Neptune,False,152418.83758333625,30.79059895401196,0.1868554643588027,0.032520325203252036,39.666666666666664,24.0,"{'Mercury': 'Mars', 'Venus': 'Venus', 'Earth': 'Venus', 'Mars': 'Mars', 'Ceres': 'Mars', 'Jupiter': 'Jupiter', 'Saturn': 'Venus', 'Uranus': 'Mars', 'Neptune': 'Neptune'}"
"Venus, Jupiter, Uranus, Neptune",Venus,False,152476.5083794666,14.04366940971967,0.10642604254433301,0.03929539295392954,32.0,24.0,"{'Mercury': 'Venus', 'Venus': 'Venus', 'Earth': 'Venus', 'Mars': 'Venus', 'Ceres': 'Venus', 'Jupiter': 'Jupiter', 'Saturn': 'Venus', 'Uranus': 'Uranus', 'Neptune': 'Neptune'}"
"Mars, Ceres, Saturn, Uranus, Neptune",Neptune,False,152679.2089355973,9.461693238312542,0.07738304406079066,0.024390243902439025,31.666666666666668,32.0,"{'Mercury': 'Mars', 'Venus': 'Mars', 'Earth': 'Mars', 'Mars': 'Mars', 'Ceres': 'Ceres', 'Jupiter': 'Ceres', 'Saturn': 'Saturn', 'Uranus': 'Uranus', 'Neptune': 'Neptune'}"
"Mercury, Earth, Saturn, Uranus, Neptune",Neptune,False,152855.622955587,9.856577522607834,0.08150076576467356,0.024390243902439025,31.666666666666668,32.0,"{'Mercury': 'Mercury', 'Venus': 'Earth', 'Earth': 'Earth', 'Mars': 'Earth', 'Ceres': 'Earth', 'Jupiter': 'Mercury', 'Saturn': 'Saturn', 'Uranus': 'Uranus', 'Neptune': 'Neptune'}"
"Mars, Jupiter, Uranus, Neptune",Neptune,False,152938.6491369151,15.500717304005406,0.1184029112878409,0.03116531165311653,32.0,24.0,"{'Mercury': 'Mars', 'Venus': 'Mars', 'Earth': 'Mars', 'Mars': 'Mars', 'Ceres': 'Mars', 'Jupiter': 'Jupiter', 'Saturn': 'Mars', 'Uranus': 'Uranus', 'Neptune': 'Neptune'}"
"Mercury, Venus, Saturn, Neptune",Neptune,False,153044.7754762553,24.194416604219537,0.15869862972081372,0.032520325203252036,39.666666666666664,24.0,"{'Mercury': 'Mercury', 'Venus': 'Venus', 'Earth': 'Venus', 'Mars': 'Venus', 'Ceres': 'Venus', 'Jupiter': 'Mercury', 'Saturn': 'Saturn', 'Uranus': 'Saturn', 'Neptune': 'Neptune'}"
"Venus, Jupiter, Uranus, Neptune",Jupiter,False,153222.32827090434,14.04366940971967,0.10642604254433301,0.03929539295392954,32.0,24.0,"{'Mercury': 'Venus', 'Venus': 'Venus', 'Earth': 'Venus', 'Mars': 'Venus', 'Ceres': 'Venus', 'Jupiter': 'Jupiter', 'Saturn': 'Venus', 'Uranus': 'Uranus', 'Neptune': 'Neptune'}"
"Venus, Jupiter, Saturn, Neptune",Neptune,False,153239.9785281797,20.092912749224332,0.12777161689596134,0.032520325203252036,36.0,24.0,"{'Mercury': 'Venus', 'Venus': 'Venus', 'Earth': 'Venus', 'Mars': 'Venus', 'Ceres': 'Venus', 'Jupiter': 'Jupiter', 'Saturn': 'Saturn', 'Uranus': 'Saturn', 'Neptune': 'Neptune'}"
"Mercury, Venus, Neptune",Venus,False,153550.5516404908,35.57243534567378,0.22435782147428818,0.044715447154471545,40.0,16.0,"{'Mercury': 'Mercury', 'Venus': 'Venus', 'Earth': 'Venus', 'Mars': 'Venus', 'Ceres': 'Venus', 'Jupiter': 'Mercury', 'Saturn': 'Venus', 'Uranus': 'Venus', 'Neptune': 'Neptune'}"
"Mars, Saturn, Uranus, Neptune",Neptune,False,153561.38504087596,11.776328531595682,0.09828840817823613,0.03116531165311653,32.0,24.0,"{'Mercury': 'Mars', 'Venus': 'Mars', 'Earth': 'Mars', 'Mars': 'Mars', 'Ceres': 'Mars', 'Jupiter': 'Mars', 'Saturn': 'Saturn', 'Uranus': 'Uranus', 'Neptune': 'Neptune'}"
"Mercury, Venus, Neptune",Mercury,False,153589.58099451577,35.57243534567378,0.22435782147428818,0.044715447154471545,40.0,16.0,"{'Mercury': 'Mercury', 'Venus': 'Venus', 'Earth': 'Venus', 'Mars': 'Venus', 'Ceres': 'Venus', 'Jupiter': 'Mercury', 'Saturn': 'Venus', 'Uranus': 'Venus', 'Neptune': 'Neptune'}"
"Venus, Ceres, Uranus, Neptune",Neptune,False,153859.1686189352,16.773566776436716,0.1246519815453722,0.032520325203252036,36.0,24.0,"{'Mercury': 'Venus', 'Venus': 'Venus', 'Earth': 'Venus', 'Mars': 'Venus', 'Ceres': 'Ceres', 'Jupiter': 'Ceres', 'Saturn': 'Venus', 'Uranus': 'Uranus', 'Neptune': 'Neptune'}"
"Venus, Saturn, Uranus, Neptune",Saturn,False,153942.30725937293,10.34192982042541,0.0865766268140084,0.037940379403794036,32.0,24.0,"{'Mercury': 'Venus', 'Venus': 'Venus', 'Earth': 'Venus', 'Mars': 'Venus', 'Ceres': 'Venus', 'Jupiter': 'Venus', 'Saturn': 'Saturn', 'Uranus': 'Uranus', 'Neptune': 'Neptune'}"
"Earth, Ceres, Saturn, Uranus, Neptune",Neptune,False,153999.51935242375,8.580935150089905,0.06973837011530534,0.025745257452574527,31.666666666666668,32.0,"{'Mercury': 'Earth', 'Venus': 'Earth', 'Earth': 'Earth', 'Mars': 'Earth', 'Ceres': 'Ceres', 'Jupiter': 'Ceres', 'Saturn': 'Saturn', 'Uranus': 'Uranus', 'Neptune': 'Neptune'}"
"Venus, Ceres, Saturn, Uranus, Neptune",Neptune,False,154000.97899947898,8.303445297272182,0.06733644304561164,0.025745257452574527,31.666666666666668,32.0,"{'Mercury': 'Venus', 'Venus': 'Venus', 'Earth': 'Venus', 'Mars': 'Venus', 'Ceres': 'Ceres', 'Jupiter': 'Ceres', 'Saturn': 'Saturn', 'Uranus': 'Uranus', 'Neptune': 'Neptune'}"
"Earth, Jupiter, Saturn, Uranus, Neptune",Neptune,False,154408.27223897193,6.004295166446524,0.05275721276603286,0.025745257452574527,28.0,32.0,"{'Mercury': 'Earth', 'Venus': 'Earth', 'Earth': 'Earth', 'Mars': 'Earth', 'Ceres': 'Earth', 'Jupiter': 'Jupiter', 'Saturn': 'Saturn', 'Uranus': 'Uranus', 'Neptune': 'Neptune'}"
"Venus, Jupiter, Neptune",Neptune,False,154461.20530782,33.102418241813666,0.19690471476422894,0.04065040650406504,40.0,16.0,"{'Mercury': 'Venus', 'Venus': 'Venus', 'Earth': 'Venus', 'Mars': 'Venus', 'Ceres': 'Venus', 'Jupiter': 'Jupiter', 'Saturn': 'Venus', 'Uranus': 'Jupiter', 'Neptune': 'Neptune'}"
"Venus, Ceres, Jupiter, Uranus, Neptune",Uranus,False,154801.78748192257,11.461603269756596,0.08435089268280595,0.032520325203252036,28.0,32.0,"{'Mercury': 'Venus', 'Venus': 'Venus', 'Earth': 'Venus', 'Mars': 'Venus', 'Ceres': 'Ceres', 'Jupiter': 'Jupiter', 'Saturn': 'Venus', 'Uranus': 'Uranus', 'Neptune': 'Neptune'}"
"Mercury, Jupiter, Saturn, Uranus",Mercury,False,154816.4952821377,37.00668688744268,0.1531880458721396,0.044715447154471545,36.0,24.0,"{'Mercury': 'Mercury', 'Venus': 'Mercury', 'Earth': 'Mercury', 'Mars': 'Mercury', 'Ceres': 'Mercury', 'Jupiter': 'Jupiter', 'Saturn': 'Saturn', 'Uranus': 'Uranus', 'Neptune': 'Saturn'}"
"Venus, Mars, Uranus, Neptune",Neptune,False,155504.76325063186,18.268317122129577,0.13810864488130734,0.03387533875338753,39.666666666666664,24.0,"{'Mercury': 'Mars', 'Venus': 'Venus', 'Earth': 'Venus', 'Mars': 'Mars', 'Ceres': 'Mars', 'Jupiter': 'Mars', 'Saturn': 'Venus', 'Uranus': 'Uranus', 'Neptune': 'Neptune'}"
"Earth, Mars, Saturn, Uranus, Neptune",Neptune,False,155550.57213341407,9.775987124855536,0.08061954778244541,0.02710027100271003,31.666666666666668,32.0,"{'Mercury': 'Mars', 'Venus': 'Earth', 'Earth': 'Earth', 'Mars': 'Mars', 'Ceres': 'Mars', 'Jupiter': 'Mars', 'Saturn': 'Saturn', 'Uranus': 'Uranus', 'Neptune': 'Neptune'}"
"Venus, Mars, Saturn, Uranus, Neptune",Neptune,False,155554.71122254748,9.775989691422371,0.08061957037154747,0.02710027100271003,31.666666666666668,32.0,"{'Mercury': 'Mars', 'Venus': 'Venus', 'Earth': 'Venus', 'Mars': 'Mars', 'Ceres': 'Mars', 'Jupiter': 'Mars', 'Saturn': 'Saturn', 'Uranus': 'Uranus', 'Neptune': 'Neptune'}"
"Mercury, Jupiter, Saturn, Uranus",Jupiter,False,155567.20573342664,37.00668688744268,0.1531880458721396,0.044715447154471545,36.0,24.0,"{'Mercury': 'Mercury', 'Venus': 'Mercury', 'Earth': 'Mercury', 'Mars': 'Mercury', 'Ceres': 'Mercury', 'Jupiter': 'Jupiter', 'Saturn': 'Saturn', 'Uranus': 'Uranus', 'Neptune': 'Saturn'}"
"Mercury, Venus, Saturn, Uranus, Neptune",Uranus,False,155640.67276483306,9.634854137704052,0.07976378017825726,0.032520325203252036,31.666666666666668,32.0,"{'Mercury': 'Mercury', 'Venus': 'Venus', 'Earth': 'Venus', 'Mars': 'Venus', 'Ceres': 'Venus', 'Jupiter': 'Mercury', 'Saturn': 'Saturn', 'Uranus': 'Uranus', 'Neptune': 'Neptune'}"
"Mars, Jupiter, Saturn, Uranus, Neptune",Neptune,False,155797.8244912147,6.892783605202424,0.06022972515922975,0.02710027100271003,28.0,32.0,"{'Mercury': 'Mars', 'Venus': 'Mars', 'Earth': 'Mars', 'Mars': 'Mars', 'Ceres': 'Mars', 'Jupiter': 'Jupiter', 'Saturn': 'Saturn', 'Uranus': 'Uranus', 'Neptune': 'Neptune'}"
"Venus, Jupiter, Saturn, Uranus, Neptune",Uranus,False,155910.9333020416,5.5333502827089145,0.04883676735340484,0.032520325203252036,28.0,32.0,"{'Mercury': 'Venus', 'Venus': 'Venus', 'Earth': 'Venus', 'Mars': 'Venus', 'Ceres': 'Venus', 'Jupiter': 'Jupiter', 'Saturn': 'Saturn', 'Uranus': 'Uranus', 'Neptune': 'Neptune'}"
"Earth, Ceres, Jupiter, Uranus, Neptune",Neptune,False,155993.762345831,12.052181029926997,0.08872447988124832,0.028455284552845527,28.0,32.0,"{'Mercury': 'Earth', 'Venus': 'Earth', 'Earth': 'Earth', 'Mars': 'Earth', 'Ceres': 'Ceres', 'Jupiter': 'Jupiter', 'Saturn': 'Earth', 'Uranus': 'Uranus', 'Neptune': 'Neptune'}"
"Mercury, Venus, Jupiter, Uranus, Neptune",Neptune,False,156207.72558569716,13.243133142086377,0.09927858838065919,0.028455284552845527,28.0,32.0,"{'Mercury': 'Mercury', 'Venus': 'Venus', 'Earth': 'Venus', 'Mars': 'Venus', 'Ceres': 'Venus', 'Jupiter': 'Jupiter', 'Saturn': 'Venus', 'Uranus': 'Uranus', 'Neptune': 'Neptune'}"
"Venus, Uranus, Neptune",Venus,False,156251.82236856938,18.934637847005924,0.14476030824332906,0.044715447154471545,36.0,16.0,"{'Mercury': 'Venus', 'Venus': 'Venus', 'Earth': 'Venus', 'Mars': 'Venus', 'Ceres': 'Venus', 'Jupiter': 'Venus', 'Saturn': 'Venus', 'Uranus': 'Uranus', 'Neptune': 'Neptune'}"
"Mercury, Jupiter, Saturn, Neptune",Mercury,False,156576.32534757844,20.011186338921327,0.12660500758207235,0.044715447154471545,36.0,24.0,"{'Mercury': 'Mercury', 'Venus': 'Mercury', 'Earth': 'Mercury', 'Mars': 'Mercury', 'Ceres': 'Mercury', 'Jupiter': 'Jupiter', 'Saturn': 'Saturn', 'Uranus': 'Saturn', 'Neptune': 'Neptune'}"
"Venus, Saturn, Uranus, Neptune",Uranus,False,156749.47088641702,10.34192982042541,0.0865766268140084,0.037940379403794036,32.0,24.0,"{'Mercury': 'Venus', 'Venus': 'Venus', 'Earth': 'Venus', 'Mars': 'Venus', 'Ceres': 'Venus', 'Jupiter': 'Venus', 'Saturn': 'Saturn', 'Uranus': 'Uranus', 'Neptune': 'Neptune'}"
"Mercury, Jupiter, Saturn, Uranus",Saturn,False,156930.72210335193,37.00668688744268,0.1531880458721396,0.044715447154471545,36.0,24.0,"{'Mercury': 'Mercury', 'Venus': 'Mercury', 'Earth': 'Mercury', 'Mars': 'Mercury', 'Ceres': 'Mercury', 'Jupiter': 'Jupiter', 'Saturn': 'Saturn', 'Uranus': 'Uranus', 'Neptune': 'Saturn'}"
"Mercury, Jupiter, Saturn, Neptune",Jupiter,False,157243.97717005142,20.011186338921327,0.12660500758207235,0.044715447154471545,36.0,24.0,"{'Mercury': 'Mercury', 'Venus': 'Mercury', 'Earth': 'Mercury', 'Mars': 'Mercury', 'Ceres': 'Mercury', 'Jupiter': 'Jupiter', 'Saturn': 'Saturn', 'Uranus': 'Saturn', 'Neptune': 'Neptune'}"
"Mercury, Venus, Uranus, Neptune",Uranus,False,157296.15110738858,18.174097833508917,0.1375711584215469,0.03929539295392954,36.0,24.0,"{'Mercury': 'Mercury', 'Venus': 'Venus', 'Earth': 'Venus', 'Mars': 'Venus', 'Ceres': 'Venus', 'Jupiter': 'Mercury', 'Saturn': 'Venus', 'Uranus': 'Uranus', 'Neptune': 'Neptune'}"
"Venus, Jupiter, Uranus, Neptune",Uranus,False,157557.83128364262,14.04366940971967,0.10642604254433301,0.03929539295392954,32.0,24.0,"{'Mercury': 'Venus', 'Venus': 'Venus', 'Earth': 'Venus', 'Mars': 'Venus', 'Ceres': 'Venus', 'Jupiter': 'Jupiter', 'Saturn': 'Venus', 'Uranus': 'Uranus', 'Neptune': 'Neptune'}"
"Mercury, Jupiter, Uranus",Mercury,False,157697.32478795154,45.719471505487675,0.21370666352364392,0.05013550135501355,40.0,16.0,"{'Mercury': 'Mercury', 'Venus': 'Mercury', 'Earth': 'Mercury', 'Mars': 'Mercury', 'Ceres': 'Mercury', 'Jupiter': 'Jupiter', 'Saturn': 'Mercury', 'Uranus': 'Uranus', 'Neptune': 'Uranus'}"
"Mercury, Jupiter, Uranus",Jupiter,False,158084.16001320575,45.719471505487675,0.21370666352364392,0.05013550135501355,40.0,16.0,"{'Mercury': 'Mercury', 'Venus': 'Mercury', 'Earth': 'Mercury', 'Mars': 'Mercury', 'Ceres': 'Mercury', 'Jupiter': 'Jupiter', 'Saturn': 'Mercury', 'Uranus': 'Uranus', 'Neptune': 'Uranus'}"
"Mercury, Venus, Neptune",Neptune,False,158234.2708467695,35.57243534567378,0.22435782147428818,0.044715447154471545,40.0,16.0,"{'Mercury': 'Mercury', 'Venus': 'Venus', 'Earth': 'Venus', 'Mars': 'Venus', 'Ceres': 'Venus', 'Jupiter': 'Mercury', 'Saturn': 'Venus', 'Uranus': 'Venus', 'Neptune': 'Neptune'}"
"Venus, Uranus, Neptune",Uranus,False,158397.04566315596,18.934637847005924,0.14476030824332906,0.044715447154471545,36.0,16.0,"{'Mercury': 'Venus', 'Venus': 'Venus', 'Earth': 'Venus', 'Mars': 'Venus', 'Ceres': 'Venus', 'Jupiter': 'Venus', 'Saturn': 'Venus', 'Uranus': 'Uranus', 'Neptune': 'Neptune'}"
"Mercury, Jupiter, Saturn, Neptune",Saturn,False,158683.8798845145,20.011186338921327,0.12660500758207235,0.044715447154471545,36.0,24.0,"{'Mercury': 'Mercury', 'Venus': 'Mercury', 'Earth': 'Mercury', 'Mars': 'Mercury', 'Ceres': 'Mercury', 'Jupiter': 'Jupiter', 'Saturn': 'Saturn', 'Uranus': 'Saturn', 'Neptune': 'Neptune'}"
"Venus, Ceres, Jupiter, Uranus, Neptune",Neptune,False,160057.97789525663,11.461603269756596,0.08435089268280595,0.032520325203252036,28.0,32.0,"{'Mercury': 'Venus', 'Venus': 'Venus', 'Earth': 'Venus', 'Mars': 'Venus', 'Ceres': 'Ceres', 'Jupiter': 'Jupiter', 'Saturn': 'Venus', 'Uranus': 'Uranus', 'Neptune': 'Neptune'}"
"Venus, Uranus, Neptune",Neptune,False,160152.1149897803,18.934637847005924,0.14476030824332906,0.044715447154471545,36.0,16.0,"{'Mercury': 'Venus', 'Venus': 'Venus', 'Earth': 'Venus', 'Mars': 'Venus', 'Ceres': 'Venus', 'Jupiter': 'Venus', 'Saturn': 'Venus', 'Uranus': 'Uranus', 'Neptune': 'Neptune'}"
"Mercury, Jupiter, Saturn, Uranus",Uranus,False,160201.08564040036,37.00668688744268,0.1531880458721396,0.044715447154471545,36.0,24.0,"{'Mercury': 'Mercury', 'Venus': 'Mercury', 'Earth': 'Mercury', 'Mars': 'Mercury', 'Ceres': 'Mercury', 'Jupiter': 'Jupiter', 'Saturn': 'Saturn', 'Uranus': 'Uranus', 'Neptune': 'Saturn'}"
"Venus, Saturn, Uranus, Neptune",Neptune,False,160301.26797418043,10.34192982042541,0.0865766268140084,0.037940379403794036,32.0,24.0,"{'Mercury': 'Venus', 'Venus': 'Venus', 'Earth': 'Venus', 'Mars': 'Venus', 'Ceres': 'Venus', 'Jupiter': 'Venus', 'Saturn': 'Saturn', 'Uranus': 'Uranus', 'Neptune': 'Neptune'}"
"Mercury, Jupiter, Uranus",Uranus,False,160496.10187981743,45.719471505487675,0.21370666352364392,0.05013550135501355,40.0,16.0,"{'Mercury': 'Mercury', 'Venus': 'Mercury', 'Earth': 'Mercury', 'Mars': 'Mercury', 'Ceres': 'Mercury', 'Jupiter': 'Jupiter', 'Saturn': 'Mercury', 'Uranus': 'Uranus', 'Neptune': 'Uranus'}"
"Mercury, Jupiter, Saturn, Uranus, Neptune",Mercury,False,160612.27698775078,5.265757117514221,0.04666247910918554,0.044715447154471545,28.0,32.0,"{'Mercury': 'Mercury', 'Venus': 'Mercury', 'Earth': 'Mercury', 'Mars': 'Mercury', 'Ceres': 'Mercury', 'Jupiter': 'Jupiter', 'Saturn': 'Saturn', 'Uranus': 'Uranus', 'Neptune': 'Neptune'}"
"Mercury, Jupiter, Neptune",Mercury,False,160826.84266254248,33.28006217406996,0.19724179303117256,0.051490514905149054,40.0,16.0,"{'Mercury': 'Mercury', 'Venus': 'Mercury', 'Earth': 'Mercury', 'Mars': 'Mercury', 'Ceres': 'Mercury', 'Jupiter': 'Jupiter', 'Saturn': 'Mercury', 'Uranus': 'Jupiter', 'Neptune': 'Neptune'}"
"Mercury, Venus, Uranus, Neptune",Neptune,False,160846.6351928228,18.174097833508917,0.1375711584215469,0.03929539295392954,36.0,24.0,"{'Mercury': 'Mercury', 'Venus': 'Venus', 'Earth': 'Venus', 'Mars': 'Venus', 'Ceres': 'Venus', 'Jupiter': 'Mercury', 'Saturn': 'Venus', 'Uranus': 'Uranus', 'Neptune': 'Neptune'}"
"Mercury, Venus, Saturn, Uranus, Neptune",Neptune,False,160987.88461140645,9.634854137704052,0.07976378017825726,0.032520325203252036,31.666666666666668,32.0,"{'Mercury': 'Mercury', 'Venus': 'Venus', 'Earth': 'Venus', 'Mars': 'Venus', 'Ceres': 'Venus', 'Jupiter': 'Mercury', 'Saturn': 'Saturn', 'Uranus': 'Uranus', 'Neptune': 'Neptune'}"
"Venus, Jupiter, Uranus, Neptune",Neptune,False,161033.2578837927,14.04366940971967,0.10642604254433301,0.03929539295392954,32.0,24.0,"{'Mercury': 'Venus', 'Venus': 'Venus', 'Earth': 'Venus', 'Mars': 'Venus', 'Ceres': 'Venus', 'Jupiter': 'Jupiter', 'Saturn': 'Venus', 'Uranus': 'Uranus', 'Neptune': 'Neptune'}"
"Mercury, Jupiter, Neptune",Jupiter,False,161130.61925898073,33.28006217406996,0.19724179303117256,0.051490514905149054,40.0,16.0,"{'Mercury': 'Mercury', 'Venus': 'Mercury', 'Earth': 'Mercury', 'Mars': 'Mercury', 'Ceres': 'Mercury', 'Jupiter': 'Jupiter', 'Saturn': 'Mercury', 'Uranus': 'Jupiter', 'Neptune': 'Neptune'}"
"Venus, Jupiter, Saturn, Uranus, Neptune",Neptune,False,161183.0876633308,5.5333502827089145,0.04883676735340484,0.032520325203252036,28.0,32.0,"{'Mercury': 'Venus', 'Venus': 'Venus', 'Earth': 'Venus', 'Mars': 'Venus', 'Ceres': 'Venus', 'Jupiter': 'Jupiter', 'Saturn': 'Saturn', 'Uranus': 'Uranus', 'Neptune': 'Neptune'}"
"Mercury, Jupiter, Saturn, Uranus, Neptune",Jupiter,False,161673.36665435805,5.265757117514221,0.04666247910918554,0.044715447154471545,28.0,32.0,"{'Mercury': 'Mercury', 'Venus': 'Mercury', 'Earth': 'Mercury', 'Mars': 'Mercury', 'Ceres': 'Mercury', 'Jupiter': 'Jupiter', 'Saturn': 'Saturn', 'Uranus': 'Uranus', 'Neptune': 'Neptune'}"
"Mercury, Jupiter, Uranus, Neptune",Mercury,False,163491.6804845275,14.003556373946,0.10573007308513355,0.05013550135501355,32.0,24.0,"{'Mercury': 'Mercury', 'Venus': 'Mercury', 'Earth': 'Mercury', 'Mars': 'Mercury', 'Ceres': 'Mercury', 'Jupiter': 'Jupiter', 'Saturn': 'Mercury', 'Uranus': 'Uranus', 'Neptune': 'Neptune'}"
"Mercury, Jupiter, Saturn, Uranus, Neptune",Saturn,False,163683.48478926666,5.265757117514221,0.04666247910918554,0.044715447154471545,28.0,32.0,"{'Mercury': 'Mercury', 'Venus': 'Mercury', 'Earth': 'Mercury', 'Mars': 'Mercury', 'Ceres': 'Mercury', 'Jupiter': 'Jupiter', 'Saturn': 'Saturn', 'Uranus': 'Uranus', 'Neptune': 'Neptune'}"
"Mercury, Saturn, Uranus",Mercury,False,163879.70519439204,42.295298646670005,0.1927586453253981,0.05555555555555555,40.0,16.0,"{'Mercury': 'Mercury', 'Venus': 'Mercury', 'Earth': 'Mercury', 'Mars': 'Mercury', 'Ceres': 'Mercury', 'Jupiter': 'Mercury', 'Saturn': 'Saturn', 'Uranus': 'Uranus', 'Neptune': 'Saturn'}"
"Mercury, Jupiter, Uranus, Neptune",Jupiter,False,164188.89492509997,14.003556373946,0.10573007308513355,0.05013550135501355,32.0,24.0,"{'Mercury': 'Mercury', 'Venus': 'Mercury', 'Earth': 'Mercury', 'Mars': 'Mercury', 'Ceres': 'Mercury', 'Jupiter': 'Jupiter', 'Saturn': 'Mercury', 'Uranus': 'Uranus', 'Neptune': 'Neptune'}"
"Mercury, Saturn, Uranus",Saturn,False,164843.3556831161,42.295298646670005,0.1927586453253981,0.05555555555555555,40.0,16.0,"{'Mercury': 'Mercury', 'Venus': 'Mercury', 'Earth': 'Mercury', 'Mars': 'Mercury', 'Ceres': 'Mercury', 'Jupiter': 'Mercury', 'Saturn': 'Saturn', 'Uranus': 'Uranus', 'Neptune': 'Saturn'}"
"Mercury, Jupiter, Neptune",Neptune,False,165337.98318246478,33.28006217406996,0.19724179303117256,0.051490514905149054,40.0,16.0,"{'Mercury': 'Mercury', 'Venus': 'Mercury', 'Earth': 'Mercury', 'Mars': 'Mercury', 'Ceres': 'Mercury', 'Jupiter': 'Jupiter', 'Saturn': 'Mercury', 'Uranus': 'Jupiter', 'Neptune': 'Neptune'}"
"Mercury, Jupiter, Saturn, Neptune",Neptune,False,165470.00689503655,20.011186338921327,0.12660500758207235,0.044715447154471545,36.0,24.0,"{'Mercury': 'Mercury', 'Venus': 'Mercury', 'Earth': 'Mercury', 'Mars': 'Mercury', 'Ceres': 'Mercury', 'Jupiter': 'Jupiter', 'Saturn': 'Saturn', 'Uranus': 'Saturn', 'Neptune': 'Neptune'}"
"Mercury, Saturn, Neptune",Mercury,False,165639.03507574275,25.104727790561597,0.16587049325294848,0.05555555555555555,40.0,16.0,"{'Mercury': 'Mercury', 'Venus': 'Mercury', 'Earth': 'Mercury', 'Mars': 'Mercury', 'Ceres': 'Mercury', 'Jupiter': 'Mercury', 'Saturn': 'Saturn', 'Uranus': 'Saturn', 'Neptune': 'Neptune'}"
"Mercury, Saturn, Uranus",Uranus,False,166461.988197532,42.295298646670005,0.1927586453253981,0.05555555555555555,40.0,16.0,"{'Mercury': 'Mercury', 'Venus': 'Mercury', 'Earth': 'Mercury', 'Mars': 'Mercury', 'Ceres': 'Mercury', 'Jupiter': 'Mercury', 'Saturn': 'Saturn', 'Uranus': 'Uranus', 'Neptune': 'Saturn'}"
"Mercury, Saturn, Neptune",Saturn,False,166596.01328018872,25.104727790561597,0.16587049325294848,0.05555555555555555,40.0,16.0,"{'Mercury': 'Mercury', 'Venus': 'Mercury', 'Earth': 'Mercury', 'Mars': 'Mercury', 'Ceres': 'Mercury', 'Jupiter': 'Mercury', 'Saturn': 'Saturn', 'Uranus': 'Saturn', 'Neptune': 'Neptune'}"
"Mercury, Jupiter, Saturn, Uranus, Neptune",Uranus,False,168099.44771354884,5.265757117514221,0.04666247910918554,0.044715447154471545,28.0,32.0,"{'Mercury': 'Mercury', 'Venus': 'Mercury', 'Earth': 'Mercury', 'Mars': 'Mercury', 'Ceres': 'Mercury', 'Jupiter': 'Jupiter', 'Saturn': 'Saturn', 'Uranus': 'Uranus', 'Neptune': 'Neptune'}"
"Mercury, Jupiter, Uranus, Neptune",Uranus,False,168393.03794392876,14.003556373946,0.10573007308513355,0.05013550135501355,32.0,24.0,"{'Mercury': 'Mercury', 'Venus': 'Mercury', 'Earth': 'Mercury', 'Mars': 'Mercury', 'Ceres': 'Mercury', 'Jupiter': 'Jupiter', 'Saturn': 'Mercury', 'Uranus': 'Uranus', 'Neptune': 'Neptune'}"
"Mercury, Saturn, Uranus, Neptune",Mercury,False,169673.89991008796,10.190054044374993,0.08501040347764673,0.05555555555555555,32.0,24.0,"{'Mercury': 'Mercury', 'Venus': 'Mercury', 'Earth': 'Mercury', 'Mars': 'Mercury', 'Ceres': 'Mercury', 'Jupiter': 'Mercury', 'Saturn': 'Saturn', 'Uranus': 'Uranus', 'Neptune': 'Neptune'}"
"Mercury, Saturn, Neptune",Neptune,False,170010.05199455243,25.104727790561597,0.16587049325294848,0.05555555555555555,40.0,16.0,"{'Mercury': 'Mercury', 'Venus': 'Mercury', 'Earth': 'Mercury', 'Mars': 'Mercury', 'Ceres': 'Mercury', 'Jupiter': 'Mercury', 'Saturn': 'Saturn', 'Uranus': 'Saturn', 'Neptune': 'Neptune'}"
"Mercury, Saturn, Uranus, Neptune",Saturn,False,171594.53137911364,10.190054044374993,0.08501040347764673,0.05555555555555555,32.0,24.0,"{'Mercury': 'Mercury', 'Venus': 'Mercury', 'Earth': 'Mercury', 'Mars': 'Mercury', 'Ceres': 'Mercury', 'Jupiter': 'Mercury', 'Saturn': 'Saturn', 'Uranus': 'Uranus', 'Neptune': 'Neptune'}"
"Mercury, Jupiter, Uranus, Neptune",Neptune,False,171908.78495374328,14.003556373946,0.10573007308513355,0.05013550135501355,32.0,24.0,"{'Mercury': 'Mercury', 'Venus': 'Mercury', 'Earth': 'Mercury', 'Mars': 'Mercury', 'Ceres': 'Mercury', 'Jupiter': 'Jupiter', 'Saturn': 'Mercury', 'Uranus': 'Uranus', 'Neptune': 'Neptune'}"
"Mercury, Uranus, Neptune",Mercury,False,172554.3359206179,19.057145626577256,0.1449812188811294,0.06097560975609756,36.0,16.0,"{'Mercury': 'Mercury', 'Venus': 'Mercury', 'Earth': 'Mercury', 'Mars': 'Mercury', 'Ceres': 'Mercury', 'Jupiter': 'Mercury', 'Saturn': 'Mercury', 'Uranus': 'Uranus', 'Neptune': 'Neptune'}"
"Mercury, Jupiter, Saturn, Uranus, Neptune",Neptune,False,173411.92248450246,5.265757117514221,0.04666247910918554,0.044715447154471545,28.0,32.0,"{'Mercury': 'Mercury', 'Venus': 'Mercury', 'Earth': 'Mercury', 'Mars': 'Mercury', 'Ceres': 'Mercury', 'Jupiter': 'Jupiter', 'Saturn': 'Saturn', 'Uranus': 'Uranus', 'Neptune': 'Neptune'}"
"Mercury, Saturn, Uranus, Neptune",Uranus,False,174358.7632807633,10.190054044374993,0.08501040347764673,0.05555555555555555,32.0,24.0,"{'Mercury': 'Mercury', 'Venus': 'Mercury', 'Earth': 'Mercury', 'Mars': 'Mercury', 'Ceres': 'Mercury', 'Jupiter': 'Mercury', 'Saturn': 'Saturn', 'Uranus': 'Uranus', 'Neptune': 'Neptune'}"
"Mercury, Uranus, Neptune",Uranus,False,174653.3860248965,19.057145626577256,0.1449812188811294,0.06097560975609756,36.0,16.0,"{'Mercury': 'Mercury', 'Venus': 'Mercury', 'Earth': 'Mercury', 'Mars': 'Mercury', 'Ceres': 'Mercury', 'Jupiter': 'Mercury', 'Saturn': 'Mercury', 'Uranus': 'Uranus', 'Neptune': 'Neptune'}"
"Mercury, Uranus, Neptune",Neptune,False,176448.77576118524,19.057145626577256,0.1449812188811294,0.06097560975609756,36.0,16.0,"{'Mercury': 'Mercury', 'Venus': 'Mercury', 'Earth': 'Mercury', 'Mars': 'Mercury', 'Ceres': 'Mercury', 'Jupiter': 'Mercury', 'Saturn': 'Mercury', 'Uranus': 'Uranus', 'Neptune': 'Neptune'}"
"Mercury, Saturn, Uranus, Neptune",Neptune,False,177950.88077819112,10.190054044374993,0.08501040347764673,0.05555555555555555,32.0,24.0,"{'Mercury': 'Mercury', 'Venus': 'Mercury', 'Earth': 'Mercury', 'Mars': 'Mercury', 'Ceres': 'Mercury', 'Jupiter': 'Mercury', 'Saturn': 'Saturn', 'Uranus': 'Uranus', 'Neptune': 'Neptune'}"
