settlement,relay,start_d,end_d,days,clipped
Mercury,Relay A,82.619936,93.731130,11.111194,
Mercury,Relay A,177.762236,188.638244,10.876008,
Mercury,Relay A,273.090376,283.242056,10.151680,
Mercury,Relay A,368.006536,377.320360,9.313824,
Mercury,Relay A,462.108023,470.736940,8.628918,
Mercury,Relay A,555.320094,563.447338,8.127244,
Mercury,Relay A,647.771814,655.509652,7.737838,
Mercury,Relay A,739.644320,747.053417,7.409097,
Mercury,Relay A,831.103671,838.231164,7.127493,
Mercury,Relay A,922.289023,929.189450,6.900427,
Mercury,Relay A,1013.318549,1020.062661,6.744112,
Mercury,Relay A,1104.298156,1110.978950,6.680794,
Mercury,Relay A,1195.329029,1202.070506,6.741477,
Mercury,Relay A,1286.513712,1293.482975,6.969263,
Mercury,Relay A,1377.961440,1385.377575,7.416135,
Mercury,Relay A,1469.794611,1477.915126,8.120515,
Mercury,Relay A,1562.155092,1571.211011,9.055919,
Mercury,Relay A,1655.199329,1665.266484,10.067155,
Mercury,Relay A,1749.057597,1759.915890,10.858293,
Mercury,Relay A,1843.734245,1854.847294,11.113049,
Mercury,Relay A,1938.976898,1949.704934,10.728036,
Mercury,Relay A,2034.255961,2044.195046,9.939085,
Mercury,Relay A,2128.993781,2138.118073,9.124292,
Mercury,Relay A,2222.869627,2231.358847,8.489220,
Mercury,Relay A,2315.876253,2323.898749,8.022496,
Mercury,Relay A,2408.166808,2415.818154,7.651346,
Mercury,Relay A,2499.921949,2507.256433,7.334484,
Mercury,Relay A,2591.300997,2598.366305,7.065309,
Mercury,Relay A,2682.437107,2689.291229,6.854122,
Mercury,Relay A,2773.444609,2780.163212,6.718603,
Mercury,Relay A,2864.427554,2871.110409,6.682855,
Mercury,Relay A,2955.486983,2962.267617,6.780634,
Mercury,Relay A,3046.726572,3053.784646,7.058074,
Mercury,Relay A,3138.258193,3145.825098,7.566905,
Mercury,Relay A,3230.208616,3238.543933,8.335317,
Mercury,Relay A,3322.724692,3332.034878,9.310185,
Mercury,Relay A,3415.962221,3426.260579,10.298358,
Mercury,Relay A,3510.031831,3521.013257,10.981426,
Mercury,Relay A,3604.885214,3615.958522,11.073308,
Mercury,Relay A,3700.194128,3710.748347,10.554219,
Mercury,Relay A,3795.386501,3805.112477,9.725976,
Mercury,Relay A,3889.925880,3898.872974,8.947094,
Mercury,Relay A,3983.576574,3991.936747,8.360172,
Mercury,Relay A,4076.387909,4084.311382,7.923473,
Mercury,Relay A,4168.528715,4176.096762,7.568047,
Mercury,Relay A,4260.176370,4267.439133,7.262763,
Mercury,Relay A,4351.483344,4358.490030,7.006686,
Mercury,Relay A,4442.577270,4449.389746,6.812476,
Mercury,Relay A,4533.569150,4540.268407,6.699257,
Mercury,Relay A,4624.561683,4631.254820,6.693137,
Mercury,Relay A,4715.656071,4722.486966,6.830895,
Mercury,Relay A,4806.957483,4814.118803,7.161320,
Mercury,Relay A,4898.580823,4906.314996,7.734173,
Mercury,Relay A,4990.657641,4999.221302,8.563661,
Mercury,Relay A,5083.339234,5092.905221,9.565987,
Mercury,Relay A,5176.777488,5187.288028,10.510540,
Mercury,Relay A,5271.056155,5282.122622,11.066467,
Mercury,Relay A,5366.065837,5377.059657,10.993820,
Mercury,Relay A,5461.403959,5471.764879,10.360920,
Mercury,Relay A,5556.474830,5565.992082,9.517252,
Mercury,Relay A,5650.801374,5659.584145,8.782770,
Mercury,Relay A,5744.230924,5752.471414,8.240490,
Mercury,Relay A,5836.857980,5844.687236,7.829256,
Mercury,Relay A,5928.860160,5936.347878,7.487718,
Mercury,Relay A,6020.409787,6027.603808,7.194021,
Mercury,Relay A,6111.652560,6118.604435,6.951875,
Mercury,Relay A,6202.711140,6209.486966,6.775826,
Mercury,Relay A,6293.693733,6300.380236,6.686502,
Mercury,Relay A,6384.702110,6391.414388,6.712277,
Mercury,Relay A,6475.837955,6482.731044,6.893088,
Mercury,Relay A,6567.208282,6574.488048,7.279766,
Mercury,Relay A,6658.931468,6666.849311,7.917843,
Mercury,Relay A,6751.144149,6759.947647,8.803498,
Mercury,Relay A,6844.000999,6853.819802,9.818803,
Mercury,Relay A,6937.645831,6948.344049,10.698218,
Mercury,Relay A,7032.127386,7043.238236,11.110850,
Mercury,Relay A,7127.267961,7138.145934,10.877974,
Mercury,Relay A,7222.596539,7232.751334,10.154796,
Mercury,Relay A,7317.515162,7326.831879,9.316716,
Mercury,Relay A,7411.619970,7420.251051,8.631081,
Mercury,Relay A,7504.835157,7512.964006,8.128849,
Mercury,Relay A,7597.289358,7605.028501,7.739142,
Mercury,Relay A,7689.163675,7696.573905,7.410230,
Mercury,Relay A,7780.624279,7787.752717,7.128438,
Mercury,Relay A,7871.810412,7878.711560,6.901148,
Mercury,Relay A,7962.840324,7969.584848,6.744524,
Mercury,Relay A,8053.819922,8060.500743,6.680820,
Mercury,Relay A,8144.850418,8151.591397,6.740979,
Mercury,Relay A,8236.034337,8243.002391,6.968054,
Mercury,Relay A,8327.480889,8334.894904,7.414015,
Mercury,Relay A,8419.312387,8427.429820,8.117434,
Mercury,Relay A,8511.670628,8520.722813,9.052185,
Mercury,Relay A,8604.712067,8614.775685,10.063619,
Mercury,Relay A,8698.567202,8709.423400,10.856198,
Mercury,Relay A,8793.241103,8804.354435,11.113332,
Mercury,Relay A,8888.482503,8899.212942,10.730439,
Mercury,Relay A,8983.762579,8993.704840,9.942261,
Mercury,Relay A,9078.503206,9087.630219,9.127012,
Mercury,Relay A,9172.382399,9180.873610,8.491211,
Mercury,Relay A,9265.391994,9273.416001,8.024007,
Mercury,Relay A,9357.684858,9365.337458,7.652599,
Mercury,Relay A,9449.441665,9456.777239,7.335574,
Mercury,Relay A,9540.821845,9547.888046,7.066201,
Mercury,Relay A,9631.958633,9638.813408,6.854774,
Mercury,Relay A,9722.966410,9729.685348,6.718938,
Mercury,Relay A,9813.949261,9820.632030,6.682769,
Mercury,Relay A,9905.008219,9911.788191,6.779972,
Mercury,Relay A,9996.246948,10003.303597,7.056649,
Mercury,Relay A,10087.777273,10095.341818,7.564545,
Mercury,Relay A,10179.725885,10188.057923,8.332038,
Mercury,Relay A,10272.239584,10281.545984,9.306400,
Mercury,Relay A,10365.474195,10375.769248,10.295053,
Mercury,Relay A,10459.540680,10470.520553,10.979873,
Mercury,Relay A,10554.391582,10565.465766,11.074183,
Mercury,Relay A,10649.699776,10660.256725,10.556950,
Mercury,Relay A,10744.893694,10754.622811,9.729117,
Mercury,Relay A,10839.436137,10848.385763,8.949626,
Mercury,Relay A,10933.090144,10941.452153,8.362009,
Mercury,Relay A,11025.904294,11033.829192,7.924898,
Mercury,Relay A,11118.047237,11125.616494,7.569257,
Mercury,Relay A,11209.696420,11216.960213,7.263793,
Mercury,Relay A,11301.004399,11308.011927,7.007527,
Mercury,Relay A,11392.098899,11398.911959,6.813060,
Mercury,Relay A,11483.090960,11489.790457,6.699497,
Mercury,Relay A,11574.083312,11580.776226,6.692914,
Mercury,Relay A,11665.177134,11672.007197,6.830064,
Mercury,Relay A,11756.477576,11763.637257,7.159680,
Mercury,Relay A,11848.099500,11855.831072,7.731572,
Mercury,Relay A,11940.174370,11948.734563,8.560193,
Mercury,Relay A,12032.853439,12042.415649,9.562210,
Mercury,Relay A,12126.288680,12136.796242,10.507562,
Mercury,Relay A,12220.564275,12231.629781,11.065506,
Mercury,Relay A,12315.571819,12326.567099,10.995279,
Mercury,Relay A,12410.909787,12421.273685,10.363898,
Mercury,Relay A,12505.982692,12515.502992,9.520300,
Mercury,Relay A,12600.312464,12609.097586,8.785122,
Mercury,Relay A,12693.745257,12701.987455,8.242198,
Mercury,Relay A,12786.374966,12794.205578,7.830612,
Mercury,Relay A,12878.379120,12885.867996,7.488876,
Mercury,Relay A,12969.930129,12977.125146,7.195017,
Mercury,Relay A,13061.173795,13068.126459,6.952664,
Mercury,Relay A,13152.232846,13159.009180,6.776334,
Mercury,Relay A,13243.215543,13249.902174,6.686631,
Mercury,Relay A,13334.223637,13340.935562,6.711926,
Mercury,Relay A,13425.358812,13432.250889,6.892076,
Mercury,Relay A,13516.728074,13524.005961,7.277887,
Mercury,Relay A,13608.449716,13616.364717,7.915002,
Mercury,Relay A,13700.660302,13709.460187,8.799885,
Mercury,Relay A,13793.514493,13803.329596,9.815103,
Mercury,Relay A,13887.156225,13897.851869,10.695643,
Mercury,Relay A,13981.634845,13992.745335,11.110490,
Mercury,Relay A,14076.773685,14087.653616,10.879930,
Mercury,Relay A,14172.102693,14182.260605,10.157912,
Mercury,Relay A,14267.023771,14276.343389,9.319617,
Mercury,Relay A,14361.131909,14369.765145,8.633236,
Mercury,Relay A,14454.350212,14462.480658,8.130445,
Mercury,Relay A,14546.806885,14554.547340,7.740456,
Mercury,Relay A,14638.683030,14646.094384,7.411354,
Mercury,Relay A,14730.144887,14737.274269,7.129382,
Mercury,Relay A,14821.331801,14828.233670,6.901869,
Mercury,Relay A,14912.362091,14919.107036,6.744945,
Mercury,Relay A,15003.341689,15010.022544,6.680855,
Mercury,Relay A,15094.371816,15101.112288,6.740473,
Mercury,Relay A,15185.554971,15192.521814,6.966844,
Mercury,Relay A,15277.000330,15284.412242,7.411912,
Mercury,Relay A,15368.830162,15376.944531,8.114369,
Mercury,Relay A,15461.186180,15470.234632,9.048451,
Mercury,Relay A,15554.224813,15564.284886,10.060074,
Mercury,Relay A,15648.076823,15658.930919,10.854095,
Mercury,Relay A,15742.747970,15753.861567,11.113598,
Mercury,Relay A,15837.988116,15848.720950,10.732834,
Mercury,Relay A,15933.269197,15943.214616,9.945419,
Mercury,Relay A,16028.012622,16037.142346,9.129725,
Mercury,Relay A,16121.895162,16130.388364,8.493202,
Mercury,Relay A,16214.907736,16222.933253,8.025517,
Mercury,Relay A,16307.202900,16314.856761,7.653861,
Mercury,Relay A,16398.961371,16406.298036,7.336664,
Mercury,Relay A,16490.342685,16497.409787,7.067102,
Mercury,Relay A,16581.480151,16588.335578,6.855427,
Mercury,Relay A,16672.488211,16679.207492,6.719281,
Mercury,Relay A,16763.470976,16770.153650,6.682674,
Mercury,Relay A,16854.529462,16861.308782,6.779320,
Mercury,Relay A,16945.767325,16952.822557,7.055232,
Mercury,Relay A,17037.296353,17044.858546,7.562193,
Mercury,Relay A,17129.243163,17137.571914,8.328751,
Mercury,Relay A,17221.754494,17231.057091,9.302597,
Mercury,Relay A,17314.986176,17325.277925,10.291749,
Mercury,Relay A,17409.049538,17420.027848,10.978311,
Mercury,Relay A,17503.897951,17514.973019,11.075068,
Mercury,Relay A,17599.205415,17609.765102,10.559688,
Mercury,Relay A,17694.400878,17704.133137,9.732259,
Mercury,Relay A,17788.946377,17797.898535,8.952158,
Mercury,Relay A,17882.603697,17890.967560,8.363863,
Mercury,Relay A,17975.420671,17983.347002,7.926332,
Mercury,Relay A,18067.565751,18075.136218,7.570467,
Mercury,Relay A,18159.216453,18166.481301,7.264849,
Mercury,Relay A,18250.525454,18257.533822,7.008368,
Mercury,Relay A,18341.620528,18348.434172,6.813643,
Mercury,Relay A,18432.612778,18439.312515,6.699738,
Mercury,Relay A,18523.604941,18530.297641,6.692699,
Mercury,Relay A,18614.698196,18621.527436,6.829240,
Mercury,Relay A,18705.997678,18713.155719,7.158041,
Mercury,Relay A,18797.618176,18805.347157,7.728980,
Mercury,Relay A,18889.691115,18898.247832,8.556717,
Mercury,Relay A,18982.367661,18991.926086,9.558425,
Mercury,Relay A,19075.799872,19086.304456,10.504583,
Mercury,Relay A,19170.072412,19181.136939,11.064528,
Mercury,Relay A,19265.077802,19276.074523,10.996721,
Mercury,Relay A,19360.415606,19370.782483,10.366877,
Mercury,Relay A,19455.490545,19465.013884,9.523338,
Mercury,Relay A,19549.823553,19558.611010,8.787457,
Mercury,Relay A,19643.259575,19651.503489,8.243915,
Mercury,Relay A,19735.891934,19743.723920,7.831985,
Mercury,Relay A,19827.898063,19835.388115,7.490052,
Mercury,Relay A,19919.450462,19926.646475,7.196012,
Mercury,Relay A,20010.695029,20017.648475,6.953445,
Mercury,Relay A,20101.754554,20108.531402,6.776848,
Mercury,Relay A,20192.737344,20199.424112,6.686769,
Mercury,Relay A,20283.745154,20290.456737,6.711582,
Mercury,Relay A,20374.879678,20381.770741,6.891064,
Mercury,Relay A,20466.247858,20473.523883,7.276025,
Mercury,Relay A,20557.967963,20565.880133,7.912169,
Mercury,Relay A,20650.176473,20658.972727,8.796254,
Mercury,Relay A,20743.027994,20752.839397,9.811403,
Mercury,Relay A,20836.666636,20847.359696,10.693060,
Mercury,Relay A,20931.142312,20942.252442,11.110130,
Mercury,Relay A,21026.279410,21037.161306,10.881896,
Mercury,Relay A,21121.608838,21131.769875,10.161036,
Mercury,Relay A,21216.532372,21225.854890,9.322518,
Mercury,Relay A,21310.643831,21319.279239,8.635407,
Mercury,Relay A,21403.865258,21411.997309,8.132051,
Mercury,Relay A,21496.324411,21504.066172,7.741760,
Mercury,Relay A,21588.202368,21595.614855,7.412487,
Mercury,Relay A,21679.665486,21686.795821,7.130335,
Mercury,Relay A,21770.853190,21777.755781,6.902591,
Mercury,Relay A,21861.883858,21868.629231,6.745374,
Mercury,Relay A,21952.863456,21959.544336,6.680881,
Mercury,Relay A,22043.893213,22050.633188,6.739975,
Mercury,Relay A,22135.075604,22142.041246,6.965642,
Mercury,Relay A,22226.519789,22233.929597,7.409808,
Mercury,Relay A,22318.347955,22326.459251,8.111297,
Mercury,Relay A,22410.701741,22419.746459,9.044718,
Mercury,Relay A,22503.737576,22513.794105,10.056529,
Mercury,Relay A,22597.586453,22608.438437,10.851984,
Mercury,Relay A,22692.254846,22703.368700,11.113854,
Mercury,Relay A,22787.493730,22798.228950,10.735220,
Mercury,Relay A,22882.775797,22892.724383,9.948586,
Mercury,Relay A,22977.522020,22986.654474,9.132454,
Mercury,Relay A,23071.407907,23079.903101,8.495193,
Mercury,Relay A,23164.423460,23172.450488,8.027028,
Mercury,Relay A,23256.720942,23264.376056,7.655114,
Mercury,Relay A,23348.481078,23355.818824,7.337746,
Mercury,Relay A,23439.863524,23446.931520,7.067995,
Mercury,Relay A,23531.001678,23537.857757,6.856078,
Mercury,Relay A,23622.010013,23628.729628,6.719615,
Mercury,Relay A,23712.992682,23719.675271,6.682589,
Mercury,Relay A,23804.050705,23810.829364,6.778659,
Mercury,Relay A,23895.287710,23902.341526,7.053816,
Mercury,Relay A,23986.815434,23994.375283,7.559850,
Mercury,Relay A,24078.760450,24087.085921,8.325471,
Mercury,Relay A,24171.269403,24180.568214,9.298812,
Mercury,Relay A,24264.498167,24274.786603,10.288436,
Mercury,Relay A,24358.558404,24369.535144,10.976740,
Mercury,Relay A,24453.404328,24464.480263,11.075934,
Mercury,Relay A,24548.711062,24559.273471,10.562408,
Mercury,Relay A,24643.908053,24653.643445,9.735392,
Mercury,Relay A,24738.456608,24747.411306,8.954699,
Mercury,Relay A,24832.117241,24840.482949,8.365708,
Mercury,Relay A,24924.937038,24932.864803,7.927765,
Mercury,Relay A,25017.084256,25024.655942,7.571686,
Mercury,Relay A,25108.736494,25116.002374,7.265880,
Mercury,Relay A,25200.046499,25207.055717,7.009218,
Mercury,Relay A,25291.142149,25297.956376,6.814227,
Mercury,Relay A,25382.134587,25388.834574,6.699986,
Mercury,Relay A,25473.126571,25479.819064,6.692493,
Mercury,Relay A,25564.219259,25571.047675,6.828416,
Mercury,Relay A,25655.517780,25662.674190,7.156409,
Mercury,Relay A,25747.136870,25754.863250,7.726379,
Mercury,Relay A,25839.207861,25847.761120,8.553259,
Mercury,Relay A,25931.881892,25941.436532,9.554640,
Mercury,Relay A,26025.311090,26035.812678,10.501588,
Mercury,Relay A,26119.580557,26130.644097,11.063540,
Mercury,Relay A,26214.583793,26225.581956,10.998163,
Mercury,Relay A,26309.921426,26320.291272,10.369846,
Mercury,Relay A,26404.998390,26414.524776,9.526385,
Mercury,Relay A,26499.334625,26508.124434,8.789808,
Mercury,Relay A,26592.773883,26601.019514,8.245631,
Mercury,Relay A,26685.408895,26693.242245,7.833350,
Mercury,Relay A,26777.417006,26784.908225,7.491220,
Mercury,Relay A,26868.970796,26876.167804,7.197008,
Mercury,Relay A,26960.216255,26967.170490,6.954235,
Mercury,Relay A,27051.276269,27058.053615,6.777346,
Mercury,Relay A,27142.259146,27148.946059,6.686913,
Mercury,Relay A,27233.266682,27239.977911,6.711229,
Mercury,Relay A,27324.400543,27331.290603,6.890059,
Mercury,Relay A,27415.767652,27423.041813,7.274161,
Mercury,Relay A,27507.486228,27515.395556,7.909328,
Mercury,Relay A,27599.692652,27608.485284,8.792632,
Mercury,Relay A,27692.541512,27702.349208,9.807695,
Mercury,Relay A,27786.177065,27796.867533,10.690468,
Mercury,Relay A,27880.649788,27891.759549,11.109761,
Mercury,Relay A,27975.785144,27986.668980,10.883836,
Mercury,Relay A,28071.114984,28081.279127,10.164144,
Mercury,Relay A,28166.040955,28175.366383,9.325428,
Mercury,Relay A,28260.155745,28268.793315,8.637570,
Mercury,Relay A,28353.380287,28361.513944,8.133657,
Mercury,Relay A,28445.841929,28453.584994,7.743065,
Mercury,Relay A,28537.721714,28545.135325,7.413611,
Mercury,Relay A,28629.186086,28636.317373,7.131288,
Mercury,Relay A,28720.374579,28727.277891,6.903312,
Mercury,Relay A,28811.405624,28818.151427,6.745803,
Mercury,Relay A,28902.385231,28909.066137,6.680906,
Mercury,Relay A,28993.414611,29000.154097,6.739486,
Mercury,Relay A,29084.596238,29091.560687,6.964449,
Mercury,Relay A,29176.039247,29183.446952,7.407705,
Mercury,Relay A,29267.865747,29275.973980,8.108232,
Mercury,Relay A,29360.217311,29369.258287,9.040977,
Mercury,Relay A,29453.250347,29463.303323,10.052976,
Mercury,Relay A,29547.096092,29557.945965,10.849873,
Mercury,Relay A,29641.761729,29652.875841,11.114112,
Mercury,Relay A,29736.999343,29747.736940,10.737597,
Mercury,Relay A,29832.282389,29842.234151,9.951762,
Mercury,Relay A,29927.031402,29936.166594,9.135192,
Mercury,Relay A,30020.920645,30029.417838,8.497193,
Mercury,Relay A,30113.939176,30121.967714,8.028539,
Mercury,Relay A,30206.238966,30213.895342,7.656376,
Mercury,Relay A,30298.000786,30305.339612,7.338826,
Mercury,Relay A,30389.384364,30396.453260,7.068896,
Mercury,Relay A,30480.523196,30487.379935,6.856739,
Mercury,Relay A,30571.531814,30578.251773,6.719959,
Mercury,Relay A,30662.514390,30669.196900,6.682510,
Mercury,Relay A,30753.571948,30760.349963,6.778015,
Mercury,Relay A,30844.808095,30851.860503,7.052408,
Mercury,Relay A,30936.334531,30943.892037,7.557507,
Mercury,Relay A,31028.277745,31036.599937,8.322192,
Mercury,Relay A,31120.784328,31130.079347,9.295018,
Mercury,Relay A,31214.010176,31224.295298,10.285122,
Mercury,Relay A,31308.067287,31319.042439,10.975152,
Mercury,Relay A,31402.910706,31413.987507,11.076801,
Mercury,Relay A,31498.216702,31508.781831,10.565129,
Mercury,Relay A,31593.415220,31603.153753,9.738533,
Mercury,Relay A,31687.966822,31696.924061,8.957239,
Mercury,Relay A,31781.630776,31789.998330,8.367554,
Mercury,Relay A,31874.453389,31882.382587,7.929198,
Mercury,Relay A,31966.602761,31974.175657,7.572896,
Mercury,Relay A,32058.256519,32065.523454,7.266934,
Mercury,Relay A,32149.567545,32156.577604,7.010059,
Mercury,Relay A,32240.663778,32247.478589,6.814811,
Mercury,Relay A,32331.656405,32338.356632,6.700227,
Mercury,Relay A,32422.648200,32429.340479,6.692279,
Mercury,Relay A,32513.740331,32520.567923,6.827592,
Mercury,Relay A,32605.037882,32612.192669,7.154787,
Mercury,Relay A,32696.655564,32704.379360,7.723796,
Mercury,Relay A,32788.724624,32797.274406,8.549783,
Mercury,Relay A,32881.396132,32890.946986,9.550855,
Mercury,Relay A,32974.822309,32985.320901,10.498592,
Mercury,Relay A,33069.088711,33080.151256,11.062545,
Mercury,Relay A,33164.089784,33175.089380,10.999597,
Mercury,Relay A,33259.427245,33269.800053,10.372808,
Mercury,Relay A,33354.506219,33364.035659,9.529440,
Mercury,Relay A,33448.845689,33457.637840,8.792151,
Mercury,Relay A,33542.288182,33550.535530,8.247348,
Mercury,Relay A,33634.925846,33642.760571,7.834724,
Mercury,Relay A,33726.935940,33734.428335,7.492395,
Mercury,Relay A,33818.491120,33825.689133,7.198012,
Mercury,Relay A,33909.737490,33916.692506,6.955016,
Mercury,Relay A,34000.797976,34007.575828,6.777852,
Mercury,Relay A,34091.780947,34098.468006,6.687059,
Mercury,Relay A,34182.788208,34189.499094,6.710886,
Mercury,Relay A,34273.921409,34280.810464,6.889055,
Mercury,Relay A,34365.287453,34372.559760,7.272307,
Mercury,Relay A,34457.004485,34464.910989,7.906504,
Mercury,Relay A,34549.208839,34557.997849,8.789010,
Mercury,Relay A,34642.055039,34651.859027,9.803988,
Mercury,Relay A,34735.687493,34746.375369,10.687876,
Mercury,Relay A,34830.157272,34841.266656,11.109384,
Mercury,Relay A,34925.290877,34936.176661,10.885784,
Mercury,Relay A,35020.621120,35030.788380,10.167259,
Mercury,Relay A,35115.549538,35124.877867,9.328329,
Mercury,Relay A,35209.667649,35218.307383,8.639733,
Mercury,Relay A,35302.895316,35311.030578,8.135262,
Mercury,Relay A,35395.359439,35403.103817,7.744378,
Mercury,Relay A,35487.241043,35494.655787,7.414744,
Mercury,Relay A,35578.706676,35585.838917,7.132240,
Mercury,Relay A,35669.895968,35676.800001,6.904033,
Mercury,Relay A,35760.927391,35767.673615,6.746223,
Mercury,Relay A,35851.906998,35858.587947,6.680949,
Mercury,Relay A,35942.936008,35949.675005,6.738997,
Mercury,Relay A,36034.116889,36041.080128,6.963239,
Mercury,Relay A,36125.558704,36132.964315,7.405611,
Mercury,Relay A,36217.383549,36225.488717,8.105168,
Mercury,Relay A,36309.732889,36318.770141,9.037251,
Mercury,Relay A,36402.763128,36412.812550,10.049421,
Mercury,Relay A,36496.605748,36507.453492,10.847744,
Mercury,Relay A,36591.268621,36602.382974,11.114352,
Mercury,Relay A,36686.504957,36697.244931,10.739974,
Mercury,Relay A,36781.788980,36791.743901,9.954921,
Mercury,Relay A,36876.540774,36885.678696,9.137921,
Mercury,Relay A,36970.433373,36978.932558,8.499185,
Mercury,Relay A,37063.454883,37071.484932,8.030049,
Mercury,Relay A,37155.756991,37163.414628,7.657637,
Mercury,Relay A,37247.520475,37254.860400,7.339925,
Mercury,Relay A,37338.905195,37345.974984,7.069789,
Mercury,Relay A,37430.044714,37436.902105,6.857391,
Mercury,Relay A,37521.053615,37527.773909,6.720294,
Mercury,Relay A,37612.036105,37618.718530,6.682425,
Mercury,Relay A,37703.093200,37709.870554,6.777354,
Mercury,Relay A,37794.328488,37801.379489,7.051001,
Mercury,Relay A,37885.853628,37893.408792,7.555163,
Mercury,Relay A,37977.795049,37986.113962,8.318913,
Mercury,Relay A,38070.299254,38079.590496,9.291242,
Mercury,Relay A,38163.522192,38173.803992,10.281800,
Mercury,Relay A,38257.576180,38268.549744,10.973564,
Mercury,Relay A,38352.417100,38363.494742,11.077642,
Mercury,Relay A,38447.722341,38458.290191,10.567850,
Mercury,Relay A,38542.922379,38552.664053,9.741674,
Mercury,Relay A,38637.477027,38646.436807,8.959780,
Mercury,Relay A,38731.144303,38739.513703,8.369400,
Mercury,Relay A,38823.969740,38831.900372,7.930632,
Mercury,Relay A,38916.121258,38923.695364,7.574106,
Mercury,Relay A,39007.776552,39015.044517,7.267964,
Mercury,Relay A,39099.088591,39106.099491,7.010900,
Mercury,Relay A,39190.185399,39197.000803,6.815404,
Mercury,Relay A,39281.178215,39287.878691,6.700476,
Mercury,Relay A,39372.169829,39378.861911,6.692081,
Mercury,Relay A,39463.261403,39470.088179,6.826776,
Mercury,Relay A,39554.558001,39561.711148,7.153148,
Mercury,Relay A,39646.174258,39653.895471,7.721212,
Mercury,Relay A,39738.241395,39746.787710,8.546315,
Mercury,Relay A,39830.910379,39840.457458,9.547078,
Mercury,Relay A,39924.333544,39934.829132,10.495588,
Mercury,Relay A,40018.596873,40029.658414,11.061541,
Mercury,Relay A,40113.595792,40124.596805,11.001013,
Mercury,Relay A,40208.933064,40219.308833,10.375769,
Mercury,Relay A,40304.014047,40313.546525,9.532478,
Mercury,Relay A,40398.356735,40407.151238,8.794503,
Mercury,Relay A,40491.802473,40500.051538,8.249064,
Mercury,Relay A,40584.442798,40592.278878,7.836081,
Mercury,Relay A,40676.454874,40683.948437,7.493563,
Mercury,Relay A,40768.011446,40775.210453,7.199007,
Mercury,Relay A,40859.258717,40866.214521,6.955805,
Mercury,Relay A,40950.319682,40957.098049,6.778367,
Mercury,Relay A,41041.302748,41047.989953,6.687205,
Mercury,Relay A,41132.309734,41139.020278,6.710544,
Mercury,Relay A,41223.442283,41230.330334,6.888051,
Mercury,Relay A,41314.807262,41322.077707,7.270445,
Mercury,Relay A,41406.522758,41414.426438,7.903680,
Mercury,Relay A,41498.725036,41507.510433,8.785398,
Mercury,Relay A,41591.568575,41601.368855,9.800280,
Mercury,Relay A,41685.197939,41695.883214,10.685275,
Mercury,Relay A,41779.664774,41790.773763,11.108989,
Mercury,Relay A,41874.796619,41885.684326,10.887707,
Mercury,Relay A,41970.127249,41980.297615,10.170366,
Mercury,Relay A,42065.058104,42074.389342,9.331239,
Mercury,Relay A,42159.179537,42167.821433,8.641896,
Mercury,Relay A,42252.410328,42260.547194,8.136867,
Mercury,Relay A,42344.876940,42352.622631,7.745691,
Mercury,Relay A,42436.760373,42444.176241,7.415868,
Mercury,Relay A,42528.227267,42535.360460,7.133193,
Mercury,Relay A,42619.417349,42626.322111,6.904762,
Mercury,Relay A,42710.449158,42717.195810,6.746653,
Mercury,Relay A,42801.428764,42808.109748,6.680984,
Mercury,Relay A,42892.457406,42899.195913,6.738507,
Mercury,Relay A,42983.637531,42990.599577,6.962046,
Mercury,Relay A,43075.078179,43082.481696,7.403517,
Mercury,Relay A,43166.901350,43175.003472,8.102122,
Mercury,Relay A,43259.248476,43268.281994,9.033518,
Mercury,Relay A,43352.275926,43362.321794,10.045868,
Mercury,Relay A,43446.115404,43456.961028,10.845624,
Mercury,Relay A,43540.775522,43551.890106,11.114584,
Mercury,Relay A,43636.010571,43646.752914,10.742344,
Mercury,Relay A,43731.295564,43741.253653,9.958089,
Mercury,Relay A,43826.050138,43835.190789,9.140651,
Mercury,Relay A,43919.946085,43928.447278,8.501193,
Mercury,Relay A,44012.970581,44021.002151,8.031569,
Mercury,Relay A,44105.275007,44112.933906,7.658898,
Mercury,Relay A,44197.040174,44204.381180,7.341006,
Mercury,Relay A,44288.426026,44295.496716,7.070690,
Mercury,Relay A,44379.566223,44386.424275,6.858052,
Mercury,Relay A,44470.575416,44477.296053,6.720637,
Mercury,Relay A,44561.557820,44568.240168,6.682347,
Mercury,Relay A,44652.614443,44659.391162,6.776719,
Mercury,Relay A,44743.848882,44750.898475,7.049593,
Mercury,Relay A,44835.372725,44842.925563,7.552837,
Mercury,Relay A,44927.312361,44935.628004,8.315643,
Mercury,Relay A,45019.814198,45029.101645,9.287448,
Mercury,Relay A,45113.034217,45123.312704,10.278487,
Mercury,Relay A,45207.085080,45218.057048,10.971968,
Mercury,Relay A,45301.923494,45313.001979,11.078485,
Mercury,Relay A,45397.227980,45407.798542,10.570562,
Mercury,Relay A,45492.429528,45502.174344,9.744816,
Mercury,Relay A,45586.987215,45595.949544,8.962329,
Mercury,Relay A,45680.657813,45689.029067,8.371254,
Mercury,Relay A,45773.486082,45781.418147,7.932065,
Mercury,Relay A,45865.639746,45873.215071,7.575325,
Mercury,Relay A,45957.296568,45964.565588,7.269020,
Mercury,Relay A,46048.609628,46055.621378,7.011750,
Mercury,Relay A,46139.707020,46146.523007,6.815988,
Mercury,Relay A,46230.700033,46237.400749,6.700716,
Mercury,Relay A,46321.691467,46328.383334,6.691867,
Mercury,Relay A,46412.782475,46419.608435,6.825960,
Mercury,Relay A,46504.078111,46511.229645,7.151534,
Mercury,Relay A,46595.692969,46603.411598,7.718629,
Mercury,Relay A,46687.758167,46696.301031,8.542864,
Mercury,Relay A,46780.424644,46789.967937,9.543293,
Mercury,Relay A,46873.844788,46884.337380,10.492593,
Mercury,Relay A,46968.105053,46979.165581,11.060528,
Mercury,Relay A,47063.101791,47074.104220,11.002429,
Mercury,Relay A,47158.438875,47168.817605,10.378730,
Mercury,Relay A,47253.521857,47263.057391,9.535534,
Mercury,Relay A,47347.867764,47356.664628,8.796864,
Mercury,Relay A,47441.316747,47449.567536,8.250790,
Mercury,Relay A,47533.959732,47541.797186,7.837454,
Mercury,Relay A,47625.973800,47633.468530,7.494730,
Mercury,Relay A,47717.531762,47724.731773,7.200011,
Mercury,Relay A,47808.779934,47815.736528,6.956594,
Mercury,Relay A,47899.841389,47906.620262,6.778873,
Mercury,Relay A,47990.824557,47997.511901,6.687344,
Mercury,Relay A,48081.831269,48088.541470,6.710200,
Mercury,Relay A,48172.963157,48179.850212,6.887055,
Mercury,Relay A,48264.327072,48271.595663,7.268591,
Mercury,Relay A,48356.041040,48363.941888,7.900847,
Mercury,Relay A,48448.241241,48457.023016,8.781775,
Mercury,Relay A,48541.082119,48550.878691,9.796572,
Mercury,Relay A,48634.708402,48645.391059,10.682657,
Mercury,Relay A,48729.172276,48740.280861,11.108585,
Mercury,Relay A,48824.302361,48835.191999,10.889638,
Mercury,Relay A,48919.633377,48929.806850,10.173473,
Mercury,Relay A,49014.566652,49023.900801,9.334148,
Mercury,Relay A,49108.691416,49117.335484,8.644068,
Mercury,Relay A,49201.925331,49210.063811,8.138480,
Mercury,Relay A,49294.394432,49302.141437,7.747005,
Mercury,Relay A,49386.279694,49393.696694,7.417001,
Mercury,Relay A,49477.747858,49484.881995,7.134137,
Mercury,Relay A,49568.938729,49575.844213,6.905483,
Mercury,Relay A,49659.970924,49666.718006,6.747082,
Mercury,Relay A,49750.950540,49757.631557,6.681018,
Mercury,Relay A,49841.978812,49848.716830,6.738018,
Mercury,Relay A,49933.158182,49940.119035,6.960853,
Mercury,Relay A,50024.597654,50031.999077,7.401423,
Mercury,Relay A,50116.419168,50124.518227,8.099058,
Mercury,Relay A,50208.764072,50217.793864,9.029792,
Mercury,Relay A,50301.788732,50311.831038,10.042306,
Mercury,Relay A,50395.625086,50406.468564,10.843478,
Mercury,Relay A,50490.282432,50501.397239,11.114807,
Mercury,Relay A,50585.516192,50596.260888,10.744696,
Mercury,Relay A,50680.802138,50690.763394,9.961256,
Mercury,Relay A,50775.559485,50784.702883,9.143397,
Mercury,Relay A,50869.458788,50877.961981,8.503193,
Mercury,Relay A,50962.486271,50970.519351,8.033080,
Mercury,Relay A,51054.793015,51062.453175,7.660160,
Mercury,Relay A,51146.559855,51153.901951,7.342096,
Mercury,Relay A,51237.946849,51245.018441,7.071592,
Mercury,Relay A,51329.087741,51335.946454,6.858713,
Mercury,Relay A,51420.097217,51426.818197,6.720981,
Mercury,Relay A,51511.079535,51517.761798,6.682262,
Mercury,Relay A,51602.135703,51608.911770,6.776067,
Mercury,Relay A,51693.369275,51700.417478,7.048203,
Mercury,Relay A,51784.891840,51792.442334,7.550494,
Mercury,Relay A,51876.829673,51885.142055,8.312382,
Mercury,Relay A,51969.329149,51978.612812,9.283663,
Mercury,Relay A,52062.546259,52072.821416,10.275157,
Mercury,Relay A,52156.593989,52167.564352,10.970363,
Mercury,Relay A,52251.429897,52262.509223,11.079326,
Mercury,Relay A,52346.733619,52357.306885,10.573266,
Mercury,Relay A,52441.936661,52451.684627,9.747966,
Mercury,Relay A,52536.497395,52545.462273,8.964878,
Mercury,Relay A,52630.171314,52638.544414,8.373099,
Mercury,Relay A,52723.002408,52730.935914,7.933506,
Mercury,Relay A,52815.158225,52822.734769,7.576544,
Mercury,Relay A,52906.816584,52914.086651,7.270067,
Mercury,Relay A,52998.130665,53005.143265,7.012600,
Mercury,Relay A,53089.228641,53096.045220,6.816580,
Mercury,Relay A,53180.221843,53186.922808,6.700965,
Mercury,Relay A,53271.213097,53277.904766,6.691669,
Mercury,Relay A,53362.303555,53369.128699,6.825145,
Mercury,Relay A,53453.598229,53460.748141,7.149912,
Mercury,Relay A,53545.211680,53552.927734,7.716054,
Mercury,Relay A,53637.274947,53645.814352,8.539405,
Mercury,Relay A,53729.938918,53739.478417,9.539499,
Mercury,Relay A,53823.356049,53833.845620,10.489572,
Mercury,Relay A,53917.613241,53928.672748,11.059506,
Mercury,Relay A,54012.607800,54023.611636,11.003837,
Mercury,Relay A,54107.944677,54118.326368,10.381691,
Mercury,Relay A,54203.029659,54212.568249,9.538589,
Mercury,Relay A,54297.378794,54306.178009,8.799215,
Mercury,Relay A,54390.831012,54399.083518,8.252506,
Mercury,Relay A,54483.476658,54491.315485,7.838827,
Mercury,Relay A,54575.492717,54582.988623,7.495906,
Mercury,Relay A,54667.052078,54674.253095,7.201016,
Mercury,Relay A,54758.301160,54765.258536,6.957376,
Mercury,Relay A,54849.363087,54856.142484,6.779397,
Mercury,Relay A,54940.346358,54947.033856,6.687498,
Mercury,Relay A,55031.352796,55038.062661,6.709866,
Mercury,Relay A,55122.484039,55129.370090,6.886051,
Mercury,Relay A,55213.846882,55221.113627,7.266746,
Mercury,Relay A,55305.559322,55313.457355,7.898032,
Mercury,Relay A,55397.757455,55406.535616,8.778161,
Mercury,Relay A,55490.595680,55500.388535,9.792855,
Mercury,Relay A,55584.218864,55594.898912,10.680048,
Mercury,Relay A,55678.679786,55689.787968,11.108182,
Mercury,Relay A,55773.808104,55784.699656,10.891552,
Mercury,Relay A,55869.139497,55879.316077,10.176580,
Mercury,Relay A,55964.075201,55973.412259,9.337058,
Mercury,Relay A,56058.203278,56066.849525,8.646248,
Mercury,Relay A,56151.440317,56159.580411,8.140094,
Mercury,Relay A,56243.911916,56251.660233,7.748318,
Mercury,Relay A,56335.799014,56343.217148,7.418134,
Mercury,Relay A,56427.268441,56434.403530,7.135089,
Mercury,Relay A,56518.460110,56525.366323,6.906213,
Mercury,Relay A,56609.492682,56616.240202,6.747519,
Mercury,Relay A,56700.472306,56707.153367,6.681061,
Mercury,Relay A,56791.500218,56798.237747,6.737529,
Mercury,Relay A,56882.678833,56889.638493,6.959660,
Mercury,Relay A,56974.117129,56981.516467,7.399338,
Mercury,Relay A,57065.936987,57074.032998,8.096011,
Mercury,Relay A,57158.279676,57167.305743,9.026067,
Mercury,Relay A,57251.301546,57261.340299,10.038753,
Mercury,Relay A,57345.134768,57355.976100,10.841332,
Mercury,Relay A,57439.789341,57450.904363,11.115022,
Mercury,Relay A,57535.021806,57545.768862,10.747056,
Mercury,Relay A,57630.308696,57640.273128,9.964432,
Mercury,Relay A,57725.068824,57734.214959,9.146135,
Mercury,Relay A,57818.971474,57827.476675,8.505201,
Mercury,Relay A,57912.001945,57920.036543,8.034598,
Mercury,Relay A,58004.311013,58011.972435,7.661422,
Mercury,Relay A,58096.079535,58103.422722,7.343186,
Mercury,Relay A,58187.467671,58194.540165,7.072494,
Mercury,Relay A,58278.609250,58285.468624,6.859374,
Mercury,Relay A,58369.619018,58376.340342,6.721324,
Mercury,Relay A,58460.601251,58467.283436,6.682185,
Mercury,Relay A,58551.656955,58558.432386,6.775432,
Mercury,Relay A,58642.889677,58649.936481,7.046803,
Mercury,Relay A,58734.410954,58741.959123,7.548168,
Mercury,Relay A,58826.347002,58834.656114,8.309112,
Mercury,Relay A,58918.844110,58928.123987,9.279878,
Mercury,Relay A,59012.058310,59022.330136,10.271827,
Mercury,Relay A,59106.102916,59117.071665,10.968749,
Mercury,Relay A,59200.936309,59212.016450,11.080141,
Mercury,Relay A,59296.239258,59306.815228,10.575970,
Mercury,Relay A,59391.443793,59401.194892,9.751099,
Mercury,Relay A,59486.007566,59494.974993,8.967426,
Mercury,Relay A,59579.684798,59588.059760,8.374962,
Mercury,Relay A,59672.518733,59680.453672,7.934939,
Mercury,Relay A,59764.676696,59772.254459,7.577764,
Mercury,Relay A,59856.336599,59863.607705,7.271106,
Mercury,Relay A,59947.651702,59954.665143,7.013441,
Mercury,Relay A,60038.750261,60045.567425,6.817163,
Mercury,Relay A,60129.743661,60136.444875,6.701214,
Mercury,Relay A,60220.734735,60227.426198,6.691463,
Mercury,Relay A,60311.824635,60318.648964,6.824329,
Mercury,Relay A,60403.118357,60410.266656,7.148299,
Mercury,Relay A,60494.730400,60502.443879,7.713479,
Mercury,Relay A,60586.791744,60595.327690,8.535946,
Mercury,Relay A,60679.453200,60688.988914,9.535714,
Mercury,Relay A,60772.867318,60783.353877,10.486559,
Mercury,Relay A,60867.121438,60878.179906,11.058468,
Mercury,Relay A,60962.113816,60973.119043,11.005227,
Mercury,Relay A,61057.450480,61067.835123,10.384644,
Mercury,Relay A,61152.537453,61162.079089,9.541636,
Mercury,Relay A,61246.889797,61255.691381,8.801584,
Mercury,Relay A,61340.345268,61348.599500,8.254231,
Mercury,Relay A,61432.993584,61440.833776,7.840192,
Mercury,Relay A,61525.011626,61532.508708,7.497082,
Mercury,Relay A,61616.572394,61623.774406,7.202012,
Mercury,Relay A,61707.822377,61714.780543,6.958166,
Mercury,Relay A,61798.884793,61805.664697,6.779903,
Mercury,Relay A,61889.868159,61896.555812,6.687653,
Mercury,Relay A,61980.874331,61987.583853,6.709522,
Mercury,Relay A,62072.004914,62078.889977,6.885063,
Mercury,Relay A,62163.366700,62170.631600,7.264900,
Mercury,Relay A,62255.077613,62262.972830,7.895217,
Mercury,Relay A,62347.273677,62356.048224,8.774548,
Mercury,Relay A,62440.109250,62449.898397,9.789147,
Mercury,Relay A,62533.729353,62544.406775,10.677422,
Mercury,Relay A,62628.187313,62639.295074,11.107761,
Mercury,Relay A,62723.313846,62734.207320,10.893475,
Mercury,Relay A,62818.645608,62828.825304,10.179696,
Mercury,Relay A,62913.583733,62922.923700,9.339968,
Mercury,Relay A,63007.715122,63016.363550,8.648428,
Mercury,Relay A,63100.955303,63109.097002,8.141699,
Mercury,Relay A,63193.429391,63201.179022,7.749631,
Mercury,Relay A,63285.318326,63292.737593,7.419267,
Mercury,Relay A,63376.789023,63383.925065,7.136042,
Mercury,Relay A,63467.981482,63474.888424,6.906942,
Mercury,Relay A,63559.014450,63565.762399,6.747949,
Mercury,Relay A,63649.994081,63656.675185,6.681104,
Mercury,Relay A,63741.021626,63747.758674,6.737048,
Mercury,Relay A,63832.199492,63839.157968,6.958475,
Mercury,Relay A,63923.636613,63931.033874,7.397261,
Mercury,Relay A,64015.454823,64023.547787,8.092964,
Mercury,Relay A,64107.795289,64116.817631,9.022342,
Mercury,Relay A,64200.814378,64210.849560,10.035182,
Mercury,Relay A,64294.644466,64305.483644,10.839178,
Mercury,Relay A,64389.296268,64400.411495,11.115228,
Mercury,Relay A,64484.527428,64495.276835,10.749408,
Mercury,Relay A,64579.815262,64589.782852,9.967590,
Mercury,Relay A,64674.578154,64683.727027,9.148873,
Mercury,Relay A,64768.484151,64776.991361,8.507210,
Mercury,Relay A,64861.517609,64869.553735,8.036126,
Mercury,Relay A,64953.829003,64961.491687,7.662683,
Mercury,Relay A,65045.599216,65052.943484,7.344268,
Mercury,Relay A,65136.988494,65144.061889,7.073395,
Mercury,Relay A,65228.130759,65234.990794,6.860035,
Mercury,Relay A,65319.140819,65325.862486,6.721667,
Mercury,Relay A,65410.122966,65416.805082,6.682117,
Mercury,Relay A,65501.178215,65507.953003,6.774788,
Mercury,Relay A,65592.410088,65599.455492,7.045404,
Mercury,Relay A,65683.930069,65691.475911,7.545842,
Mercury,Relay A,65775.864331,65784.170181,8.305850,
Mercury,Relay A,65868.359087,65877.635171,9.276084,
Mercury,Relay A,65961.570369,65971.838865,10.268497,
Mercury,Relay A,66055.611851,66066.578978,10.967127,
Mercury,Relay A,66150.442729,66161.523685,11.080956,
Mercury,Relay A,66245.744888,66256.323562,10.578673,
Mercury,Relay A,66340.950917,66350.705157,9.754240,
Mercury,Relay A,66435.517720,66444.487704,8.969984,
Mercury,Relay A,66529.198274,66537.575089,8.376816,
Mercury,Relay A,66622.035041,66629.971422,7.936381,
Mercury,Relay A,66714.195167,66721.774149,7.578982,
Mercury,Relay A,66805.856606,66813.128759,7.272153,
Mercury,Relay A,66897.172730,66904.187021,7.014291,
Mercury,Relay A,66988.271883,66995.089638,6.817755,
Mercury,Relay A,67079.265471,67085.966942,6.701470,
Mercury,Relay A,67170.256373,67176.947639,6.691265,
Mercury,Relay A,67261.345723,67268.169237,6.823514,
Mercury,Relay A,67352.638484,67359.785170,7.146686,
Mercury,Relay A,67444.249120,67451.960032,7.710913,
Mercury,Relay A,67536.308541,67544.841037,8.532495,
Mercury,Relay A,67628.967491,67638.499429,9.531938,
Mercury,Relay A,67722.378596,67732.862134,10.483538,
Mercury,Relay A,67816.629643,67827.687073,11.057429,
Mercury,Relay A,67911.619842,67922.626459,11.006618,
Mercury,Relay A,68006.956282,68017.343878,10.387596,
Mercury,Relay A,68102.045238,68111.589930,9.544692,
Mercury,Relay A,68196.400801,68205.204745,8.803945,
Mercury,Relay A,68289.859508,68298.115473,8.255965,
Mercury,Relay A,68382.510493,68390.352057,7.841564,
Mercury,Relay A,68474.530526,68482.028792,7.498266,
Mercury,Relay A,68566.092702,68573.295710,7.203008,
Mercury,Relay A,68657.343595,68664.302550,6.958956,
Mercury,Relay A,68748.406491,68755.186910,6.780418,
Mercury,Relay A,68839.389969,68846.077767,6.687799,
Mercury,Relay A,68930.395865,68937.105053,6.709188,
Mercury,Relay A,69021.525805,69028.409873,6.884068,
Mercury,Relay A,69112.886527,69120.149582,7.263055,
Mercury,Relay A,69204.595912,69212.488314,7.892402,
Mercury,Relay A,69296.789907,69305.560850,8.770943,
Mercury,Relay A,69389.622828,69399.408259,9.785431,
Mercury,Relay A,69483.239841,69493.914637,10.674795,
Mercury,Relay A,69577.694849,69588.802181,11.107332,
Mercury,Relay A,69672.819596,69683.714976,10.895380,
Mercury,Relay A,69768.151719,69778.334514,10.182795,
Mercury,Relay A,69863.092247,69872.435142,9.342895,
Mercury,Relay A,69957.226967,69965.877575,8.650608,
Mercury,Relay A,70050.470272,70058.613593,8.143321,
Mercury,Relay A,70142.946857,70150.697802,7.750944,
Mercury,Relay A,70234.837629,70242.258030,7.420401,
Mercury,Relay A,70326.309597,70333.446591,7.136994,
Mercury,Relay A,70417.502863,70424.410525,6.907662,
Mercury,Relay A,70508.536217,70515.284595,6.748378,
Mercury,Relay A,70599.515849,70606.197003,6.681154,
Mercury,Relay A,70690.543032,70697.279608,6.736576,
Mercury,Relay A,70781.720152,70788.677443,6.957291,
Mercury,Relay A,70873.156105,70880.551280,7.395175,
Mercury,Relay A,70964.972658,70973.062575,8.089917,
Mercury,Relay A,71057.310919,71066.329527,9.018608,
Mercury,Relay A,71150.327218,71160.358829,10.031611,
Mercury,Relay A,71244.154174,71254.991198,10.837024,
Mercury,Relay A,71338.803203,71349.918628,11.115425,
Mercury,Relay A,71434.033041,71444.784792,10.751751,
Mercury,Relay A,71529.321811,71539.292568,9.970757,
Mercury,Relay A,71624.087466,71633.239086,9.151620,
Mercury,Relay A,71717.996811,71726.506030,8.509219,
Mercury,Relay A,71811.033273,71819.070910,8.037637,
Mercury,Relay A,71903.346985,71911.010940,7.663955,
Mercury,Relay A,71995.118880,72002.464247,7.345366,
Mercury,Relay A,72086.509309,72093.583612,7.074304,
Mercury,Relay A,72177.652268,72184.512965,6.860697,
Mercury,Relay A,72268.662620,72275.384630,6.722011,
Mercury,Relay A,72359.644681,72366.326720,6.682039,
Mercury,Relay A,72450.699475,72457.473619,6.774144,
Mercury,Relay A,72541.930498,72548.974512,7.044014,
Mercury,Relay A,72633.449201,72640.992717,7.543516,
Mercury,Relay A,72725.381669,72733.684258,8.302588,
Mercury,Relay A,72817.874064,72827.146363,9.272299,
Mercury,Relay A,72911.082445,72921.347603,10.265158,
Mercury,Relay A,73005.120794,73016.086299,10.965505,
Mercury,Relay B,21.908886,30.574540,8.665654,
Mercury,Relay B,115.173769,123.328214,8.154445,
Mercury,Relay B,207.667581,215.427571,7.759991,
Mercury,Relay B,299.571021,306.999223,7.428202,
Mercury,Relay B,391.051769,398.195338,7.143569,
Mercury,Relay B,482.250562,489.163255,6.912693,
Mercury,Relay B,573.286620,580.038011,6.751390,
Mercury,Relay B,664.266364,670.947853,6.681489,
Mercury,Relay B,755.291092,762.024424,6.733332,
Mercury,Relay B,846.463097,853.412336,6.949240,
Mercury,Relay B,937.891059,945.272046,7.380987,
Mercury,Relay B,1029.696300,1037.765403,8.069103,
Mercury,Relay B,1122.019428,1131.012493,8.993065,
Mercury,Relay B,1215.016647,1225.023685,10.007038,
Mercury,Relay B,1308.822120,1319.644097,10.821978,
Mercury,Relay B,1403.451990,1414.568506,11.116516,
Mercury,Relay B,1498.672602,1509.440300,10.767698,
Mercury,Relay B,1593.967543,1603.960041,9.992498,
Mercury,Relay B,1688.752056,1697.922610,9.170554,
Mercury,Relay B,1782.684421,1791.207518,8.523097,
Mercury,Relay B,1875.741498,1883.789607,8.048109,
Mercury,Relay B,1968.071270,1975.743918,7.672648,
Mercury,Relay B,2059.854804,2067.207672,7.352868,
Mercury,Relay B,2151.253146,2158.333673,7.080526,
Mercury,Relay B,2242.400895,2249.266167,6.865272,
Mercury,Relay B,2333.413298,2340.137720,6.724422,
Mercury,Relay B,2424.394827,2431.076411,6.681584,
Mercury,Relay B,2515.446514,2522.216350,6.769835,
Mercury,Relay B,2606.671735,2613.706282,7.034547,
Mercury,Relay B,2698.181665,2705.709329,7.527663,
Mercury,Relay B,2790.101929,2798.382210,8.280281,
Mercury,Relay B,2882.578171,2891.824480,9.246309,
Mercury,Relay B,2975.766630,2986.008751,10.242121,
Mercury,Relay B,3069.783479,3080.737567,10.954088,
Mercury,Relay B,3164.594401,3175.681468,11.087067,
Mercury,Relay B,3259.890123,3270.489876,10.599752,
Mercury,Relay B,3355.107568,3364.886587,9.779019,
Mercury,Relay B,3449.698128,3458.688317,8.990190,
Mercury,Relay B,3543.404852,3551.796362,8.391510,
Mercury,Relay B,3636.264012,3644.211749,7.947737,
Mercury,Relay B,3728.441193,3736.029779,7.588587,
Mercury,Relay B,3820.114820,3827.395230,7.280410,
Mercury,Relay B,3911.439064,3918.460058,7.020994,
Mercury,Relay B,4002.542886,4009.365318,6.822433,
Mercury,Relay B,4093.538071,4100.241567,6.703496,
Mercury,Relay B,4184.527625,4191.217380,6.689754,
Mercury,Relay B,4275.612666,4282.429906,6.817240,
Mercury,Relay B,4366.897968,4374.032071,7.134103,
Mercury,Relay B,4458.497618,4466.188429,7.690811,
Mercury,Relay B,4550.541967,4559.047375,8.505407,
Mercury,Relay B,4643.181253,4652.683382,9.502129,
Mercury,Relay B,4736.568712,4747.028295,10.459582,
Mercury,Relay B,4830.795529,4841.844470,11.048941,
Mercury,Relay B,4925.768330,4936.785590,11.017261,
Mercury,Relay B,5021.102736,5031.513446,10.410710,
Mercury,Relay B,5116.207046,5125.775840,9.568794,
Mercury,Relay B,5210.587835,5219.410491,8.822656,
Mercury,Relay B,5304.072137,5312.341741,8.269604,
Mercury,Relay B,5396.744202,5404.596607,7.852406,
Mercury,Relay B,5488.780020,5496.287539,7.507519,
Mercury,Relay B,5580.353285,5587.564206,7.210921,
Mercury,Relay B,5671.611387,5678.576600,6.965213,
Mercury,Relay B,5762.678172,5769.462676,6.784504,
Mercury,Relay B,5853.662499,5860.351542,6.689043,
Mercury,Relay B,5944.666327,5951.372949,6.706621,
Mercury,Relay B,6035.791195,6042.667563,6.876369,
Mercury,Relay B,6127.143617,6134.392303,7.248687,
Mercury,Relay B,6218.841063,6226.711466,7.870403,
Mercury,Relay B,6311.018870,6319.761472,8.742601,
Mercury,Relay B,6403.831012,6413.587157,9.756145,
Mercury,Relay B,6497.423760,6508.077647,10.653887,
Mercury,Relay B,6591.855396,6602.959054,11.103658,
Mercury,Relay B,6686.965895,6697.876004,10.910110,
Mercury,Relay B,6782.300533,6792.507704,10.207170,
Mercury,Relay B,6877.259832,6886.625764,9.365932,
Mercury,Relay B,6971.420628,6980.088488,8.667860,
Mercury,Relay B,7064.688652,7072.844728,8.156075,
Mercury,Relay B,7157.184987,7164.946300,7.761312,
Mercury,Relay B,7249.090281,7256.519617,7.429336,
Mercury,Relay B,7340.572317,7347.716847,7.144530,
Mercury,Relay B,7431.771917,7438.685348,6.913430,
Mercury,Relay B,7522.808378,7529.560206,6.751828,
Mercury,Relay B,7613.788139,7620.469688,6.681549,
Mercury,Relay B,7704.812515,7711.545383,6.732868,
Mercury,Relay B,7795.983790,7802.931854,6.948064,
Mercury,Relay B,7887.410585,7894.789530,7.378944,
Mercury,Relay B,7979.214195,7987.280277,8.066082,
Mercury,Relay B,8071.535127,8080.524484,8.989357,
Mercury,Relay B,8164.529573,8174.533024,10.003450,
Mercury,Relay B,8258.331922,8269.151676,10.819755,
Mercury,Relay B,8352.958985,8364.075630,11.116645,
Mercury,Relay B,8448.178224,8458.948222,10.769999,
Mercury,Relay B,8543.474040,8553.469697,9.995657,
Mercury,Relay B,8638.261274,8647.434601,9.173326,
Mercury,Relay B,8732.196986,8740.722117,8.525131,
Mercury,Relay B,8825.257077,8833.306713,8.049636,
Mercury,Relay B,8917.589200,8925.263120,7.673920,
Mercury,Relay B,9009.374434,9016.728400,7.353967,
Mercury,Relay B,9100.773934,9107.855371,7.081436,
Mercury,Relay B,9191.922387,9198.788328,6.865941,
Mercury,Relay B,9282.935090,9289.659873,6.724783,
Mercury,Relay B,9373.916551,9380.598083,6.681533,
Mercury,Relay B,9464.967792,9471.737009,6.769217,
Mercury,Relay B,9556.192180,9563.225353,7.033174,
Mercury,Relay B,9647.700831,9655.226203,7.525372,
Mercury,Relay B,9739.619327,9747.896372,8.277045,
Mercury,Relay B,9832.093234,9841.335758,9.242524,
Mercury,Relay B,9925.278792,9935.517549,10.238756,
Mercury,Relay B,10019.292517,10030.244905,10.952389,
Mercury,Relay B,10114.100873,10125.188678,11.087805,
Mercury,Relay B,10209.395745,10219.998158,10.602413,
Mercury,Relay B,10304.614606,10314.396775,9.782169,
Mercury,Relay B,10399.208179,10408.200943,8.992764,
Mercury,Relay B,10492.918224,10501.311614,8.393390,
Mercury,Relay B,10585.780234,10593.729430,7.949196,
Mercury,Relay B,10677.959603,10685.549409,7.589806,
Mercury,Relay B,10769.634785,10776.916250,7.281466,
Mercury,Relay B,10860.960067,10867.981919,7.021852,
Mercury,Relay B,10952.064489,10958.887523,6.823033,
Mercury,Relay B,11043.059880,11049.763643,6.703763,
Mercury,Relay B,11134.049272,11140.738846,6.689574,
Mercury,Relay B,11225.133772,11231.950231,6.816459,
Mercury,Relay B,11316.418130,11323.550662,7.132532,
Mercury,Relay B,11408.016398,11415.704668,7.688270,
Mercury,Relay B,11500.058833,11508.560816,8.501983,
Mercury,Relay B,11592.695639,11602.193982,9.498343,
Mercury,Relay B,11686.080093,11696.536612,10.456518,
Mercury,Relay B,11780.303829,11791.351654,11.047825,
Mercury,Relay B,11875.274389,11886.292972,11.018582,
Mercury,Relay B,11970.608503,11981.022141,10.413637,
Mercury,Relay B,12065.714736,12075.286603,9.571867,
Mercury,Relay B,12160.098727,12168.923760,8.825033,
Mercury,Relay B,12253.586282,12261.857628,8.271346,
Mercury,Relay B,12346.261043,12354.114820,7.853778,
Mercury,Relay B,12438.298868,12445.807571,7.508703,
Mercury,Relay B,12529.873558,12537.085484,7.211926,
Mercury,Relay B,12621.132579,12628.098590,6.966011,
Mercury,Relay B,12712.199862,12718.984898,6.785036,
Mercury,Relay B,12803.184309,12809.873515,6.689206,
Mercury,Relay B,12894.187880,12900.894183,6.706304,
Mercury,Relay B,12985.312103,12992.187510,6.875407,
Mercury,Relay B,13076.663486,13083.910362,7.246876,
Mercury,Relay B,13168.359413,13176.227036,7.867622,
Mercury,Relay B,13260.535178,13269.274183,8.739005,
Mercury,Relay B,13353.344685,13363.097105,9.752420,
Mercury,Relay B,13446.934352,13457.585561,10.651209,
Mercury,Relay B,13541.363018,13552.466169,11.103151,
Mercury,Relay B,13636.471671,13647.383626,10.911955,
Mercury,Relay B,13731.806593,13742.016853,10.210260,
Mercury,Relay B,13826.768252,13836.137119,9.368867,
Mercury,Relay B,13920.932361,13929.602418,8.670057,
Mercury,Relay B,14014.203535,14022.361233,8.157698,
Mercury,Relay B,14106.702385,14114.465019,7.762634,
Mercury,Relay B,14198.609542,14206.040010,7.430469,
Mercury,Relay B,14290.092856,14297.238348,7.145492,
Mercury,Relay B,14381.293272,14388.207440,6.914168,
Mercury,Relay B,14472.330136,14479.082411,6.752275,
Mercury,Relay B,14563.309923,14569.991524,6.681601,
Mercury,Relay B,14654.333947,14661.066352,6.732405,
Mercury,Relay B,14745.504477,14752.451389,6.946913,
Mercury,Relay B,14836.930120,14844.307014,7.376893,
Mercury,Relay B,14928.732091,14936.795160,8.063069,
Mercury,Relay B,15021.050834,15030.036474,8.985641,
Mercury,Relay B,15114.042517,15124.042371,9.999854,
Mercury,Relay B,15207.841732,15218.659264,10.817532,
Mercury,Relay B,15302.465989,15313.582754,11.116765,
Mercury,Relay B,15397.683854,15408.456144,10.772290,
Mercury,Relay B,15492.980520,15502.979344,9.998824,
Mercury,Relay B,15587.770484,15596.946574,9.176090,
Mercury,Relay B,15681.709543,15690.236709,8.527165,
Mercury,Relay B,15774.772647,15782.823819,8.051172,
Mercury,Relay B,15867.107113,15874.782311,7.675199,
Mercury,Relay B,15958.894054,15966.249120,7.355065,
Mercury,Relay B,16050.294723,16057.377069,7.082346,
Mercury,Relay B,16141.443879,16148.310490,6.866611,
Mercury,Relay B,16232.456891,16239.182026,6.725135,
Mercury,Relay B,16323.438274,16330.119747,6.681473,
Mercury,Relay B,16414.489069,16421.257669,6.768600,
Mercury,Relay B,16505.712625,16512.744433,7.031809,
Mercury,Relay B,16597.220006,16604.743094,7.523088,
Mercury,Relay B,16689.136733,16697.410551,8.273818,
Mercury,Relay B,16781.608297,16790.847045,9.238748,
Mercury,Relay B,16874.790972,16885.026346,10.235374,
Mercury,Relay B,16968.801563,16979.752245,10.950682,
Mercury,Relay B,17063.607362,17074.695888,11.088526,
Mercury,Relay B,17158.901367,17169.506442,10.605075,
Mercury,Relay B,17254.121635,17263.906963,9.785328,
Mercury,Relay B,17348.718204,17357.713560,8.995357,
Mercury,Relay B,17442.431588,17450.826849,8.395261,
Mercury,Relay B,17535.296456,17543.247103,7.950646,
Mercury,Relay B,17627.478005,17635.069030,7.591024,
Mercury,Relay B,17719.154749,17726.437262,7.282513,
Mercury,Relay B,17810.481070,17817.503773,7.022703,
Mercury,Relay B,17901.586093,17908.409727,6.823634,
Mercury,Relay B,17992.581698,17999.285719,6.704021,
Mercury,Relay B,18083.570927,18090.260313,6.689386,
Mercury,Relay B,18174.654878,18181.470555,6.815678,
Mercury,Relay B,18265.938300,18273.069244,7.130944,
Mercury,Relay B,18357.535187,18365.220916,7.685729,
Mercury,Relay B,18449.575716,18458.074274,8.498558,
Mercury,Relay B,18542.210032,18551.704582,9.494550,
Mercury,Relay B,18635.591492,18646.044937,10.453445,
Mercury,Relay B,18729.812138,18740.858838,11.046700,
Mercury,Relay B,18824.780466,18835.800353,11.019887,
Mercury,Relay B,18920.114271,18930.530827,10.416555,
Mercury,Relay B,19015.222409,19024.797358,9.574948,
Mercury,Relay B,19109.609602,19118.437030,8.827428,
Mercury,Relay B,19203.100418,19211.373507,8.273088,
Mercury,Relay B,19295.777865,19303.633025,7.855160,
Mercury,Relay B,19387.817708,19395.327596,7.509888,
Mercury,Relay B,19479.393823,19486.606752,7.212930,
Mercury,Relay B,19570.653770,19577.620580,6.966809,
Mercury,Relay B,19661.721560,19668.507112,6.785552,
Mercury,Relay B,19752.706119,19759.395488,6.689369,
Mercury,Relay B,19843.709432,19850.415426,6.705995,
Mercury,Relay B,19934.833020,19941.707466,6.874446,
Mercury,Relay B,20026.183356,20033.428421,7.245065,
Mercury,Relay B,20117.877781,20125.742622,7.864841,
Mercury,Relay B,20210.051495,20218.786912,8.735417,
Mercury,Relay B,20302.858375,20312.607061,9.748687,
Mercury,Relay B,20396.444961,20407.093474,10.648514,
Mercury,Relay B,20490.870648,20501.973276,11.102628,
Mercury,Relay B,20585.977448,20596.891239,10.913792,
Mercury,Relay B,20681.312644,20691.525994,10.213350,
Mercury,Relay B,20776.276664,20785.648466,9.371802,
Mercury,Relay B,20870.444077,20879.116340,8.672263,
Mercury,Relay B,20963.718401,20971.877729,8.159328,
Mercury,Relay B,21056.219774,21063.983730,7.763956,
Mercury,Relay B,21148.128785,21155.560395,7.431610,
Mercury,Relay B,21239.613396,21246.759850,7.146454,
Mercury,Relay B,21330.814627,21337.729533,6.914907,
Mercury,Relay B,21421.851886,21428.604607,6.752721,
Mercury,Relay B,21512.831698,21519.513360,6.681662,
Mercury,Relay B,21603.855379,21610.587320,6.731941,
Mercury,Relay B,21695.025170,21701.970933,6.945763,
Mercury,Relay B,21786.449664,21793.824514,7.374850,
Mercury,Relay B,21878.249995,21886.310061,8.060065,
Mercury,Relay B,21970.566549,21979.548482,8.981933,
Mercury,Relay B,22063.555460,22073.551726,9.996266,
Mercury,Relay B,22157.351560,22168.166851,10.815291,
Mercury,Relay B,22251.973001,22263.089869,11.116868,
Mercury,Relay B,22347.189485,22357.964058,10.774573,
Mercury,Relay B,22442.487000,22452.488983,10.001983,
Mercury,Relay B,22537.279676,22546.458539,9.178863,
Mercury,Relay B,22631.222092,22639.751284,8.529192,
Mercury,Relay B,22724.288208,22732.340908,8.052700,
Mercury,Relay B,22816.625026,22824.301495,7.676469,
Mercury,Relay B,22908.413675,22915.769840,7.356165,
Mercury,Relay B,22999.815502,23006.898758,7.083256,
Mercury,Relay B,23090.965371,23097.832651,6.867280,
Mercury,Relay B,23181.978683,23188.704179,6.725495,
Mercury,Relay B,23272.959998,23279.641419,6.681421,
Mercury,Relay B,23364.010356,23370.778346,6.767990,
Mercury,Relay B,23455.233069,23462.263523,7.030454,
Mercury,Relay B,23546.739189,23554.259987,7.520798,
Mercury,Relay B,23638.654148,23646.924730,8.270582,
Mercury,Relay B,23731.123378,23740.358340,9.234962,
Mercury,Relay B,23824.303160,23834.535161,10.232001,
Mercury,Relay B,23918.310618,23929.259592,10.948974,
Mercury,Relay B,24013.113851,24024.203097,11.089247,
Mercury,Relay B,24108.406989,24119.014708,10.607718,
Mercury,Relay B,24203.628665,24213.417134,9.788469,
Mercury,Relay B,24298.228229,24307.226160,8.997931,
Mercury,Relay B,24391.944935,24400.342084,8.397149,
Mercury,Relay B,24484.812670,24492.764759,7.952089,
Mercury,Relay B,24576.996399,24584.588651,7.592252,
Mercury,Relay B,24668.674705,24675.958273,7.283568,
Mercury,Relay B,24760.002065,24767.025634,7.023569,
Mercury,Relay B,24851.107697,24857.931931,6.824235,
Mercury,Relay B,24942.103508,24948.807803,6.704295,
Mercury,Relay B,25033.092573,25039.781788,6.689215,
Mercury,Relay B,25124.175992,25130.990889,6.814897,
Mercury,Relay B,25215.458479,25222.587844,7.129365,
Mercury,Relay B,25307.053975,25314.737181,7.683206,
Mercury,Relay B,25399.092607,25407.587732,8.495125,
Mercury,Relay B,25491.724435,25501.215199,9.490765,
Mercury,Relay B,25585.102899,25595.553263,10.450364,
Mercury,Relay B,25679.320463,25690.366022,11.045559,
Mercury,Relay B,25774.286543,25785.307726,11.021183,
Mercury,Relay B,25869.620039,25880.039504,10.419465,
Mercury,Relay B,25964.730083,25974.308095,9.578012,
Mercury,Relay B,26059.120460,26067.950282,8.829823,
Mercury,Relay B,26152.614537,26160.889377,8.274839,
Mercury,Relay B,26245.294680,26253.151221,7.856542,
Mercury,Relay B,26337.336548,26344.847611,7.511064,
Mercury,Relay B,26428.914079,26436.128021,7.213943,
Mercury,Relay B,26520.174962,26527.142570,6.967607,
Mercury,Relay B,26611.243249,26618.029333,6.786084,
Mercury,Relay B,26702.227920,26708.917460,6.689541,
Mercury,Relay B,26793.230984,26799.936661,6.705677,
Mercury,Relay B,26884.353937,26891.227422,6.873485,
Mercury,Relay B,26975.703226,26982.946488,7.243262,
Mercury,Relay B,27067.396149,27075.258219,7.862070,
Mercury,Relay B,27159.567820,27168.299649,8.731830,
Mercury,Relay B,27252.372065,27262.117026,9.744962,
Mercury,Relay B,27345.955578,27356.601397,10.645819,
Mercury,Relay B,27440.378287,27451.480392,11.102104,
Mercury,Relay B,27535.483232,27546.398852,10.915620,
Mercury,Relay B,27630.818695,27641.035135,10.216440,
Mercury,Relay B,27725.785058,27735.159804,9.374746,
Mercury,Relay B,27819.955775,27828.630253,8.674478,
Mercury,Relay B,27913.233258,27921.394217,8.160959,
Mercury,Relay B,28005.737155,28013.502442,7.765287,
Mercury,Relay B,28097.648028,28105.080780,7.432752,
Mercury,Relay B,28189.133935,28196.281350,7.147415,
Mercury,Relay B,28280.335981,28287.251627,6.915646,
Mercury,Relay B,28371.373644,28378.126811,6.753167,
Mercury,Relay B,28462.353482,28469.035204,6.681722,
Mercury,Relay B,28553.376802,28560.108297,6.731495,
Mercury,Relay B,28644.545873,28651.490477,6.944604,
Mercury,Relay B,28735.969208,28743.342015,7.372808,
Mercury,Relay B,28827.767909,28835.824961,8.057052,
Mercury,Relay B,28920.082273,28929.060490,8.978216,
Mercury,Relay B,29013.068420,29023.061090,9.992670,
Mercury,Relay B,29106.861396,29117.674447,10.813051,
Mercury,Relay B,29201.480031,29212.596993,11.116962,
Mercury,Relay B,29296.695115,29307.471963,10.776848,
Mercury,Relay B,29391.993472,29401.998622,10.005150,
Mercury,Relay B,29486.788860,29495.970495,9.181635,
Mercury,Relay B,29580.734623,29589.265858,8.531235,
Mercury,Relay B,29673.803752,29681.857997,8.054245,
Mercury,Relay B,29766.142930,29773.820669,7.677739,
Mercury,Relay B,29857.933288,29865.290551,7.357264,
Mercury,Relay B,29949.336282,29956.420447,7.084166,
Mercury,Relay B,30040.486855,30047.354813,6.867958,
Mercury,Relay B,30131.500476,30138.226340,6.725864,
Mercury,Relay B,30222.481730,30229.163092,6.681361,
Mercury,Relay B,30313.531642,30320.299014,6.767372,
Mercury,Relay B,30404.753524,30411.782620,7.029097,
Mercury,Relay B,30496.258373,30503.776887,7.518514,
Mercury,Relay B,30588.171572,30596.438927,8.267355,
Mercury,Relay B,30680.638467,30689.869653,9.231186,
Mercury,Relay B,30773.815356,30784.043976,10.228620,
Mercury,Relay B,30867.819682,30878.766939,10.947257,
Mercury,Relay B,30962.620348,30973.710307,11.089959,
Mercury,Relay B,31057.912611,31068.522973,10.610362,
Mercury,Relay B,31153.135677,31162.927305,9.791628,
Mercury,Relay B,31247.738236,31256.738760,9.000524,
Mercury,Relay B,31341.458273,31349.857302,8.399029,
Mercury,Relay B,31434.328866,31442.282414,7.953548,
Mercury,Relay B,31526.514785,31534.108263,7.593478,
Mercury,Relay B,31618.194652,31625.479284,7.284633,
Mercury,Relay B,31709.523067,31716.547486,7.024419,
Mercury,Relay B,31800.629292,31807.454136,6.824844,
Mercury,Relay B,31891.625318,31898.329879,6.704561,
Mercury,Relay B,31982.614228,31989.303263,6.689034,
Mercury,Relay B,32073.697106,32080.511223,6.814116,
Mercury,Relay B,32164.978658,32172.106452,7.127794,
Mercury,Relay B,32256.572772,32264.253447,7.680675,
Mercury,Relay B,32348.609499,32357.101208,8.491709,
Mercury,Relay B,32441.238854,32450.725817,9.486962,
Mercury,Relay B,32534.614323,32545.061597,10.447274,
Mercury,Relay B,32628.828797,32639.873206,11.044409,
Mercury,Relay B,32723.792620,32734.815099,11.022479,
Mercury,Relay B,32819.125798,32829.548182,10.422383,
Mercury,Relay B,32914.237739,32923.818832,9.581094,
Mercury,Relay B,33008.631309,33017.463526,8.832217,
Mercury,Relay B,33102.128648,33110.405238,8.276590,
Mercury,Relay B,33194.811494,33202.669417,7.857924,
Mercury,Relay B,33286.855379,33294.367627,7.512248,
Mercury,Relay B,33378.434335,33385.649290,7.214955,
Mercury,Relay B,33469.696145,33476.664551,6.968406,
Mercury,Relay B,33560.764939,33567.551546,6.786607,
Mercury,Relay B,33651.749729,33658.439442,6.689713,
Mercury,Relay B,33742.752537,33749.457904,6.705367,
Mercury,Relay B,33833.874863,33840.747386,6.872523,
Mercury,Relay B,33925.223104,33932.464573,7.241468,
Mercury,Relay B,34016.914525,34024.773823,7.859298,
Mercury,Relay B,34109.084153,34117.812395,8.728242,
Mercury,Relay B,34201.885772,34211.627000,9.741228,
Mercury,Relay B,34295.466212,34306.109327,10.643115,
Mercury,Relay B,34389.885935,34400.987498,11.101563,
Mercury,Relay B,34484.989026,34495.906457,10.917431,
Mercury,Relay B,34580.324738,34590.544259,10.219522,
Mercury,Relay B,34675.293444,34684.671134,9.377690,
Mercury,Relay B,34769.467474,34778.144157,8.676683,
Mercury,Relay B,34862.748098,34870.910688,8.162590,
Mercury,Relay B,34955.254528,34963.021136,7.766608,
Mercury,Relay B,35047.167272,35054.601156,7.433885,
Mercury,Relay B,35138.654466,35145.802842,7.148376,
Mercury,Relay B,35229.857327,35236.773711,6.916384,
Mercury,Relay B,35320.895402,35327.649015,6.753613,
Mercury,Relay B,35411.875257,35418.557048,6.681790,
Mercury,Relay B,35502.898243,35509.629274,6.731031,
Mercury,Relay B,35594.066575,35601.010030,6.943455,
Mercury,Relay B,35685.488751,35692.859533,7.370782,
Mercury,Relay B,35777.285830,35785.339878,8.054048,
Mercury,Relay B,35869.598006,35878.572515,8.974508,
Mercury,Relay B,35962.581389,35972.570463,9.989074,
Mercury,Relay B,36056.371241,36067.182043,10.810802,
Mercury,Relay B,36150.987061,36162.104109,11.117048,
Mercury,Relay B,36246.200746,36256.979868,10.779122,
Mercury,Relay B,36341.499935,36351.508245,10.008309,
Mercury,Relay B,36436.298036,36445.482443,9.184407,
Mercury,Relay B,36530.247146,36538.780415,8.533269,
Mercury,Relay B,36623.319296,36631.375069,8.055773,
Mercury,Relay B,36715.660826,36723.339835,7.679009,
Mercury,Relay B,36807.452900,36814.811254,7.358354,
Mercury,Relay B,36898.857053,36905.942137,7.085084,
Mercury,Relay B,36990.008348,36996.876974,6.868627,
Mercury,Relay B,37081.022278,37087.748493,6.726215,
Mercury,Relay B,37172.003455,37178.684772,6.681317,
Mercury,Relay B,37263.052928,37269.819699,6.766771,
Mercury,Relay B,37354.273977,37361.301718,7.027740,
Mercury,Relay B,37445.777565,37453.293804,7.516239,
Mercury,Relay B,37537.689004,37545.953140,8.264136,
Mercury,Relay B,37630.153564,37639.380965,9.227401,
Mercury,Relay B,37723.327570,37733.552799,10.225229,
Mercury,Relay B,37817.328763,37828.274295,10.945532,
Mercury,Relay B,37912.126854,37923.217517,11.090663,
Mercury,Relay B,38007.418233,38018.031239,10.613006,
Mercury,Relay B,38102.642681,38112.437459,9.794778,
Mercury,Relay B,38197.248227,38206.251344,9.003117,
Mercury,Relay B,38290.971602,38299.372511,8.400908,
Mercury,Relay B,38383.845062,38391.800061,7.954999,
Mercury,Relay B,38476.033161,38483.627867,7.594706,
Mercury,Relay B,38567.714599,38575.000287,7.285688,
Mercury,Relay B,38659.044053,38666.069339,7.025286,
Mercury,Relay B,38750.150895,38756.976340,6.825445,
Mercury,Relay B,38841.147136,38847.851963,6.704827,
Mercury,Relay B,38932.135883,38938.824746,6.688863,
Mercury,Relay B,39023.218229,39030.031565,6.813335,
Mercury,Relay B,39114.498837,39121.625069,7.126232,
Mercury,Relay B,39206.091578,39213.769729,7.678151,
Mercury,Relay B,39298.126408,39306.614692,8.488284,
Mercury,Relay B,39390.753275,39400.236451,9.483176,
Mercury,Relay B,39484.125747,39494.569940,10.444193,
Mercury,Relay B,39578.337140,39589.380399,11.043259,
Mercury,Relay B,39673.298705,39684.322472,11.023767,
Mercury,Relay B,39768.631549,39779.056850,10.425302,
Mercury,Relay B,39863.745386,39873.329553,9.584167,
Mercury,Relay B,39958.142149,39966.976769,8.834620,
Mercury,Relay B,40051.642750,40059.921082,8.278333,
Mercury,Relay B,40144.328291,40152.187605,7.859314,
Mercury,Relay B,40236.374202,40243.887634,7.513433,
Mercury,Relay B,40327.954591,40335.170550,7.215960,
Mercury,Relay B,40419.217328,40426.186541,6.969213,
Mercury,Relay B,40510.286620,40517.073768,6.787148,
Mercury,Relay B,40601.271540,40607.961423,6.689883,
Mercury,Relay B,40692.274097,40698.979156,6.705058,
Mercury,Relay B,40783.395780,40790.267360,6.871580,
Mercury,Relay B,40874.742991,40881.982657,7.239666,
Mercury,Relay B,40966.432901,40974.289435,7.856534,
Mercury,Relay B,41058.600495,41067.325158,8.724663,
Mercury,Relay B,41151.399496,41161.136982,9.737486,
Mercury,Relay B,41244.976855,41255.617258,10.640403,
Mercury,Relay B,41339.393591,41350.494614,11.101023,
Mercury,Relay B,41434.494811,41445.414062,10.919250,
Mercury,Relay B,41529.830780,41540.053383,10.222603,
Mercury,Relay B,41624.801821,41634.182455,9.380634,
Mercury,Relay B,41718.979147,41727.658053,8.678906,
Mercury,Relay B,41812.262931,41820.427159,8.164228,
Mercury,Relay B,41904.771892,41912.539830,7.767939,
Mercury,Relay B,41996.686498,42004.121532,7.435035,
Mercury,Relay B,42088.174988,42095.324334,7.149346,
Mercury,Relay B,42179.378674,42186.295795,6.917122,
Mercury,Relay B,42270.417151,42277.171211,6.754060,
Mercury,Relay B,42361.397041,42368.078892,6.681850,
Mercury,Relay B,42452.419675,42459.150260,6.730585,
Mercury,Relay B,42543.587277,42550.529582,6.942305,
Mercury,Relay B,42635.008313,42642.377051,7.368738,
Mercury,Relay B,42726.803761,42734.854804,8.051044,
Mercury,Relay B,42819.113748,42828.084557,8.970809,
Mercury,Relay B,42912.094376,42922.079844,9.985469,
Mercury,Relay B,43005.881094,43016.689648,10.808554,
Mercury,Relay B,43100.494099,43111.611224,11.117126,
Mercury,Relay B,43195.706376,43206.487773,10.781397,
Mercury,Relay B,43291.006391,43301.017858,10.011467,
Mercury,Relay B,43385.807194,43394.994382,9.187188,
Mercury,Relay B,43479.759652,43488.294963,8.535311,
Mercury,Relay B,43572.834823,43580.892132,8.057309,
Mercury,Relay B,43665.178721,43672.859001,7.680280,
Mercury,Relay B,43756.972504,43764.331956,7.359452,
Mercury,Relay B,43848.377832,43855.463826,7.085994,
Mercury,Relay B,43939.529831,43946.399136,6.869305,
Mercury,Relay B,44030.544070,44037.270656,6.726585,
Mercury,Relay B,44121.525187,44128.206453,6.681266,
Mercury,Relay B,44212.574223,44219.340376,6.766153,
Mercury,Relay B,44303.794439,44310.820832,7.026393,
Mercury,Relay B,44395.296765,44402.810721,7.513956,
Mercury,Relay B,44487.206436,44495.467354,8.260918,
Mercury,Relay B,44579.668671,44588.892295,9.223624,
Mercury,Relay B,44672.839784,44683.061631,10.221848,
Mercury,Relay B,44766.837852,44777.781642,10.943789,
Mercury,Relay B,44861.633368,44872.724718,11.091350,
Mercury,Relay B,44956.923846,44967.539487,10.615641,
Mercury,Relay B,45052.149676,45061.947613,9.797936,
Mercury,Relay B,45146.758210,45155.763918,9.005708,
Mercury,Relay B,45240.484915,45248.887712,8.402797,
Mercury,Relay B,45333.361241,45341.317691,7.956450,
Mercury,Relay B,45425.551538,45433.147470,7.595933,
Mercury,Relay B,45517.234546,45524.521282,7.286736,
Mercury,Relay B,45608.565047,45615.591183,7.026135,
Mercury,Relay B,45699.672490,45706.498545,6.826055,
Mercury,Relay B,45790.668945,45797.374047,6.705102,
Mercury,Relay B,45881.657538,45888.346230,6.688691,
Mercury,Relay B,45972.739352,45979.551915,6.812563,
Mercury,Relay B,46064.019025,46071.143685,7.124660,
Mercury,Relay B,46155.610383,46163.286019,7.675636,
Mercury,Relay B,46247.643316,46256.128193,8.484877,
Mercury,Relay B,46340.267712,46349.747094,9.479383,
Mercury,Relay B,46433.637188,46444.078291,10.441103,
Mercury,Relay B,46527.845491,46538.887591,11.042100,
Mercury,Relay B,46622.804799,46633.829836,11.025037,
Mercury,Relay B,46718.137308,46728.565511,10.428203,
Mercury,Relay B,46813.253026,46822.840273,9.587247,
Mercury,Relay B,46907.652972,46916.489996,8.837024,
Mercury,Relay B,47001.156835,47009.436927,8.280092,
Mercury,Relay B,47093.845079,47101.705775,7.860696,
Mercury,Relay B,47185.893016,47193.407633,7.514617,
Mercury,Relay B,47277.474838,47284.691811,7.216972,
Mercury,Relay B,47368.738511,47375.708522,6.970011,
Mercury,Relay B,47459.808310,47466.595981,6.787671,
Mercury,Relay B,47550.793349,47557.483396,6.690046,
Mercury,Relay B,47641.795650,47648.500407,6.704758,
Mercury,Relay B,47732.916714,47739.787333,6.870619,
Mercury,Relay B,47824.262879,47831.500751,7.237871,
Mercury,Relay B,47915.951295,47923.805065,7.853770,
Mercury,Relay B,48008.116846,48016.837921,8.721075,
Mercury,Relay B,48100.913220,48110.646981,9.733761,
Mercury,Relay B,48194.487507,48205.125197,10.637691,
Mercury,Relay B,48288.901256,48300.001721,11.100466,
Mercury,Relay B,48384.000605,48394.921658,10.921053,
Mercury,Relay B,48479.336814,48489.562498,10.225684,
Mercury,Relay B,48574.310181,48583.693768,9.383587,
Mercury,Relay B,48668.490820,48677.171932,8.681112,
Mercury,Relay B,48761.777762,48769.943622,8.165859,
Mercury,Relay B,48854.289255,48862.058507,7.769252,
Mercury,Relay B,48946.205724,48953.641900,7.436176,
Mercury,Relay B,49037.695518,49044.845818,7.150299,
Mercury,Relay B,49128.900020,49135.817880,6.917860,
Mercury,Relay B,49219.938901,49226.693416,6.754515,
Mercury,Relay B,49310.918817,49317.600736,6.681919,
Mercury,Relay B,49401.941115,49408.671246,6.730130,
Mercury,Relay B,49493.107988,49500.049151,6.941163,
Mercury,Relay B,49584.527874,49591.894578,7.366704,
Mercury,Relay B,49676.321691,49684.369739,8.048048,
Mercury,Relay B,49768.629498,49777.596599,8.967101,
Mercury,Relay B,49861.607370,49871.589234,9.981864,
Mercury,Relay B,49955.390965,49966.197252,10.806288,
Mercury,Relay B,50050.001154,50061.118348,11.117194,
Mercury,Relay B,50145.212007,50155.995661,10.783654,
Mercury,Relay B,50240.512836,50250.527471,10.014634,
Mercury,Relay B,50335.316335,50344.506313,9.189979,
Mercury,Relay B,50429.272149,50437.809503,8.537354,
Mercury,Relay B,50522.350341,50530.409195,8.058854,
Mercury,Relay B,50614.696600,50622.378159,7.681559,
Mercury,Relay B,50706.492099,50713.852658,7.360559,
Mercury,Relay B,50797.898595,50804.985507,7.086912,
Mercury,Relay B,50889.051314,50895.921297,6.869983,
Mercury,Relay B,50980.065863,50986.792809,6.726946,
Mercury,Relay B,51071.046920,51077.728134,6.681214,
Mercury,Relay B,51162.095517,51168.861070,6.765553,
Mercury,Relay B,51253.314901,51260.339947,7.025045,
Mercury,Relay B,51344.815966,51352.327656,7.511690,
Mercury,Relay B,51436.723886,51444.981585,8.257699,
Mercury,Relay B,51529.183785,51538.403633,9.219848,
Mercury,Relay B,51622.352023,51632.570472,10.218449,
Mercury,Relay B,51716.346951,51727.289006,10.942056,
Mercury,Relay B,51811.139892,51822.231919,11.092028,
Mercury,Relay B,51906.429468,51917.047735,10.618267,
Mercury,Relay B,52001.656663,52011.457758,9.801095,
Mercury,Relay B,52096.268175,52105.276492,9.008317,
Mercury,Relay B,52189.998219,52198.402904,8.404685,
Mercury,Relay B,52282.877412,52290.835320,7.957909,
Mercury,Relay B,52375.069905,52382.667066,7.597160,
Mercury,Relay B,52466.754477,52474.042276,7.287800,
Mercury,Relay B,52558.086033,52565.113035,7.027002,
Mercury,Relay B,52649.194085,52656.020741,6.826656,
Mercury,Relay B,52740.190763,52746.896132,6.705368,
Mercury,Relay B,52831.179193,52837.867713,6.688519,
Mercury,Relay B,52922.260476,52929.072266,6.811790,
Mercury,Relay B,53013.539221,53020.662311,7.123090,
Mercury,Relay B,53105.129197,53112.802310,7.673113,
Mercury,Relay B,53197.160242,53205.641694,8.481452,
Mercury,Relay B,53289.782157,53299.257747,9.475590,
Mercury,Relay B,53383.148646,53393.586651,10.438004,
Mercury,Relay B,53477.353851,53488.394784,11.040933,
Mercury,Relay B,53572.310893,53583.337200,11.026307,
Mercury,Relay B,53667.643059,53678.074162,10.431104,
Mercury,Relay B,53762.760656,53772.350985,9.590328,
Mercury,Relay B,53857.163778,53866.003206,8.839428,
Mercury,Relay B,53950.670911,53958.952754,8.281843,
Mercury,Relay B,54043.361868,54051.223946,7.862078,
Mercury,Relay B,54135.411830,54142.927631,7.515801,
Mercury,Relay B,54226.995086,54234.213071,7.217985,
Mercury,Relay B,54318.259686,54325.230503,6.970817,
Mercury,Relay B,54409.329999,54416.118202,6.788203,
Mercury,Relay B,54500.315159,54507.005386,6.690228,
Mercury,Relay B,54591.317210,54598.021660,6.704450,
Mercury,Relay B,54682.437639,54689.307314,6.869675,
Mercury,Relay B,54773.782766,54781.018853,7.236087,
Mercury,Relay B,54865.469688,54873.320695,7.851007,
Mercury,Relay B,54957.633197,54966.350701,8.717505,
Mercury,Relay B,55050.426962,55060.156981,9.730019,
Mercury,Relay B,55143.998176,55154.633145,10.634970,
Mercury,Relay B,55238.408929,55249.508837,11.099908,
Mercury,Relay B,55333.506408,55344.429254,10.922846,
Mercury,Relay B,55428.842839,55439.071605,10.228765,
Mercury,Relay B,55523.818532,55533.205063,9.386531,
Mercury,Relay B,55618.002468,55626.685811,8.683343,
Mercury,Relay B,55711.292577,55719.460075,8.167499,
Mercury,Relay B,55803.806602,55811.577184,7.770582,
Mercury,Relay B,55895.724950,55903.162259,7.437309,
Mercury,Relay B,55987.216032,55994.367301,7.151269,
Mercury,Relay B,56078.421357,56085.339964,6.918607,
Mercury,Relay B,56169.460659,56176.215620,6.754961,
Mercury,Relay B,56260.440600,56267.122588,6.681988,
Mercury,Relay B,56351.462556,56358.192240,6.729684,
Mercury,Relay B,56442.628699,56449.568721,6.940022,
Mercury,Relay B,56534.047435,56541.412122,7.364687,
Mercury,Relay B,56625.839629,56633.884690,8.045061,
Mercury,Relay B,56718.145256,56727.108658,8.963402,
Mercury,Relay B,56811.120374,56821.098633,9.978259,
Mercury,Relay B,56904.900844,56915.704865,10.804022,
Mercury,Relay B,56999.508210,57010.625463,11.117253,
Mercury,Relay B,57094.717646,57105.503550,10.785904,
Mercury,Relay B,57190.019282,57200.037075,10.017793,
Mercury,Relay B,57284.825476,57294.018235,9.192760,
Mercury,Relay B,57378.784637,57387.324034,8.539396,
Mercury,Relay B,57471.865859,57479.926241,8.060382,
Mercury,Relay B,57564.214478,57571.897307,7.682829,
Mercury,Relay B,57656.011695,57663.373352,7.361657,
Mercury,Relay B,57747.419366,57754.507189,7.087823,
Mercury,Relay B,57838.572789,57845.443450,6.870661,
Mercury,Relay B,57929.587655,57936.314970,6.727315,
Mercury,Relay B,58020.568652,58027.249815,6.681163,
Mercury,Relay B,58111.616812,58118.381763,6.764952,
Mercury,Relay B,58202.835363,58209.859070,7.023706,
Mercury,Relay B,58294.335175,58301.844599,7.509424,
Mercury,Relay B,58386.241335,58394.495824,8.254489,
Mercury,Relay B,58478.698909,58487.914980,9.216071,
Mercury,Relay B,58571.864263,58582.079321,10.215058,
Mercury,Relay B,58665.856066,58676.796362,10.940296,
Mercury,Relay B,58760.646415,58771.739120,11.092706,
Mercury,Relay B,58855.935081,58866.555984,10.620902,
Mercury,Relay B,58951.163641,58960.967886,9.804245,
Mercury,Relay B,59045.778140,59054.789049,9.010909,
Mercury,Relay B,59139.511506,59147.918087,8.406581,
Mercury,Relay B,59232.393574,59240.352942,7.959368,
Mercury,Relay B,59324.588264,59332.186652,7.598388,
Mercury,Relay B,59416.274415,59423.563262,7.288847,
Mercury,Relay B,59507.607018,59514.634879,7.027861,
Mercury,Relay B,59598.715680,59605.542946,6.827266,
Mercury,Relay B,59689.712573,59696.418224,6.705651,
Mercury,Relay B,59780.700849,59787.389196,6.688348,
Mercury,Relay B,59871.781599,59878.592625,6.811026,
Mercury,Relay B,59963.059417,59970.180953,7.121536,
Mercury,Relay B,60054.648020,60062.318618,7.670598,
Mercury,Relay B,60146.677168,60155.155212,8.478045,
Mercury,Relay B,60239.296611,60248.768415,9.471805,
Mercury,Relay B,60332.660113,60343.095011,10.434897,
Mercury,Relay B,60426.862228,60437.901977,11.039748,
Mercury,Relay B,60521.816996,60532.844556,11.027560,
Mercury,Relay B,60617.148801,60627.582814,10.434013,
Mercury,Relay B,60712.268270,60721.861679,9.593410,
Mercury,Relay B,60806.674576,60815.516416,8.841840,
Mercury,Relay B,60900.184978,60908.468573,8.283594,
Mercury,Relay B,60992.878639,61000.742107,7.863468,
Mercury,Relay B,61084.930635,61092.447621,7.516986,
Mercury,Relay B,61176.515326,61183.734323,7.218997,
Mercury,Relay B,61267.780861,61274.752477,6.971616,
Mercury,Relay B,61358.851680,61365.640415,6.788735,
Mercury,Relay B,61449.836968,61456.527368,6.690399,
Mercury,Relay B,61540.838771,61547.542920,6.704149,
Mercury,Relay B,61631.958573,61638.827295,6.868722,
Mercury,Relay B,61723.302670,61730.536963,7.234293,
Mercury,Relay B,61814.988082,61822.836342,7.848260,
Mercury,Relay B,61907.149565,61915.863499,8.713934,
Mercury,Relay B,61999.940712,62009.666997,9.726285,
Mercury,Relay B,62093.508854,62104.141093,10.632239,
Mercury,Relay B,62187.916619,62199.015952,11.099333,
Mercury,Relay B,62283.012210,62293.936841,10.924631,
Mercury,Relay B,62378.348865,62388.580711,10.231847,
Mercury,Relay B,62473.326875,62482.716358,9.389483,
Mercury,Relay B,62567.514115,62576.199673,8.685557,
Mercury,Relay B,62660.807374,62668.976512,8.169138,
Mercury,Relay B,62753.323939,62761.095852,7.771913,
Mercury,Relay B,62845.244159,62852.682618,7.438459,
Mercury,Relay B,62936.736546,62943.888784,7.152239,
Mercury,Relay B,63027.942695,63034.862048,6.919353,
Mercury,Relay B,63118.982409,63125.737824,6.755416,
Mercury,Relay B,63209.962384,63216.644441,6.682056,
Mercury,Relay B,63300.983996,63307.713234,6.729238,
Mercury,Relay B,63392.149410,63399.088299,6.938889,
Mercury,Relay B,63483.567004,63490.929666,7.362661,
Mercury,Relay B,63575.357576,63583.399642,8.042066,
Mercury,Relay B,63667.661032,63676.620726,8.959694,
Mercury,Relay B,63760.633386,63770.608040,9.974654,
Mercury,Relay B,63854.410740,63865.212479,10.801739,
Mercury,Relay B,63949.015274,63960.132579,11.117305,
Mercury,Relay B,64044.223276,64055.011437,10.788161,
Mercury,Relay B,64139.525720,64149.546671,10.020951,
Mercury,Relay B,64234.334599,64243.530149,9.195549,
Mercury,Relay B,64328.297109,64336.838556,8.541448,
Mercury,Relay B,64421.381351,64429.443278,8.061927,
Mercury,Relay B,64513.732340,64521.416448,7.684108,
Mercury,Relay B,64605.531281,64612.894037,7.362756,
Mercury,Relay B,64696.940128,64704.028861,7.088733,
Mercury,Relay B,64788.094273,64794.965611,6.871339,
Mercury,Relay B,64879.109447,64885.837132,6.727684,
Mercury,Relay B,64970.090384,64976.771505,6.681121,
Mercury,Relay B,65061.138106,65067.902457,6.764351,
Mercury,Relay B,65152.355834,65159.378201,7.022367,
Mercury,Relay B,65243.854392,65251.361542,7.507150,
Mercury,Relay B,65335.758794,65344.010073,8.251279,
Mercury,Relay B,65428.214049,65437.426335,9.212286,
Mercury,Relay B,65521.376519,65531.588179,10.211659,
Mercury,Relay B,65615.365181,65626.303726,10.938545,
Mercury,Relay B,65710.152946,65721.246322,11.093375,
Mercury,Relay B,65805.440703,65816.064215,10.623511,
Mercury,Relay B,65900.670610,65910.478014,9.807404,
Mercury,Relay B,65995.288079,66004.301598,9.013518,
Mercury,Relay B,66089.024793,66097.433262,8.408469,
Mercury,Relay B,66181.909736,66189.870554,7.960818,
Mercury,Relay B,66274.106615,66281.706230,7.599615,
Mercury,Relay B,66365.794336,66373.084248,7.289911,
Mercury,Relay B,66457.127995,66464.156723,7.028728,
Mercury,Relay B,66548.237275,66555.065150,6.827875,
Mercury,Relay B,66639.234383,66645.940309,6.705926,
Mercury,Relay B,66730.222512,66736.910688,6.688176,
Mercury,Relay B,66821.302731,66828.112992,6.810262,
Mercury,Relay B,66912.579613,66919.699595,7.119983,
Mercury,Relay B,67004.166842,67011.834943,7.668100,
Mercury,Relay B,67096.194102,67104.668739,8.474637,
Mercury,Relay B,67188.811073,67198.279084,9.468011,
Mercury,Relay B,67282.171589,67292.603379,10.431790,
Mercury,Relay B,67376.370614,67387.409169,11.038555,
Mercury,Relay B,67471.323107,67482.351920,11.028813,
Mercury,Relay B,67566.654552,67577.091457,10.436906,
Mercury,Relay B,67661.775883,67671.372374,9.596491,
Mercury,Relay B,67756.185365,67765.029616,8.844252,
Mercury,Relay B,67849.699029,67857.984383,8.285354,
Mercury,Relay B,67942.395402,67950.260262,7.864860,
Mercury,Relay B,68034.449432,68041.967603,7.518170,
Mercury,Relay B,68126.035556,68133.255567,7.220011,
Mercury,Relay B,68217.302035,68224.274458,6.972423,
Mercury,Relay B,68308.373361,68315.162637,6.789276,
Mercury,Relay B,68399.358778,68406.049349,6.690571,
Mercury,Relay B,68490.360340,68497.064180,6.703840,
Mercury,Relay B,68581.479507,68588.347294,6.867786,
Mercury,Relay B,68672.822566,68680.055082,7.232516,
Mercury,Relay B,68764.506494,68772.351997,7.845504,
Mercury,Relay B,68856.665941,68865.376296,8.710355,
Mercury,Relay B,68949.454479,68959.177013,9.722534,
Mercury,Relay B,69043.019540,69053.649050,10.629510,
Mercury,Relay B,69137.424310,69148.523059,11.098749,
Mercury,Relay B,69232.518012,69243.444428,10.926416,
Mercury,Relay B,69327.854881,69338.089801,10.234920,
Mercury,Relay B,69422.835200,69432.227645,9.392445,
Mercury,Relay B,69517.025745,69525.713526,8.687780,
Mercury,Relay B,69610.322171,69618.492949,8.170777,
Mercury,Relay B,69702.841277,69710.614520,7.773243,
Mercury,Relay B,69794.763369,69802.202969,7.439600,
Mercury,Relay B,69886.257060,69893.410259,7.153199,
Mercury,Relay B,69977.464032,69984.384132,6.920100,
Mercury,Relay B,70068.504159,70075.260030,6.755871,
Mercury,Relay B,70159.484168,70166.166293,6.682125,
Mercury,Relay B,70250.505438,70257.234237,6.728799,
Mercury,Relay B,70341.670130,70348.607885,6.937756,
Mercury,Relay B,70433.086582,70440.447227,7.360644,
Mercury,Relay B,70524.875532,70532.914611,8.039079,
Mercury,Relay B,70617.176807,70626.132802,8.955995,
Mercury,Relay B,70710.146415,70720.117455,9.971041,
Mercury,Relay B,70803.920645,70814.720100,10.799456,
Mercury,Relay B,70898.522346,70909.639694,11.117348,
Mercury,Relay B,70993.728915,71004.519317,10.790401,
Mercury,Relay B,71089.032148,71099.056258,10.024110,
Mercury,Relay B,71183.843706,71193.042053,9.198347,
Mercury,Relay B,71277.809571,71286.353070,8.543499,
Mercury,Relay B,71370.896844,71378.960316,8.063472,
Mercury,Relay B,71463.250201,71470.935588,7.685387,
Mercury,Relay B,71555.050868,71562.414722,7.363854,
Mercury,Relay B,71646.460882,71653.550542,7.089660,
Mercury,Relay B,71737.615747,71744.487764,6.872017,
Mercury,Relay B,71828.631240,71835.359293,6.728053,
Mercury,Relay B,71919.612117,71926.293195,6.681078,
Mercury,Relay B,72010.659410,72017.423160,6.763750,
Mercury,Relay B,72101.876313,72108.897333,7.021020,
Mercury,Relay B,72193.373610,72200.878502,7.504892,
Mercury,Relay B,72285.276260,72293.524329,8.248069,
Mercury,Relay B,72377.729190,72386.937708,9.208518,
Mercury,Relay B,72470.888784,72481.097045,10.208261,
Mercury,Relay B,72564.874322,72575.811090,10.936769,
Mercury,Relay B,72659.659487,72670.753524,11.094037,
Mercury,Relay B,72754.946317,72765.572454,10.626138,
Mercury,Relay B,72850.177571,72859.988133,9.810562,
Mercury,Relay B,72944.798010,72953.814129,9.016119,
Mercury,Relay B,73038.538054,73046.948420,8.410366,
Venus,Relay A,168.321656,182.702883,14.381227,
Venus,Relay A,427.103577,440.929425,13.825849,
Venus,Relay A,685.780663,699.427691,13.647028,
Venus,Relay A,943.629755,957.821656,14.191901,
Venus,Relay A,1201.454402,1215.295229,13.840827,
Venus,Relay A,1459.337835,1472.695046,13.357211,
Venus,Relay A,1716.900457,1730.934549,14.034092,
Venus,Relay A,1974.991567,1989.314893,14.323326,
Venus,Relay A,2233.901891,2247.558292,13.656402,
Venus,Relay A,2492.338385,2506.136355,13.797971,
Venus,Relay A,2750.095122,2764.306782,14.211659,
Venus,Relay A,3007.985310,3021.618443,13.633133,
Venus,Relay A,3265.778054,3279.224332,13.446278,
Venus,Relay A,3523.366743,3537.601551,14.234808,
Venus,Relay A,3781.733679,3795.909856,14.176177,
Venus,Relay A,4040.656114,4054.223087,13.566974,
Venus,Relay A,4298.840247,4312.812962,13.972714,
Venus,Relay A,4556.579226,4570.717937,14.138711,
Venus,Relay A,4814.509077,4827.967714,13.458637,
Venus,Relay A,5072.192978,5085.820240,13.627262,
Venus,Relay A,5329.898200,5344.254777,14.356577,
Venus,Relay A,5588.525625,5602.502364,13.976739,
Venus,Relay A,5847.342316,5860.920602,13.578286,
Venus,Relay A,6105.309305,6119.431477,14.122171,
Venus,Relay A,6363.086514,6377.072532,13.986018,
Venus,Relay A,6621.009111,6634.370914,13.361803,
Venus,Relay A,6878.603362,6892.463320,13.859958,
Venus,Relay A,7136.508554,7150.884459,14.375905,
Venus,Relay A,7395.334754,7409.110065,13.775311,
Venus,Relay A,7653.952170,7667.634107,13.681936,
Venus,Relay A,7911.769033,7925.975121,14.206088,
Venus,Relay A,8169.611962,8183.397325,13.785362,
Venus,Relay A,8427.474907,8440.845277,13.370370,
Venus,Relay A,8685.036011,8699.128888,14.092877,
Venus,Relay A,8943.199046,8957.490880,14.291834,
Venus,Relay A,9202.124434,9215.748004,13.623570,
Venus,Relay A,9460.493103,9474.337114,13.844011,
Venus,Relay A,9718.238400,9732.439588,14.201188,
Venus,Relay A,9976.142698,9989.724358,13.581659,
Venus,Relay A,10233.906955,10247.393557,13.486602,
Venus,Relay A,10491.517634,10505.793736,14.276101,
Venus,Relay A,10749.957046,10764.083561,14.126515,
Venus,Relay A,11008.862383,11022.422361,13.559978,
Venus,Relay A,11266.983902,11281.000579,14.016677,
Venus,Relay A,11524.728615,11538.833621,14.105006,
Venus,Relay A,11782.661650,11796.085544,13.423894,
Venus,Relay A,12040.318300,12054.004202,13.685902,
Venus,Relay A,12298.069133,12312.441270,14.372137,
Venus,Relay A,12556.757026,12570.678370,13.921344,
Venus,Relay A,12815.528475,12829.126245,13.597770,
Venus,Relay A,13073.448317,13087.600410,14.152093,
Venus,Relay A,13331.241567,13345.177417,13.935850,
Venus,Relay A,13589.153255,13602.506476,13.353221,
Venus,Relay A,13846.731859,13860.655693,13.923834,
Venus,Relay A,14104.701158,14119.064343,14.363186,
Venus,Relay A,14363.564549,14377.292886,13.728336,
Venus,Relay A,14622.118769,14635.839801,13.721032,
Venus,Relay A,14879.909023,14894.122949,14.213925,
Venus,Relay A,15137.769926,15151.499583,13.729657,
Venus,Relay A,15395.609533,15409.000785,13.391252,
Venus,Relay A,15653.175039,15667.323133,14.148093,
Venus,Relay A,15911.411341,15925.665873,14.254532,
Venus,Relay A,16170.343277,16183.940351,13.597075,
Venus,Relay A,16428.644269,16442.535075,13.890806,
Venus,Relay A,16686.383188,16700.567390,14.184202,
Venus,Relay A,16944.299246,16957.832703,13.533457,
Venus,Relay A,17202.034346,17215.567227,13.532882,
Venus,Relay A,17459.673494,17473.984649,14.311154,
Venus,Relay A,17718.183408,17732.257403,14.073996,
Venus,Relay A,17977.063511,17990.623781,13.560270,
Venus,Relay A,18235.125712,18249.183674,14.057961,
Venus,Relay A,18492.879643,18506.945733,14.066090,
Venus,Relay A,18750.812266,18764.207629,13.395363,
Venus,Relay A,19008.443750,19022.191055,13.747305,
Venus,Relay A,19266.245790,19280.625978,14.380189,
Venus,Relay A,19524.988966,19538.855783,13.866817,
Venus,Relay A,19783.709234,19797.332608,13.623374,
Venus,Relay A,20041.587097,20055.763849,14.176752,
Venus,Relay A,20299.397737,20313.280758,13.883021,
Venus,Relay A,20557.294851,20570.647264,13.352413,
Venus,Relay A,20814.862452,20828.849174,13.986722,
Venus,Relay A,21072.899333,21087.242674,14.343341,
Venus,Relay A,21331.792276,21345.478065,13.685789,
Venus,Relay A,21590.280775,21604.044208,13.763433,
Venus,Relay A,21848.050010,21862.265223,14.215213,
Venus,Relay A,22105.927966,22119.602615,13.674649,
Venus,Relay A,22363.741884,22377.161427,13.419542,
Venus,Relay A,22621.317983,22635.516922,14.198939,
Venus,Relay A,22879.628047,22893.840136,14.212089,
Venus,Relay A,23138.557940,23152.135300,13.577359,
Venus,Relay A,23396.792336,23410.729722,13.937386,
Venus,Relay A,23654.529599,23668.690497,14.160898,
Venus,Relay A,23912.454634,23925.944025,13.489391,
Venus,Relay A,24170.160603,24183.744966,13.584363,
Venus,Relay A,24427.834599,24442.174095,14.339496,
Venus,Relay A,24686.412165,24700.431726,14.019561,
Venus,Relay A,24945.259317,24958.827055,13.567738,
Venus,Relay A,25203.266132,25217.361894,14.095761,
Venus,Relay A,25461.032243,25475.054765,14.022522,
Venus,Relay A,25718.960693,25732.334333,13.373640,
Venus,Relay A,25976.569837,25990.380313,13.810476,
Venus,Relay A,26234.428224,26248.808910,14.380687,
Venus,Relay A,26493.220744,26507.034912,13.814168,
Venus,Relay A,26751.884699,26765.539212,13.654513,
Venus,Relay A,27009.726031,27023.921675,14.195643,
Venus,Relay A,27267.554799,27281.383162,13.828363,
Venus,Relay A,27525.433880,27538.793375,13.359495,
Venus,Relay A,27782.995652,27797.043298,14.047646,
Venus,Relay A,28041.102856,28055.419606,14.316751,
Venus,Relay A,28300.017317,28313.665770,13.648453,
Venus,Relay A,28558.438523,28572.246777,13.808253,
Venus,Relay A,28816.192214,28830.402088,14.209874,
Venus,Relay A,29074.085775,29087.707037,13.621262,
Venus,Relay A,29331.872176,29345.327003,13.454827,
Venus,Relay A,29589.465268,29603.709921,14.244653,
Venus,Relay A,29847.848701,29862.013961,14.165259,
Venus,Relay A,30106.768003,30120.332754,13.564751,
Venus,Relay A,30364.937734,30378.920576,13.982842,
Venus,Relay A,30622.677683,30636.809254,14.131571,
Venus,Relay A,30880.608555,30894.058833,13.450278,
Venus,Relay A,31138.286157,31151.926378,13.640222,
Venus,Relay A,31396.001171,31410.361919,14.360748,
Venus,Relay A,31654.642673,31668.606873,13.964200,
Venus,Relay A,31913.449698,31927.031822,13.582124,
Venus,Relay A,32171.405599,32185.534972,14.129374,
Venus,Relay A,32429.186283,32443.161238,13.974955,
Venus,Relay A,32687.106752,32700.465946,13.359194,
Venus,Relay A,32944.697089,32958.571510,13.874421,
Venus,Relay A,33202.616426,33216.990090,14.373665,
Venus,Relay A,33461.451664,33475.216023,13.764359,
Venus,Relay A,33720.055074,33733.745506,13.690433,
Venus,Relay A,33977.865438,33992.073862,14.208424,
Venus,Relay A,34235.712479,34249.485241,13.772762,
Venus,Relay A,34493.570386,34506.944806,13.374420,
Venus,Relay A,34751.131952,34765.237644,14.105692,
Venus,Relay A,35009.311451,35023.595345,14.283895,
Venus,Relay A,35268.239069,35281.856083,13.617014,
Venus,Relay A,35526.592402,35540.446960,13.854559,
Venus,Relay A,35784.335818,35798.533745,14.197927,
Venus,Relay A,36042.243000,36055.813451,13.570451,
Venus,Relay A,36300.000708,36313.497266,13.496558,
Venus,Relay A,36557.617258,36571.901839,14.284581,
Venus,Relay A,36816.072798,36830.187665,14.114867,
Venus,Relay A,37074.973130,37088.532535,13.559404,
Venus,Relay A,37333.080935,37347.107199,14.026264,
Venus,Relay A,37590.827441,37604.924095,14.096654,
Venus,Relay A,37848.760708,37862.177588,13.416881,
Venus,Relay A,38106.411461,38120.111035,13.699574,
Venus,Relay A,38364.173391,38378.548001,14.374610,
Venus,Relay A,38622.874253,38636.783170,13.908916,
Venus,Relay A,38881.634630,38895.237670,13.603040,
Venus,Relay A,39139.544525,39153.702668,14.158143,
Venus,Relay A,39397.341603,39411.265729,13.924126,
Venus,Relay A,39655.250321,39668.602667,13.352345,
Venus,Relay A,39912.826016,39926.764175,13.938159,
Venus,Relay A,40170.810301,40185.169615,14.359314,
Venus,Relay A,40429.681047,40443.399359,13.718311,
Venus,Relay A,40688.220615,40701.950960,13.730345,
Venus,Relay A,40946.005635,40960.220427,14.214791,
Venus,Relay A,41203.870485,41217.587621,13.717135,
Venus,Relay A,41461.704479,41475.101482,13.397003,
Venus,Relay A,41719.271823,41733.431820,14.159997,
Venus,Relay A,41977.524776,41991.770149,14.245374,
Venus,Relay A,42236.457011,42250.049023,13.592011,
Venus,Relay A,42494.742828,42508.644209,13.901381,
Venus,Relay A,42752.480975,42766.660457,14.179482,
Venus,Relay A,43010.399316,43023.922421,13.523106,
Venus,Relay A,43268.127807,43281.671889,13.544083,
Venus,Relay A,43525.774278,43540.092436,14.318158,
Venus,Relay A,43784.299752,43798.361585,14.061832,
Venus,Relay A,44043.173074,44056.734400,13.561326,
Venus,Relay A,44301.222392,44315.289221,14.066829,
Venus,Relay A,44558.978829,44573.035470,14.056641,
Venus,Relay A,44816.910843,44830.300688,13.389845,
Venus,Relay A,45074.537015,45088.298465,13.761450,
Venus,Relay A,45332.351354,45346.732314,14.380960,
Venus,Relay A,45591.106212,45604.960942,13.854731,
Venus,Relay A,45849.814180,45863.444137,13.629956,
Venus,Relay A,46107.683313,46121.864846,14.181533,
Venus,Relay A,46365.498004,46379.368803,13.870799,
Venus,Relay A,46623.391334,46636.744657,13.353323,
Venus,Relay A,46880.957149,46894.957835,14.000687,
Venus,Relay A,47139.009704,47153.347611,14.337908,
Venus,Relay A,47397.908225,47411.585097,13.676872,
Venus,Relay A,47656.381626,47670.155006,13.773380,
Venus,Relay A,47914.146870,47928.361465,14.214595,
Venus,Relay A,48172.028501,48185.690918,13.662417,
Venus,Relay A,48429.836342,48443.263257,13.426915,
Venus,Relay A,48687.415718,48701.625455,14.209737,
Venus,Relay A,48945.742416,48959.944283,14.201866,
Venus,Relay A,49204.670662,49218.244545,13.573883,
Venus,Relay A,49462.890252,49476.838041,13.947789,
Venus,Relay A,49720.627755,49734.782543,14.154788,
Venus,Relay A,49978.554404,49992.034492,13.480087,
Venus,Relay A,50236.253867,50249.850495,13.596628,
Venus,Relay A,50493.936601,50508.281530,14.344930,
Venus,Relay A,50752.528964,50766.536062,14.007098,
Venus,Relay A,51011.367661,51024.938051,13.570390,
Venus,Relay A,51269.362563,51283.466307,14.103744,
Venus,Relay A,51527.131772,51541.143874,14.012102,
Venus,Relay A,51785.058747,51798.428481,13.369734,
Venus,Relay A,52042.663315,52056.488211,13.824896,
Venus,Relay A,52300.535092,52314.914843,14.379750,
Venus,Relay A,52559.337861,52573.140501,13.802640,
Venus,Relay A,52817.988477,52831.650715,13.662238,
Venus,Relay A,53075.822317,53090.021402,14.199085,
Venus,Relay A,53333.655230,53347.471079,13.815849,
Venus,Relay A,53591.529779,53604.891977,13.362198,
Venus,Relay A,53849.091002,53863.152045,14.061043,
Venus,Relay A,54107.214401,54121.524252,14.309851,
Venus,Relay A,54366.132570,54379.773385,13.640815,
Venus,Relay A,54624.538457,54638.357079,13.818622,
Venus,Relay A,54882.289384,54896.497128,14.207745,
Venus,Relay A,55140.186206,55153.795735,13.609529,
Venus,Relay A,55397.966212,55411.429923,13.463711,
Venus,Relay A,55655.564034,55669.818232,14.254197,
Venus,Relay A,55913.963903,55928.118056,14.154153,
Venus,Relay A,56172.879635,56186.442540,13.562905,
Venus,Relay A,56431.035118,56445.027977,13.992859,
Venus,Relay A,56688.776217,56702.900380,14.124163,
Venus,Relay A,56946.707947,56960.150157,13.442210,
Venus,Relay A,57204.379317,57218.032681,13.653363,
Venus,Relay A,57462.104435,57476.468959,14.364524,
Venus,Relay A,57720.759772,57734.711440,13.951668,
Venus,Relay A,57979.556808,57993.143102,13.586294,
Venus,Relay A,58237.501866,58251.638184,14.136317,
Venus,Relay A,58495.286122,58509.249849,13.963727,
Venus,Relay A,58753.204256,58766.561228,13.356972,
Venus,Relay A,59010.790895,59024.679777,13.888883,
Venus,Relay A,59268.724581,59283.095637,14.371057,
Venus,Relay A,59527.568498,59541.322094,13.753596,
Venus,Relay A,59786.157736,59799.856873,13.699137,
Venus,Relay A,60043.961886,60058.172310,14.210423,
Venus,Relay A,60301.813013,60315.573175,13.760162,
Venus,Relay A,60559.665735,60573.044594,13.378859,
Venus,Relay A,60817.228074,60831.346393,14.118319,
Venus,Relay A,61075.424095,61089.699767,14.275672,
Venus,Relay A,61334.353508,61347.964290,13.610782,
Venus,Relay A,61592.691519,61606.556644,13.865126,
Venus,Relay A,61850.433331,61864.627644,14.194313,
Venus,Relay A,62108.343260,62121.902680,13.559421,
Venus,Relay A,62366.094384,62379.601199,13.506815,
Venus,Relay A,62623.717131,62638.009867,14.292736,
Venus,Relay A,62882.188695,62896.291779,14.103084,
Venus,Relay A,63141.083612,63154.642818,13.559206,
Venus,Relay A,63399.177880,63413.213594,14.035714,
Venus,Relay A,63656.926353,63671.014390,14.088037,
Venus,Relay A,63914.859662,63928.269857,13.410195,
Venus,Relay A,64172.504640,64186.218006,13.713367,
Venus,Relay A,64430.277943,64444.654655,14.376712,
Venus,Relay A,64688.991498,64702.888038,13.896540,
Venus,Relay A,64947.740511,64961.349131,13.608620,
Venus,Relay A,65205.640733,65219.804653,14.163920,
Venus,Relay A,65463.441708,65477.353963,13.912255,
Venus,Relay A,65721.347251,65734.699141,13.351890,
Venus,Relay A,65978.920284,65992.872708,13.952424,
Venus,Relay A,66236.919726,66251.274810,14.355083,
Venus,Relay A,66495.797435,66509.505953,13.708518,
Venus,Relay A,66754.322223,66768.062052,13.739829,
Venus,Relay A,67012.102289,67026.317614,14.215324,
Venus,Relay A,67269.971045,67283.675709,13.704664,
Venus,Relay A,67527.799306,67541.202445,13.403139,
Venus,Relay A,67785.368820,67799.540474,14.171654,
Venus,Relay A,68043.638433,68057.874391,14.235958,
Venus,Relay A,68302.570515,68316.157822,13.587307,
Venus,Relay A,68560.841234,68574.753172,13.911938,
Venus,Relay A,68818.578840,68832.753275,14.174435,
Venus,Relay A,69076.499326,69090.012304,13.512979,
Venus,Relay A,69334.221208,69347.776758,13.555551,
Venus,Relay A,69591.875326,69606.200145,14.324819,
Venus,Relay A,69850.416216,69864.465792,14.049576,
Venus,Relay A,70109.282354,70122.845114,13.562759,
Venus,Relay A,70367.319013,70381.394526,14.075514,
Venus,Relay A,70625.078102,70639.125051,14.046949,
Venus,Relay A,70883.009317,70896.393994,13.384677,
Venus,Relay A,71140.630313,71154.406002,13.775689,
Venus,Relay A,71398.457209,71412.838556,14.381348,
Venus,Relay A,71657.223456,71671.066197,13.842741,
Venus,Relay A,71915.918859,71929.555666,13.636806,
Venus,Relay A,72173.779539,72187.965560,14.186021,
Venus,Relay A,72431.598307,72445.456805,13.858499,
Venus,Relay A,72689.487687,72702.842324,13.354637,
Venus,Relay A,72947.051984,72961.066532,14.014548,
Venus,Relay B,234.130339,247.748974,13.618635,
Venus,Relay B,492.014948,506.187905,14.172957,
Venus,Relay B,749.822566,763.714693,13.892127,
Venus,Relay B,1007.722401,1021.074403,13.352002,
Venus,Relay B,1265.291521,1279.267694,13.976173,
Venus,Relay B,1523.316730,1537.663924,14.347195,
Venus,Relay B,1782.205226,1795.897874,13.692648,
Venus,Relay B,2040.704994,2054.461045,13.756051,
Venus,Relay B,2298.477405,2312.692866,14.215462,
Venus,Relay B,2556.352564,2570.036440,13.683876,
Venus,Relay B,2814.170971,2827.585209,13.414238,
Venus,Relay B,3071.744828,3085.935493,14.190665,
Venus,Relay B,3330.042397,3344.262012,14.219616,
Venus,Relay B,3588.973242,3602.553452,13.580210,
Venus,Relay B,3847.218804,3861.148355,13.929550,
Venus,Relay B,4104.956041,4119.121309,14.165268,
Venus,Relay B,4362.879764,4376.376287,13.496524,
Venus,Relay B,4620.590633,4634.165941,13.575308,
Venus,Relay B,4878.258287,4892.593466,14.335178,
Venus,Relay B,5136.824626,5150.853499,14.028873,
Venus,Relay B,5395.677880,5409.243858,13.565978,
Venus,Relay B,5653.693785,5667.783410,14.089625,
Venus,Relay B,5911.457638,5925.487842,14.030204,
Venus,Relay B,6169.387068,6182.763892,13.376824,
Venus,Relay B,6426.999772,6440.799460,13.799688,
Venus,Relay B,6684.848272,6699.229404,14.381132,
Venus,Relay B,6943.632871,6957.455792,13.822922,
Venus,Relay B,7202.306696,7215.955569,13.648873,
Venus,Relay B,7460.153822,7474.346693,14.192871,
Venus,Relay B,7717.979499,7731.817210,13.837711,
Venus,Relay B,7975.861859,7989.219603,13.357743,
Venus,Relay B,8233.424241,8247.461740,14.037499,
Venus,Relay B,8491.519360,8505.841071,14.321712,
Venus,Relay B,8750.430764,8764.085149,13.654385,
Venus,Relay B,9008.863439,9022.663967,13.800529,
Venus,Relay B,9266.619387,9280.830634,14.211247,
Venus,Relay B,9524.510425,9538.140587,13.630162,
Venus,Relay B,9782.301598,9795.749978,13.448380,
Venus,Relay B,10039.891351,10054.128648,14.237297,
Venus,Relay B,10298.262416,10312.435888,14.173472,
Venus,Relay B,10557.184112,10570.750493,13.566381,
Venus,Relay B,10815.364632,10829.339887,13.975255,
Venus,Relay B,11073.103834,11087.240786,14.136951,
Venus,Relay B,11331.033951,11344.490477,13.456526,
Venus,Relay B,11588.716272,11602.346762,13.630489,
Venus,Relay B,11846.423915,11860.781573,14.357658,
Venus,Relay B,12105.054876,12119.028483,13.973607,
Venus,Relay B,12363.869189,12377.448402,13.579213,
Venus,Relay B,12621.833381,12635.957380,14.124000,
Venus,Relay B,12879.611447,12893.594719,13.983272,
Venus,Relay B,13137.533539,13150.894647,13.361108,
Venus,Relay B,13395.126785,13408.990365,13.863580,
Venus,Relay B,13653.035496,13667.410877,14.375381,
Venus,Relay B,13911.863988,13925.636544,13.772556,
Venus,Relay B,14170.477920,14184.161959,13.684039,
Venus,Relay B,14428.293126,14442.499832,14.206706,
Venus,Relay B,14686.137094,14699.919306,13.782212,
Venus,Relay B,14943.998785,14957.370133,13.371348,
Venus,Relay B,15201.559975,15215.656079,14.096105,
Venus,Relay B,15459.727121,15474.017008,14.289886,
Venus,Relay B,15718.653110,15732.275016,13.621906,
Venus,Relay B,15977.017943,15990.864589,13.846645,
Venus,Relay B,16234.762742,16248.963157,14.200415,
Venus,Relay B,16492.667778,16506.246622,13.578844,
Venus,Relay B,16750.430404,16763.919469,13.489065,
Venus,Relay B,17008.042517,17022.320764,14.278247,
Venus,Relay B,17266.485970,17280.609585,14.123614,
Venus,Relay B,17525.390089,17538.949887,13.559798,
Venus,Relay B,17783.508167,17797.527256,14.019089,
Venus,Relay B,18041.253309,18055.356255,14.102945,
Venus,Relay B,18299.186429,18312.608529,13.422100,
Venus,Relay B,18556.841586,18570.530895,13.689309,
Venus,Relay B,18814.595174,18828.967963,14.372789,
Venus,Relay B,19073.286328,19087.204565,13.918237,
Venus,Relay B,19332.055039,19345.654097,13.599057,
Venus,Relay B,19589.972366,19604.126004,14.153638,
Venus,Relay B,19847.766570,19861.699501,13.932931,
Venus,Relay B,20105.677537,20119.030500,13.352963,
Venus,Relay B,20363.255386,20377.182807,13.927421,
Venus,Relay B,20621.228417,20635.590668,14.362250,
Venus,Relay B,20880.093680,20893.819493,13.725813,
Venus,Relay B,21138.644252,21152.367593,13.723341,
Venus,Relay B,21396.433176,21410.647342,14.214166,
Venus,Relay B,21654.295066,21668.021591,13.726525,
Venus,Relay B,21912.133283,21925.525934,13.392652,
Venus,Relay B,22169.699218,22183.850307,14.151089,
Venus,Relay B,22427.939673,22442.191948,14.252275,
Venus,Relay B,22686.871730,22700.467508,13.595778,
Venus,Relay B,22945.168928,22959.062378,13.893450,
Venus,Relay B,23202.907624,23217.090676,14.183052,
Venus,Relay B,23460.824274,23474.355113,13.530839,
Venus,Relay B,23718.557717,23732.093371,13.535654,
Venus,Relay B,23976.198668,23990.511609,14.312941,
Venus,Relay B,24234.712487,24248.783444,14.070957,
Venus,Relay B,24493.590925,24507.151427,13.560502,
Venus,Relay B,24751.649891,24765.710084,14.060193,
Venus,Relay B,25009.404431,25023.468178,14.063746,
Venus,Relay B,25267.336917,25280.730872,13.393955,
Venus,Relay B,25524.967062,25538.717895,13.750833,
Venus,Relay B,25782.772149,25797.152569,14.380420,
Venus,Relay B,26041.518278,26055.382064,13.863786,
Venus,Relay B,26300.235490,26313.860495,13.625005,
Venus,Relay B,26558.111156,26572.289126,14.177971,
Venus,Relay B,26815.922799,26829.802773,13.879974,
Venus,Relay B,27073.818978,27087.171589,13.352611,
Venus,Relay B,27331.386115,27345.376330,13.990215,
Venus,Relay B,27589.426893,27603.768913,14.342020,
Venus,Relay B,27848.321279,27862.004811,13.683533,
Venus,Relay B,28106.806009,28120.571914,13.765904,
Venus,Relay B,28364.574223,28378.789307,14.215084,
Venus,Relay B,28622.453106,28636.124682,13.671576,
Venus,Relay B,28880.265506,28893.686858,13.421352,
Venus,Relay B,29137.842393,29152.044053,14.201660,
Venus,Relay B,29396.156620,29410.366177,14.209557,
Venus,Relay B,29655.086144,29668.662602,13.576458,
Venus,Relay B,29913.316824,29927.256820,13.939996,
Venus,Relay B,30171.054130,30185.213526,14.159396,
Venus,Relay B,30428.979585,30442.466624,13.487040,
Venus,Relay B,30686.683923,30700.271334,13.587411,
Venus,Relay B,30944.360074,30958.700960,14.340886,
Venus,Relay B,31202.941356,31216.957809,14.016454,
Venus,Relay B,31461.786431,31475.354795,13.568364,
Venus,Relay B,31719.790242,31733.888021,14.097778,
Venus,Relay B,31977.557117,31991.577055,14.019938,
Venus,Relay B,32235.485215,32248.857842,13.372627,
Venus,Relay B,32493.093200,32506.907281,13.814081,
Venus,Relay B,32750.954917,32765.335398,14.380481,
Venus,Relay B,33009.750030,33023.561296,13.811267,
Venus,Relay B,33268.410671,33282.067090,13.656419,
Venus,Relay B,33526.250098,33540.446634,14.196536,
Venus,Relay B,33784.079905,33797.905144,13.825239,
Venus,Relay B,34041.957861,34055.318000,13.360139,
Venus,Relay B,34299.519471,34313.570480,14.051009,
Venus,Relay B,34557.630716,34571.945767,14.315051,
Venus,Relay B,34816.546147,34830.192660,13.646513,
Venus,Relay B,35074.963526,35088.774364,13.810838,
Venus,Relay B,35332.716496,35346.925872,14.209376,
Venus,Relay B,35590.610881,35604.229207,13.618326,
Venus,Relay B,35848.395694,35861.852718,13.457025,
Venus,Relay B,36105.989936,36120.237000,14.247065,
Venus,Relay B,36364.377489,36378.539985,14.162496,
Venus,Relay B,36623.295933,36636.860194,13.564261,
Venus,Relay B,36881.462092,36895.447441,13.985349,
Venus,Relay B,37139.202308,37153.332059,14.129751,
Venus,Relay B,37397.133411,37410.581647,13.448236,
Venus,Relay B,37654.809443,37668.452943,13.643500,
Venus,Relay B,37912.526964,37926.888681,14.361717,
Venus,Relay B,38171.171941,38185.133008,13.961067,
Venus,Relay B,38429.976503,38443.559631,13.583128,
Venus,Relay B,38687.929666,38702.060799,14.131133,
Venus,Relay B,38945.711234,38959.683399,13.972165,
Venus,Relay B,39203.631137,39216.989738,13.358602,
Venus,Relay B,39461.220530,39475.098573,13.878043,
Venus,Relay B,39719.143436,39733.516484,14.373048,
Venus,Relay B,39977.980881,39991.742528,13.761647,
Venus,Relay B,40236.580763,40250.273351,13.692588,
Venus,Relay B,40494.389548,40508.598495,14.208947,
Venus,Relay B,40752.237610,40766.007223,13.769613,
Venus,Relay B,41010.094230,41023.469731,13.375502,
Venus,Relay B,41267.655959,41281.764828,14.108869,
Venus,Relay B,41525.839586,41540.121455,14.281869,
Venus,Relay B,41784.767694,41798.383120,13.615425,
Venus,Relay B,42043.117198,42056.974392,13.857194,
Venus,Relay B,42300.860194,42315.057237,14.197042,
Venus,Relay B,42558.768072,42572.335750,13.567677,
Venus,Relay B,42816.524132,42830.023231,13.499099,
Venus,Relay B,43074.142200,43088.428850,14.286650,
Venus,Relay B,43332.601757,43346.713689,14.111932,
Venus,Relay B,43591.500776,43605.060095,13.559319,
Venus,Relay B,43849.605182,43863.633823,14.028642,
Venus,Relay B,44107.352160,44121.446686,14.094525,
Venus,Relay B,44365.285461,44378.700634,13.415173,
Venus,Relay B,44622.934755,44636.637763,13.703008,
Venus,Relay B,44880.699501,44895.074677,14.375176,
Venus,Relay B,45139.403564,45153.309382,13.905818,
Venus,Relay B,45398.161126,45411.765532,13.604405,
Venus,Relay B,45656.068575,45670.228194,14.159619,
Venus,Relay B,45913.866623,45927.787787,13.921165,
Venus,Relay B,46171.774570,46185.126760,13.352190,
Venus,Relay B,46429.349568,46443.291306,13.941738,
Venus,Relay B,46687.337629,46701.695922,14.358293,
Venus,Relay B,46946.210161,46959.925992,13.715831,
Venus,Relay B,47204.746038,47218.478744,13.732705,
Venus,Relay B,47462.529797,47476.744751,14.214954,
Venus,Relay B,47720.395625,47734.109636,13.714011,
Venus,Relay B,47978.228194,47991.626699,13.398505,
Venus,Relay B,48235.796053,48249.958985,14.162932,
Venus,Relay B,48494.053168,48508.296216,14.243048,
Venus,Relay B,48752.985404,48766.576214,13.590810,
Venus,Relay B,49011.267446,49025.171469,13.904023,
Venus,Relay B,49269.005429,49283.183682,14.178253,
Venus,Relay B,49526.924327,49540.444875,13.520548,
Venus,Relay B,49784.651161,49798.198085,13.546924,
Venus,Relay B,50042.299512,50056.619370,14.319858,
Venus,Relay B,50300.828857,50314.887634,14.058777,
Venus,Relay B,50559.700419,50573.262073,13.561653,
Venus,Relay B,50817.746553,50831.815571,14.069017,
Venus,Relay B,51075.503644,51089.557880,14.054236,
Venus,Relay B,51333.435476,51346.823991,13.388515,
Venus,Relay B,51591.060335,51604.825338,13.765003,
Venus,Relay B,51848.877789,51863.258880,14.381090,
Venus,Relay B,52107.635523,52121.487249,13.851727,
Venus,Relay B,52366.340376,52379.972014,13.631639,
Venus,Relay B,52624.207363,52638.390055,14.182692,
Venus,Relay B,52882.023076,52895.890810,13.867734,
Venus,Relay B,53139.915435,53153.269051,13.353616,
Venus,Relay B,53397.480846,53411.485009,14.004163,
Venus,Relay B,53655.537333,53669.873833,14.336500,
Venus,Relay B,53914.437193,53928.111876,13.674684,
Venus,Relay B,54172.906800,54186.682687,13.775887,
Venus,Relay B,54430.671100,54444.885480,14.214380,
Venus,Relay B,54688.553632,54702.213002,13.659370,
Venus,Relay B,54946.359937,54959.788757,13.428821,
Venus,Relay B,55203.940180,55218.152577,14.212398,
Venus,Relay B,55462.271042,55476.470315,14.199273,
Venus,Relay B,55721.198806,55734.771883,13.573077,
Venus,Relay B,55979.414705,55993.365087,13.950381,
Venus,Relay B,56237.152311,56251.305520,14.153209,
Venus,Relay B,56495.079329,56508.557134,13.477804,
Venus,Relay B,56752.777170,56766.376905,13.599735,
Venus,Relay B,57010.462144,57024.808370,14.346226,
Venus,Relay B,57269.058172,57283.062155,14.003983,
Venus,Relay B,57527.894698,57541.465809,13.571111,
Venus,Relay B,57785.886664,57799.992365,14.105700,
Venus,Relay B,58043.656663,58057.666130,14.009467,
Venus,Relay B,58301.583243,58314.952059,13.368815,
Venus,Relay B,58559.186695,58573.015197,13.828502,
Venus,Relay B,58817.061854,58831.441313,14.379458,
Venus,Relay B,59075.867138,59089.666911,13.799773,
Venus,Relay B,59334.514381,59348.178584,13.664203,
Venus,Relay B,59592.346401,59606.546285,14.199883,
Venus,Relay B,59850.180344,59863.993060,13.812716,
Venus,Relay B,60108.053743,60121.416662,13.362919,
Venus,Relay B,60365.614872,60379.679236,14.064364,
Venus,Relay B,60623.742322,60638.050405,14.308083,
Venus,Relay B,60882.661358,60896.300310,13.638952,
Venus,Relay B,61141.063416,61154.884639,13.821222,
Venus,Relay B,61398.813683,61413.020844,14.207162,
Venus,Relay B,61656.711311,61670.317931,13.606620,
Venus,Relay B,61914.489704,61927.955689,13.465985,
Venus,Relay B,62172.088762,62186.345303,14.256540,
Venus,Relay B,62430.492725,62444.644072,14.151346,
Venus,Relay B,62689.407504,62702.970006,13.562502,
Venus,Relay B,62947.559443,62961.554790,13.995348,
Venus,Relay B,63205.300868,63219.423125,14.122257,
Venus,Relay B,63463.232778,63476.673014,13.440236,
Venus,Relay B,63720.902612,63734.559279,13.656668,
Venus,Relay B,63978.630296,63992.995712,14.365417,
Venus,Relay B,64237.289049,64251.237584,13.948535,
Venus,Relay B,64496.083535,64509.670928,13.587393,
Venus,Relay B,64754.025934,64768.163941,14.138007,
Venus,Relay B,65011.811090,65025.771986,13.960896,
Venus,Relay B,65269.728615,65283.085089,13.356474,
Venus,Relay B,65527.314369,65541.206857,13.892488,
Venus,Relay B,65785.251669,65799.622013,14.370344,
Venus,Relay B,66044.097697,66057.848624,13.750927,
Venus,Relay B,66302.683365,66316.384699,13.701334,
Venus,Relay B,66560.486005,66574.696883,14.210878,
Venus,Relay B,66818.338144,66832.095157,13.757012,
Venus,Relay B,67076.189553,67089.569588,13.380034,
Venus,Relay B,67333.752132,67347.873575,14.121443,
Venus,Relay B,67591.952299,67606.225860,14.273561,
Venus,Relay B,67850.882090,67864.491369,13.609280,
Venus,Relay B,68109.216272,68123.084042,13.867769,
Venus,Relay B,68366.957715,68381.151075,14.193360,
Venus,Relay B,68624.868314,68638.425005,13.556691,
Venus,Relay B,68882.617790,68896.127214,13.509424,
Venus,Relay B,69140.242142,69154.536869,14.294727,
Venus,Relay B,69398.717689,69412.817811,14.100122,
Venus,Relay B,69657.611190,69671.170404,13.559215,
Venus,Relay B,69915.702110,69929.740150,14.038040,
Venus,Relay B,70173.451097,70187.536938,14.085840,
Venus,Relay B,70431.384390,70444.792963,13.408573,
Venus,Relay B,70689.027934,70702.744768,13.716834,
Venus,Relay B,70946.804130,70961.181296,14.377167,
Venus,Relay B,71205.520810,71219.414276,13.893466,
Venus,Relay B,71464.266939,71477.877000,13.610061,
Venus,Relay B,71722.164783,71736.330102,14.165319,
Venus,Relay B,71979.966736,71993.876013,13.909277,
Venus,Relay B,72237.871464,72251.223293,13.351830,
Venus,Relay B,72495.443871,72509.399848,13.955977,
Venus,Relay B,72753.447124,72767.801091,14.353968,
Venus,Relay B,73012.326514,73026.032620,13.706106,
Earth,Relay A,277.830857,298.391866,20.561008,
Earth,Relay A,742.684893,762.549349,19.864456,
Earth,Relay A,1202.013935,1221.369627,19.355692,
Earth,Relay A,1661.786929,1681.900045,20.113116,
Earth,Relay A,2127.032071,2147.539744,20.507673,
Earth,Relay A,2590.666731,2610.306069,19.639338,
Earth,Relay A,3049.257026,3068.701595,19.444570,
Earth,Relay A,3510.330317,3530.663100,20.332784,
Earth,Relay A,3976.112160,3996.472864,20.360704,
Earth,Relay A,4438.292302,4457.756742,19.464440,
Earth,Relay A,4896.671726,4916.281608,19.609881,
Earth,Relay A,5359.220615,5379.712110,20.491494,
Earth,Relay A,5824.924104,5845.071794,20.147690,
Earth,Relay A,6285.653092,6305.016467,19.363375,
Earth,Relay A,6744.377798,6764.207294,19.829496,
Earth,Relay A,7208.346367,7228.906045,20.559678,
Earth,Relay A,7673.371198,7693.277411,19.906213,
Earth,Relay A,8132.875386,8152.224443,19.349057,
Earth,Relay A,8592.455964,8612.527634,20.071670,
Earth,Relay A,9057.551374,9078.075527,20.524153,
Earth,Relay A,9521.420473,9541.095998,19.675525,
Earth,Relay A,9980.102770,9999.526037,19.423267,
Earth,Relay A,10440.932421,10461.230529,20.298108,
Earth,Relay A,10906.664019,10927.055838,20.391819,
Earth,Relay A,11369.102401,11388.592359,19.489958,
Earth,Relay A,11827.478366,11847.054988,19.576622,
Earth,Relay A,12289.769059,12310.238897,20.469838,
Earth,Relay A,12755.530964,12775.718684,20.187720,
Earth,Relay A,13216.500733,13235.875618,19.374885,
Earth,Relay A,13675.126914,13694.915787,19.788873,
Earth,Relay A,14138.864297,14159.419469,20.555172,
Earth,Relay A,14604.045426,14623.993730,19.948303,
Earth,Relay A,15063.736983,15083.082093,19.345110,
Earth,Relay A,15523.137102,15543.166860,20.029757,
Earth,Relay A,15988.067863,16008.605542,20.537680,
Earth,Relay A,16452.163074,16471.876167,19.713093,
Earth,Relay A,16910.953012,16930.357353,19.404342,
Earth,Relay A,17371.545478,17391.807262,20.261785,
Earth,Relay A,17837.208402,17857.629163,20.420761,
Earth,Relay A,18299.903908,18319.421520,19.517612,
Earth,Relay A,18758.293272,18777.838436,19.545164,
Earth,Relay A,19220.325364,19240.770930,20.445566,
Earth,Relay A,19686.127103,19706.353791,20.226688,
Earth,Relay A,20147.343474,20166.732451,19.388977,
Earth,Relay A,20605.886991,20625.636115,19.749125,
Earth,Relay A,21069.385523,21089.933064,20.547542,
Earth,Relay A,21534.707603,21554.698136,19.990533,
Earth,Relay A,21994.597972,22013.941828,19.343856,
Earth,Relay A,22453.830325,22473.817905,19.987580,
Earth,Relay A,22918.582437,22939.130613,20.548177,
Earth,Relay A,23382.894243,23402.646114,19.751871,
Earth,Relay A,23841.807005,23861.194909,19.387904,
Earth,Relay A,24302.169829,24322.393823,20.223993,
Earth,Relay A,24767.746030,24788.193381,20.447351,
Earth,Relay A,25230.696282,25250.243584,19.547301,
Earth,Relay A,25689.115859,25708.631472,19.515613,
Earth,Relay A,26150.890201,26171.309005,20.418804,
Earth,Relay A,26616.712959,26636.977336,20.264377,
Earth,Relay A,27078.180618,27097.586205,19.405586,
Earth,Relay A,27536.657676,27556.368099,19.710423,
Earth,Relay A,27999.910920,28020.447742,20.536821,
Earth,Relay A,28465.357817,28485.390518,20.032701,
Earth,Relay A,28925.457586,28944.802885,19.345299,
Earth,Relay A,29384.535573,29404.480924,19.945351,
Earth,Relay A,29849.095989,29869.651582,20.555593,
Earth,Relay A,30313.613748,30333.405444,19.791697,
Earth,Relay A,30772.664019,30792.038019,19.374001,
Earth,Relay A,31232.805752,31252.990708,20.184957,
Earth,Relay A,31698.277668,31718.749111,20.471443,
Earth,Relay A,32161.479035,32181.057932,19.578897,
Earth,Relay A,32619.945501,32639.433597,19.488095,
Earth,Relay A,33081.464178,33101.853886,20.389708,
Earth,Relay A,33547.289023,33567.589612,20.300589,
Earth,Relay A,34009.011472,34028.436146,19.424674,
Earth,Relay A,34467.438540,34487.111490,19.672950,
Earth,Relay A,34930.441313,34950.964401,20.523088,
Earth,Relay A,35395.996210,35416.070807,20.074596,
Earth,Relay A,35856.315064,35875.664499,19.349435,
Earth,Relay A,36315.252725,36335.156002,19.903277,
Earth,Relay A,36779.609439,36800.169314,20.559875,
Earth,Relay A,37244.321407,37264.153779,19.832372,
Earth,Relay A,37703.523308,37722.885986,19.362679,
Earth,Relay A,38163.453475,38183.598332,20.144857,
Earth,Relay A,38628.804121,38649.297023,20.492902,
Earth,Relay A,39092.251703,39111.863979,19.612276,
Earth,Relay A,39550.781539,39570.244279,19.462740,
Earth,Relay A,40012.047855,40032.406302,20.358447,
Earth,Relay A,40477.855825,40498.190969,20.335144,
Earth,Relay A,40939.835406,40959.281556,19.446150,
Earth,Relay A,41398.229138,41417.865996,19.636858,
Earth,Relay A,41860.977525,41881.483936,20.506412,
Earth,Relay A,42326.623000,42346.739000,20.116000,
Earth,Relay A,42787.169658,42806.525908,19.356251,
Earth,Relay A,43245.981602,43265.843148,19.861547,
Earth,Relay A,43710.123704,43730.684695,20.560991,
Earth,Relay A,44175.017076,44194.890810,19.873734,
Earth,Relay A,44634.384107,44653.738091,19.353984,
Earth,Relay A,45094.113155,45114.217071,20.103915,
Earth,Relay A,45559.326214,45579.837818,20.511604,
Earth,Relay A,46023.013866,46042.661152,19.647285,
Earth,Relay A,46481.623318,46501.062936,19.439618,
Earth,Relay A,46942.641728,46962.966925,20.325196,
Earth,Relay A,47408.413967,47428.781796,20.367829,
Earth,Relay A,47870.651779,47890.121721,19.469942,
Earth,Relay A,48329.028973,48348.631283,19.602310,
Earth,Relay A,48791.520329,48812.007223,20.486894,
Earth,Relay A,49257.238451,49277.395162,20.156711,
Earth,Relay A,49718.020621,49737.386347,19.365726,
Earth,Relay A,50176.721980,50196.542345,19.820365,
Earth,Relay A,50640.639677,50661.198617,20.558940,
Earth,Relay A,51105.700686,51125.616271,19.915586,
Earth,Relay A,51565.245652,51584.593603,19.347951,
Earth,Relay A,52024.784895,52044.847242,20.062347,
Earth,Relay A,52489.844822,52510.372245,20.527423,
Earth,Relay A,52953.765145,52973.448943,19.683798,
Earth,Relay A,53412.470135,53431.888965,19.418830,
Earth,Relay A,53873.246244,53893.536380,20.290135,
Earth,Relay A,54338.964101,54359.362572,20.398471,
Earth,Relay A,54801.460007,54820.955956,19.495949,
Earth,Relay A,55259.837509,55279.406955,19.569446,
Earth,Relay A,55722.070463,55742.535110,20.464646,
Earth,Relay A,56187.842882,56208.039401,20.196519,
Earth,Relay A,56648.867232,56668.245043,19.377810,
Earth,Relay A,57107.473577,57127.253489,19.779912,
Earth,Relay A,57571.158268,57591.712007,20.553739,
Earth,Relay A,58036.372219,58056.329947,19.957728,
Earth,Relay A,58496.107190,58515.451784,19.344594,
Earth,Relay A,58955.468736,58975.489086,20.020350,
Earth,Relay A,59420.360804,59440.901093,20.540289,
Earth,Relay A,59884.505222,59904.226872,19.721650,
Earth,Relay A,60343.321270,60362.721731,19.400461,
Earth,Relay A,60803.861791,60824.115258,20.253468,
Earth,Relay A,61269.506914,61289.933811,20.426897,
Earth,Relay A,61732.259523,61751.783590,19.524067,
Earth,Relay A,62190.654182,62210.192575,19.538392,
Earth,Relay A,62652.628622,62673.068429,20.439807,
Earth,Relay A,63118.436695,63138.671906,20.235211,
Earth,Relay A,63579.708788,63599.101251,19.392463,
Earth,Relay A,64038.236056,64057.976443,19.740387,
Earth,Relay A,64501.680352,64522.225765,20.545413,
Earth,Relay A,64967.031711,64987.031676,19.999966,
Earth,Relay A,65426.967937,65446.311880,19.343943,
Earth,Relay A,65886.164645,65906.142801,19.978156,
Earth,Relay A,66350.875069,66371.425168,20.550099,
Earth,Relay A,66815.233808,66834.994485,19.760677,
Earth,Relay A,67274.176009,67293.560584,19.384575,
Earth,Relay A,67734.488708,67754.704084,20.215376,
Earth,Relay A,68200.043135,68220.496081,20.452947,
Earth,Relay A,68663.049795,68682.603989,19.554193,
Earth,Relay A,69121.478400,69140.987687,19.509287,
Earth,Relay A,69583.195450,69603.607954,20.412504,
Earth,Relay A,70049.020321,70069.292912,20.272591,
Earth,Relay A,70510.544577,70529.954222,19.409645,
Earth,Relay A,70969.009043,70988.710994,19.701951,
Earth,Relay A,71432.206788,71452.740803,20.534015,
Earth,Relay A,71897.679271,71917.721354,20.042083,
Earth,Relay A,72357.827141,72377.173125,19.345984,
Earth,Relay A,72816.872562,72836.808507,19.935945,
Earth,Relay B,396.021076,415.703801,19.682725,
Earth,Relay B,854.723070,874.142475,19.419405,
Earth,Relay B,1315.506124,1335.797297,20.291173,
Earth,Relay B,1781.225817,1801.623429,20.397613,
Earth,Relay B,2243.714255,2263.209414,19.495159,
Earth,Relay B,2702.091500,2721.661873,19.570373,
Earth,Relay B,3164.331964,3184.797297,20.465333,
Earth,Relay B,3630.103070,3650.298448,20.195377,
Earth,Relay B,4091.120314,4110.497738,19.377424,
Earth,Relay B,4549.729181,4569.510262,19.781080,
Earth,Relay B,5013.420748,5033.974684,20.553936,
Earth,Relay B,5478.630476,5498.586977,19.956501,
Earth,Relay B,5938.359774,5957.704428,19.344654,
Earth,Relay B,6397.726289,6417.747875,20.021586,
Earth,Relay B,6862.623429,6883.163383,20.539954,
Earth,Relay B,7326.761480,7346.482014,19.720533,
Earth,Relay B,7785.574094,7804.975053,19.400959,
Earth,Relay B,8246.121344,8266.375901,20.254558,
Earth,Relay B,8711.768827,8732.194935,20.426107,
Earth,Relay B,9174.514030,9194.037255,19.523226,
Earth,Relay B,9632.907950,9652.447218,19.539268,
Earth,Relay B,10094.889883,10115.330437,20.440554,
Earth,Relay B,10560.697184,10580.931288,20.234104,
Earth,Relay B,11021.962024,11041.354023,19.391999,
Earth,Relay B,11480.491352,11500.232872,19.741520,
Earth,Relay B,11943.942712,11964.488417,20.545705,
Earth,Relay B,12409.290319,12429.289058,19.998738,
Earth,Relay B,12869.220555,12888.564481,19.343925,
Earth,Relay B,13328.421855,13348.401238,19.979383,
Earth,Relay B,13793.137729,13813.687596,20.549868,
Earth,Relay B,14257.490399,14277.249935,19.759536,
Earth,Relay B,14716.428739,14735.813743,19.385004,
Earth,Relay B,15176.747927,15196.964427,20.216500,
Earth,Relay B,15642.305228,15662.757463,20.452235,
Earth,Relay B,16105.304576,16124.857868,19.553292,
Earth,Relay B,16563.731954,16583.242064,19.510111,
Earth,Relay B,17025.456445,17045.869781,20.413337,
Earth,Relay B,17491.281093,17511.552628,20.271535,
Earth,Relay B,17952.797993,17972.207097,19.409104,
Earth,Relay B,18411.264047,18430.967096,19.703050,
Earth,Relay B,18874.469010,18895.003411,20.534401,
Earth,Relay B,19339.938223,19359.979087,20.040864,
Earth,Relay B,19800.079810,19819.425709,19.345899,
Earth,Relay B,20259.129429,20279.066592,19.937163,
Earth,Relay B,20723.651196,20744.207870,20.556674,
Earth,Relay B,21188.207621,21208.007146,19.799525,
Earth,Relay B,21647.286251,21666.657847,19.371596,
Earth,Relay B,22107.386124,22127.563365,20.177241,
Earth,Relay B,22572.835801,22593.311623,20.475821,
Earth,Relay B,23036.085406,23055.670645,19.585238,
Earth,Relay B,23494.562893,23514.045890,19.482997,
Earth,Relay B,23956.032269,23976.416070,20.383801,
Earth,Relay B,24421.855310,24442.162757,20.307446,
Earth,Relay B,24883.627558,24903.056215,19.428658,
Earth,Relay B,25342.046843,25361.712667,19.665825,
Earth,Relay B,25805.000476,25825.520553,20.520077,
Earth,Relay B,26270.574351,26290.657023,20.082672,
Earth,Relay B,26730.936790,26750.287341,19.350552,
Earth,Relay B,27189.848873,27209.744013,19.895140,
Earth,Relay B,27654.164731,27674.725070,20.560339,
Earth,Relay B,28118.912954,28138.753317,19.840363,
Earth,Relay B,28578.145891,28597.506674,19.360783,
Earth,Relay B,29038.036157,29058.173125,20.136969,
Earth,Relay B,29503.361336,29523.858091,20.496756,
Earth,Relay B,29966.856066,29986.475010,19.618944,
Earth,Relay B,30425.400105,30444.858169,19.458063,
Earth,Relay B,30886.617885,30906.970023,20.352139,
Earth,Relay B,31352.420387,31372.762030,20.341642,
Earth,Relay B,31814.450068,31833.900663,19.450596,
Earth,Relay B,32272.839269,32292.469294,19.630025,
Earth,Relay B,32735.537916,32756.040749,20.502832,
Earth,Relay B,33201.198909,33221.322875,20.123966,
Earth,Relay B,33661.790731,33681.148621,19.357889,
Earth,Relay B,34120.580008,34140.433511,19.853503,
Earth,Relay B,34584.679254,34605.240099,20.560845,
Earth,Relay B,35049.606289,35069.488116,19.881827,
Earth,Relay B,35509.006897,35528.359499,19.352602,
Earth,Relay B,35968.698179,35988.794062,20.095882,
Earth,Relay B,36433.882690,36454.397591,20.514900,
Earth,Relay B,36897.616142,36917.270407,19.654264,
Earth,Relay B,37356.242914,37375.678301,19.435387,
Earth,Relay B,37817.213792,37837.532311,20.318520,
Earth,Relay B,38282.976924,38303.350873,20.373949,
Earth,Relay B,38745.264905,38764.739730,19.474825,
Earth,Relay B,39203.640836,39223.236631,19.595796,
Earth,Relay B,39666.082085,39686.564867,20.482782,
Earth,Relay B,40131.812198,40151.976709,20.164512,
Earth,Relay B,40592.640913,40612.008777,19.367864,
Earth,Relay B,41051.322583,41071.135034,19.812450,
Earth,Relay B,41515.195664,41535.753849,20.558185,
Earth,Relay B,41980.287556,42000.211303,19.923747,
Earth,Relay B,42439.868503,42459.215594,19.347092,
Earth,Relay B,42899.372262,42919.426481,20.054219,
Earth,Relay B,43364.400715,43384.930867,20.530152,
Earth,Relay B,43828.365267,43848.056318,19.691051,
Earth,Relay B,44287.090616,44306.505695,19.415079,
Earth,Relay B,44747.820420,44768.103559,20.283139,
Earth,Relay B,45213.525574,45233.929751,20.404178,
Earth,Relay B,45676.071485,45695.572729,19.501245,
Earth,Relay B,46134.451003,46154.014270,19.563267,
Earth,Relay B,46596.633729,46617.093740,20.460011,
Earth,Relay B,47062.414534,47082.618657,20.204123,
Earth,Relay B,47523.486597,47542.867052,19.380455,
Earth,Relay B,47982.076317,48001.848487,19.772170,
Earth,Relay B,48445.714865,48466.267231,20.552366,
Earth,Relay B,48910.956745,48930.922670,19.965925,
Earth,Relay B,49370.729945,49390.074205,19.344260,
Earth,Relay B,49830.058447,49850.070618,20.012171,
Earth,Relay B,50294.916293,50315.458728,20.542435,
Earth,Relay B,50759.103130,50778.832273,19.729143,
Earth,Relay B,51217.942514,51237.339698,19.397183,
Earth,Relay B,51678.438154,51698.684326,20.246172,
Earth,Relay B,52144.067047,52164.499197,20.432150,
Earth,Relay B,52606.869249,52626.399015,19.529766,
Earth,Relay B,53065.269188,53084.801769,19.532581,
Earth,Relay B,53527.193519,53547.628201,20.434683,
Earth,Relay B,53993.006330,54013.248914,20.242583,
Earth,Relay B,54454.327081,54473.722684,19.395603,
Earth,Relay B,54912.840874,54932.573708,19.732834,
Earth,Relay B,55376.237730,55396.781170,20.543440,
Earth,Relay B,55841.613911,55861.622065,20.008154,
Earth,Relay B,56301.590445,56320.934584,19.344139,
Earth,Relay B,56760.756700,56780.726649,19.969950,
Earth,Relay B,57225.430326,57245.981979,20.551653,
Earth,Relay B,57689.829458,57709.597835,19.768376,
Earth,Relay B,58148.797864,58168.179648,19.381784,
Earth,Relay B,58609.067305,58629.275145,20.207840,
Earth,Relay B,59074.602083,59095.059803,20.457720,
Earth,Relay B,59537.657667,59557.217929,19.560262,
Earth,Relay B,59996.094796,60015.598667,19.503871,
Earth,Relay B,60457.762098,60478.169031,20.406933,
Earth,Relay B,60923.588033,60943.867713,20.279680,
Earth,Relay B,61385.161684,61404.574944,19.413260,
Earth,Relay B,61843.615859,61863.310481,19.694622,
Earth,Relay B,62306.765111,62327.296568,20.531457,
Earth,Relay B,62772.259171,62792.309400,20.050228,
Earth,Relay B,63232.449261,63251.795967,19.346706,
Earth,Relay B,63691.466933,63711.394698,19.927765,
Earth,Relay B,64155.943725,64176.501489,20.557764,
Earth,Relay B,64620.544036,64640.352615,19.808579,
Earth,Relay B,65079.655916,65099.024870,19.368954,
Earth,Relay B,65539.708136,65559.876459,20.168324,
Earth,Relay B,66005.131454,66025.612185,20.480731,
Earth,Relay B,66468.436266,66488.028878,19.592612,
Earth,Relay B,66926.927185,66946.404431,19.477246,
Earth,Relay B,67388.340058,67408.716976,20.376918,
Earth,Relay B,67854.160156,67874.475388,20.315231,
Earth,Relay B,68315.989730,68335.423082,19.433352,
Earth,Relay B,68774.400844,68794.058550,19.657706,
Earth,Relay B,69237.297838,69257.814318,20.516479,
Earth,Relay B,69702.892698,69722.984640,20.091942,
Earth,Relay B,70163.305623,70182.657590,19.351967,
Earth,Relay B,70622.189004,70642.074815,19.885811,
Earth,Relay B,71086.457406,71107.018132,20.560726,
Earth,Relay B,71551.246699,71571.096264,19.849565,
Earth,Relay B,72010.515926,72029.874648,19.358722,
Earth,Relay B,72470.360829,72490.488683,20.127853,
Earth,Relay B,72935.655985,72956.157041,20.501056,
Mars,Relay A,479.370142,507.049993,27.679851,
Mars,Relay A,1630.696763,1672.845586,42.148823,
Mars,Relay A,2708.880510,2745.215603,36.335093,
Mars,Relay A,3894.296345,3922.262613,27.966269,
Mars,Relay A,5031.998433,5075.919692,43.921259,
Mars,Relay A,6119.260501,6153.770827,34.510326,
Mars,Relay A,7308.627558,7337.262819,28.635262,
Mars,Relay A,8431.712118,8476.705578,44.993460,
Mars,Relay A,9531.227044,9564.041718,32.814674,
Mars,Relay A,10722.116340,10751.812035,29.695695,
Mars,Relay A,11830.532440,11875.761891,45.229451,
Mars,Relay A,12944.455681,12975.754390,31.298709,
Mars,Relay A,14134.507668,14165.651075,31.143407,
Mars,Relay A,15229.382158,15274.059125,44.676967,
Mars,Relay A,16358.637849,16388.641437,30.003588,
Mars,Relay A,17545.540182,17578.494760,32.954577,
Mars,Relay A,18629.227525,18672.749995,43.522470,
Mars,Relay A,19773.486108,19802.450145,28.964037,
Mars,Relay A,20954.953896,20990.029874,35.075978,
Mars,Relay A,22030.848770,22072.825604,41.976834,
Mars,Relay A,23188.732366,23216.943218,28.210853,
Mars,Relay A,24362.508879,24399.920267,37.411388,
Mars,Relay A,25434.691373,25474.896501,40.205128,
Mars,Relay A,26604.123198,26631.895659,27.772462,
Mars,Relay A,27768.020759,27807.827252,39.806494,
Mars,Relay A,28840.862615,28879.189055,38.326441,
Mars,Relay A,30019.414319,30047.089397,27.675078,
Mars,Relay A,31171.417735,31213.458342,42.040606,
Mars,Relay A,32249.226289,32285.659959,36.433670,
Mars,Relay A,33434.365129,33462.306885,27.941755,
Mars,Relay A,34572.816678,34616.660131,43.843452,
Mars,Relay A,35659.513608,35694.117352,34.603745,
Mars,Relay A,36848.733808,36877.324077,28.590269,
Mars,Relay A,37972.599208,38017.556610,44.957402,
Mars,Relay A,39071.404757,39104.304670,32.899913,
Mars,Relay A,40262.273265,40291.903316,29.630051,
Mars,Relay A,41371.444961,41416.682841,45.237881,
Mars,Relay A,42484.574780,42515.948171,31.373390,
Mars,Relay A,43674.728889,43705.786646,31.057756,
Mars,Relay A,44770.268389,44814.991421,44.723032,
Mars,Relay A,45898.714067,45928.779797,30.065730,
Mars,Relay A,47085.839543,47118.690343,32.850800,
Mars,Relay A,48170.039332,48213.634081,43.594748,
Mars,Relay A,49313.534080,49342.545993,29.011913,
Mars,Relay A,50495.344822,50530.302628,34.957806,
Mars,Relay A,51571.552705,51613.617816,42.065111,
Mars,Relay A,52728.765798,52757.008716,28.242918,
Mars,Relay A,53903.003016,53940.288242,37.285226,
Mars,Relay A,54975.272956,55015.574986,40.302031,
Mars,Relay A,56144.155169,56171.942429,27.787259,
Mars,Relay A,57308.625609,57348.307734,39.682125,
Mars,Relay A,58381.323287,58419.749781,38.426494,
Mars,Relay A,59559.457552,59587.128862,27.671310,
Mars,Relay A,60712.133094,60754.064301,41.931207,
Mars,Relay A,61789.577407,61826.109851,36.532444,
Mars,Relay A,62974.432301,63002.350598,27.918298,
Mars,Relay A,64113.630364,64157.394063,43.763699,
Mars,Relay A,65199.771179,65234.468676,34.697496,
Mars,Relay A,66388.837749,66417.384132,28.546383,
Mars,Relay A,67513.483636,67558.402620,44.918984,
Mars,Relay A,68611.586016,68644.571665,32.985649,
Mars,Relay A,69802.427176,69831.992674,29.565497,
Mars,Relay A,70912.357405,70957.601474,45.244069,
Mars,Relay A,72024.696566,72056.145247,31.448682,
Mars,Relay B,726.090427,767.571639,41.481212,
Mars,Relay B,1887.552430,1915.602787,28.050357,
Mars,Relay B,3058.688841,3096.796010,38.107169,
Mars,Relay B,4130.609156,4170.276913,39.667757,
Mars,Relay B,5302.939261,5330.647359,27.708097,
Mars,Relay B,6463.589037,6504.070231,40.481194,
Mars,Relay B,7537.436927,7575.213165,37.776238,
Mars,Relay B,8718.156569,8745.870502,27.713934,
Mars,Relay B,9866.385111,9909.004433,42.619322,
Mars,Relay B,10946.388621,10982.283007,35.894385,
Mars,Relay B,12132.963878,12161.053512,28.089634,
Mars,Relay B,13267.263651,13311.509892,44.246241,
Mars,Relay B,14357.173992,14391.269008,34.095016,
Mars,Relay B,15547.118211,15575.969131,28.850920,
Mars,Relay B,16666.692446,16711.818695,45.126249,
Mars,Relay B,17769.468349,17801.906096,32.437747,
Mars,Relay B,18960.370417,18990.374476,30.004060,
Mars,Relay B,20065.430962,20110.595363,45.164401,
Mars,Relay B,21182.949930,21213.920576,30.970646,
Mars,Relay B,22372.463697,22404.004604,31.540907,
Mars,Relay B,23464.432489,23508.882184,44.449695,
Mars,Relay B,24597.315039,24627.048139,29.733100,
Mars,Relay B,25783.135986,25816.567708,33.431722,
Mars,Relay B,26864.638999,26907.823690,43.184691,
Mars,Relay B,28012.281153,28041.039839,28.758686,
Mars,Relay B,29192.129841,29227.744262,35.614421,
Mars,Relay B,30266.759625,30308.332265,41.572639,
Mars,Relay B,31427.584119,31455.661684,28.077565,
Mars,Relay B,32599.214530,32637.194883,37.980353,
Mars,Relay B,33671.155024,33710.921108,39.766085,
Mars,Relay B,34842.973190,34870.690841,27.717650,
Mars,Relay B,36004.226349,36044.586024,40.359675,
Mars,Relay B,37077.864426,37115.740768,37.876343,
Mars,Relay B,38258.205423,38285.909993,27.704570,
Mars,Relay B,39407.130819,39449.647848,42.517029,
Mars,Relay B,40486.710917,40522.702960,35.992043,
Mars,Relay B,41673.040362,41701.100684,28.060322,
Mars,Relay B,42808.101371,42852.278904,44.177533,
Mars,Relay B,43897.407693,43931.594427,34.186734,
Mars,Relay B,45087.235241,45116.036285,28.801044,
Mars,Relay B,46207.589947,46252.690824,45.100877,
Mars,Relay B,47309.630699,47342.151384,32.520685,
Mars,Relay B,48500.541324,48530.474907,29.933583,
Mars,Relay B,49606.342015,49651.524655,45.182640,
Mars,Relay B,50723.057494,50754.100023,31.042529,
Mars,Relay B,51912.702170,51944.152912,31.450742,
Mars,Relay B,53005.305039,53049.808061,44.503021,
Mars,Relay B,54137.383291,54167.175297,29.792006,
Mars,Relay B,55323.455861,55356.779968,33.324107,
Mars,Relay B,56405.427580,56448.689150,43.261570,
Mars,Relay B,57552.324471,57581.127429,28.802958,
Mars,Relay B,58732.544259,58768.037933,35.493674,
Mars,Relay B,59807.435210,59849.098744,41.663534,
Mars,Relay B,60967.616039,60995.721705,28.105666,
Mars,Relay B,62139.734426,62177.588033,37.853607,
Mars,Relay B,63211.707355,63251.571553,39.864199,
Mars,Relay B,64383.006681,64410.734855,27.728173,
Mars,Relay B,65544.857765,65585.095320,40.237555,
Mars,Relay B,66618.297873,66656.274346,37.976474,
Mars,Relay B,67798.253180,67825.949407,27.696227,
Mars,Relay B,68947.871103,68990.284431,42.413328,
Mars,Relay B,70027.038354,70063.128279,36.089925,
Mars,Relay B,71213.115069,71241.147153,28.032084,
Mars,Relay B,72348.934910,72393.041667,44.106757,
Ceres,Relay A,17457.418525,17639.618709,182.200184,
Ceres,Relay A,20061.295125,20251.483850,190.188725,
Ceres,Relay B,30926.569803,31083.552120,156.982317,
Ceres,Relay B,33537.800114,33603.703654,65.903541,
Jupiter,Relay A,2028.555048,2079.428885,50.873837,
Jupiter,Relay A,4986.414165,5028.923117,42.508952,
Jupiter,Relay A,7908.842238,7960.642072,51.799833,
Jupiter,Relay A,10730.539444,10781.543547,51.004103,
Jupiter,Relay A,13686.101148,13728.536303,42.435155,
Jupiter,Relay A,16611.908010,16663.719157,51.811147,
Jupiter,Relay A,19432.661409,19483.773462,51.112053,
Jupiter,Relay A,22385.762347,22428.148286,42.385939,
Jupiter,Relay A,25314.861387,25366.659942,51.798554,
Jupiter,Relay A,28134.922216,28186.119644,51.197428,
Jupiter,Relay A,31085.401462,31127.762957,42.361495,
Jupiter,Relay A,34017.701038,34069.462214,51.761175,
Jupiter,Relay A,36837.322600,36888.582823,51.260222,
Jupiter,Relay A,39785.022252,39827.384141,42.361889,
Jupiter,Relay A,42720.425993,42772.124511,51.698518,
Jupiter,Relay A,45539.862726,45591.163444,51.300717,
Jupiter,Relay A,48484.628553,48527.015566,42.387012,
Jupiter,Relay A,51423.035693,51474.646071,51.610378,
Jupiter,Relay A,54242.542165,54293.861628,51.319463,
Jupiter,Relay A,57184.224264,57226.660912,42.436647,
Jupiter,Relay A,60125.529882,60177.026775,51.496893,
Jupiter,Relay A,62945.359817,62996.677143,51.317327,
Jupiter,Relay A,65883.813356,65926.323811,42.510454,
Jupiter,Relay A,68827.908671,68879.267102,51.358431,
Jupiter,Relay A,71648.313880,71699.609396,51.295516,
Jupiter,Relay B,1321.387815,1366.618194,45.230379,
Jupiter,Relay B,4290.203339,4338.096590,47.893251,
Jupiter,Relay B,7137.592753,7187.887789,50.295035,
Jupiter,Relay B,10021.322540,10066.863842,45.541302,
Jupiter,Relay B,12991.125395,13038.670671,47.545276,
Jupiter,Relay B,15841.834943,15892.094410,50.259467,
Jupiter,Relay B,18721.315897,18767.175066,45.859169,
Jupiter,Relay B,21691.957776,21739.153101,47.195325,
Jupiter,Relay B,24546.102418,24596.345071,50.242653,
Jupiter,Relay B,27421.372597,27467.554885,46.182288,
Jupiter,Relay B,30392.703184,30439.548508,46.845324,
Jupiter,Relay B,33250.384175,33300.629824,50.245648,
Jupiter,Relay B,36121.497327,36168.006279,46.508952,
Jupiter,Relay B,39093.364383,39139.861533,46.497150,
Jupiter,Relay B,41954.669314,42004.938181,50.268867,
Jupiter,Relay B,44821.694798,44868.532243,46.837444,
Jupiter,Relay B,47793.944163,47840.096865,46.152701,
Jupiter,Relay B,50658.947142,50709.259240,50.312099,
Jupiter,Relay B,53521.969689,53569.135695,47.166005,
Jupiter,Relay B,56494.445408,56540.259189,45.813781,
Jupiter,Relay B,59363.207270,59413.581750,50.374480,
Jupiter,Relay B,62222.326669,62269.819571,47.492902,
Jupiter,Relay B,65194.871000,65240.353208,45.482207,
Jupiter,Relay B,68067.439692,68117.894226,50.454535,
Jupiter,Relay B,70922.770364,70970.586737,47.816373,
Saturn,Relay A,838.553237,851.968865,13.415628,
Saturn,Relay A,2944.975440,2976.116056,31.140616,
Saturn,Relay A,5047.566755,5058.702987,11.136231,
Saturn,Relay A,7088.007532,7111.794173,23.786641,
Saturn,Relay A,9120.638330,9147.902646,27.264317,
Saturn,Relay A,11195.026072,11205.377017,10.350945,
Saturn,Relay A,13296.230684,13327.096461,30.865777,
Saturn,Relay A,15405.183949,15420.851731,15.667782,
Saturn,Relay A,17456.947691,17477.084085,20.136394,
Saturn,Relay A,19485.820317,19514.699811,28.879494,
Saturn,Relay A,21551.344813,21562.996700,11.651887,
Saturn,Relay A,23647.982993,23676.592573,28.609580,
Saturn,Relay A,25760.483542,25781.293238,20.809695,
Saturn,Relay A,27825.341080,27841.287530,15.946450,
Saturn,Relay A,29852.498915,29881.849646,29.350731,
Saturn,Relay A,31908.375403,31924.090848,15.715445,
Saturn,Relay A,34000.749370,34025.371635,24.622266,
Saturn,Relay A,36114.000580,36139.495396,25.494816,
Saturn,Relay A,38192.570695,38204.391368,11.820673,
Saturn,Relay A,40220.325965,40249.024561,28.698596,
Saturn,Relay A,42267.231946,42287.400277,20.168331,
Saturn,Relay A,44354.882124,44374.350341,19.468217,
Saturn,Relay A,46466.204695,46495.260768,29.056073,
Saturn,Relay A,48557.569193,48566.878914,9.309721,
Saturn,Relay A,50588.931546,50615.909598,26.978052,
Saturn,Relay A,52628.230521,52652.255000,24.024479,
Saturn,Relay A,54710.437091,54724.580308,14.143217,
Saturn,Relay A,56817.626476,56848.633085,31.006609,
Saturn,Relay A,58918.982495,58929.592985,10.610490,
Saturn,Relay A,60957.928946,60982.207072,24.278127,
Saturn,Relay A,62991.304851,63018.222170,26.917319,
Saturn,Relay A,65066.873841,65077.435297,10.561456,
Saturn,Relay A,67168.857293,67199.895728,31.038435,
Saturn,Relay A,69277.022072,69291.920697,14.898625,
Saturn,Relay A,71326.909873,71347.648518,20.738645,
Saturn,Relay B,316.153976,326.420835,10.266858,
Saturn,Relay B,2415.950712,2446.363997,30.413284,
Saturn,Relay B,4526.212608,4543.359396,17.146788,
Saturn,Relay B,6581.619198,6600.586041,18.966844,
Saturn,Relay B,8609.779951,8638.912448,29.132497,
Saturn,Relay B,10672.522226,10685.197674,12.675447,
Saturn,Relay B,12767.947794,12795.567013,27.619219,
Saturn,Relay B,14880.950953,14903.191571,22.240619,
Saturn,Relay B,16949.752288,16964.460402,14.708115,
Saturn,Relay B,18976.826437,19006.102598,29.276161,
Saturn,Relay B,21030.006657,21047.028174,17.021518,
Saturn,Relay B,23121.081647,23144.304336,23.222689,
Saturn,Relay B,25234.039521,25260.700532,26.661011,
Saturn,Relay B,27316.479079,27327.303615,10.824535,
Saturn,Relay B,29344.916603,29373.225646,28.309043,
Saturn,Relay B,31389.471878,31410.835604,21.363726,
Saturn,Relay B,33475.637051,33493.527780,17.890729,
Saturn,Relay B,35585.960420,35615.761292,29.800872,
Saturn,Relay B,37680.549915,37689.799100,9.249185,
Saturn,Relay B,39713.675547,39739.970891,26.295344,
Saturn,Relay B,41751.084951,41776.050954,24.966002,
Saturn,Relay B,43831.538817,43844.350307,12.811489,
Saturn,Relay B,45937.264845,45968.485645,31.220800,
Saturn,Relay B,48040.887900,48052.539916,11.652016,
Saturn,Relay B,50082.711372,50106.047358,23.335985,
Saturn,Relay B,52114.720084,52142.269411,27.549327,
Saturn,Relay B,54188.019935,54198.280080,10.260145,
Saturn,Relay B,56288.553426,56319.227406,30.673980,
Saturn,Relay B,58398.149642,58414.508013,16.358371,
Saturn,Relay B,60451.606555,60471.199339,19.592784,
Saturn,Relay B,62480.123773,62509.133875,29.010102,
Saturn,Relay B,64544.347405,64556.456489,12.109083,
Saturn,Relay B,66640.415366,66668.577716,28.162350,
Saturn,Relay B,68753.180842,68774.668182,21.487340,
Saturn,Relay B,70819.884287,70835.248314,15.364027,
Saturn,Relay B,72846.978676,72876.306001,29.327325,
Uranus,Relay A,997.649772,1021.415607,23.765836,
Uranus,Relay A,2840.658956,2864.346384,23.687428,
Uranus,Relay A,4687.675220,4710.988915,23.313695,
Uranus,Relay A,6537.908355,6560.795435,22.887080,
Uranus,Relay A,8389.858117,8412.579115,22.720998,
Uranus,Relay A,10241.668732,10264.618563,22.949831,
Uranus,Relay A,12091.624495,12115.023497,23.399002,
Uranus,Relay A,13938.506845,13962.252648,23.745803,
Uranus,Relay A,15781.714462,15805.482409,23.767947,
Uranus,Relay A,17621.213947,17644.661144,23.447197,
Uranus,Relay A,19457.411196,19480.341741,22.930545,
Uranus,Relay A,21291.014948,21313.453854,22.438906,
Uranus,Relay A,23122.934567,23145.108340,22.173773,
Uranus,Relay A,24954.217286,24976.458154,22.240868,
Uranus,Relay A,26786.001481,26808.611929,22.610448,
Uranus,Relay A,28619.454077,28642.584677,23.130600,
Uranus,Relay A,30455.670405,30479.256365,23.585959,
Uranus,Relay A,32295.524698,32319.304370,23.779672,
Uranus,Relay A,34139.468574,34163.091432,23.622858,
Uranus,Relay A,35987.310172,36010.520329,23.210157,
Uranus,Relay A,37838.083295,37860.900536,22.817241,
Uranus,Relay A,39690.166672,39712.906475,22.739803,
Uranus,Relay A,41541.693957,41564.737302,23.043344,
Uranus,Relay A,43391.039341,43414.536654,23.497313,
Uranus,Relay A,45237.121001,45260.904175,23.783174,
Uranus,Relay A,47079.474590,47103.196764,23.722174,
Uranus,Relay A,48918.178602,48941.518639,23.340036,
Uranus,Relay A,50753.718565,50776.527556,22.808991,
Uranus,Relay A,52586.855997,52609.209355,22.353358,
Uranus,Relay A,54418.535839,54440.694541,22.158702,
Uranus,Relay A,56249.830145,56272.131945,22.301800,
Uranus,Relay A,58081.890322,58104.612495,22.722174,
Uranus,Relay A,59915.877481,59939.124726,23.247245,
Uranus,Relay A,61752.851937,61776.510150,23.658213,
Uranus,Relay A,63593.611610,63617.386382,23.774772,
Uranus,Relay A,65438.480993,65462.025342,23.544349,
Uranus,Relay A,67287.098015,67310.205476,23.107461,
Uranus,Relay A,69138.326343,69161.090934,22.764591,
Uranus,Relay A,70990.445657,71013.225165,22.779509,
Uranus,Relay A,72841.605156,72864.750065,23.144909,
Uranus,Relay B,537.541821,561.271076,23.729255,
Uranus,Relay B,2379.517643,2403.257772,23.740129,
Uranus,Relay B,4225.575098,4248.999464,23.424366,
Uranus,Relay B,6075.120752,6098.101294,22.980541,
Uranus,Relay B,7926.809906,7949.535333,22.725427,
Uranus,Relay B,9778.829570,9801.690086,22.860517,
Uranus,Relay B,11629.386468,11652.670294,23.283826,
Uranus,Relay B,13477.117774,13500.801975,23.684201,
Uranus,Relay B,15321.267506,15345.064798,23.797293,
Uranus,Relay B,17161.670663,17185.224170,23.553507,
Uranus,Relay B,18998.636768,19021.703107,23.066339,
Uranus,Relay B,20832.810146,20855.357456,22.547310,
Uranus,Relay B,22665.057202,22687.268064,22.210861,
Uranus,Relay B,24496.395137,24518.587329,22.192192,
Uranus,Relay B,26327.944309,26350.440653,22.496344,
Uranus,Relay B,28160.872177,28183.870040,22.997863,
Uranus,Relay B,29996.303906,30019.794019,23.490112,
Uranus,Relay B,31835.186001,31858.949313,23.763312,
Uranus,Relay B,33678.096856,33701.790165,23.693309,
Uranus,Relay B,35525.023943,35548.348401,23.324458,
Uranus,Relay B,37375.195708,37398.091002,22.895294,
Uranus,Relay B,39227.125782,39249.846066,22.720284,
Uranus,Relay B,41078.961046,41101.901686,22.940639,
Uranus,Relay B,42928.977380,42952.365653,23.388273,
Uranus,Relay B,44775.942155,44799.682988,23.740833,
Uranus,Relay B,46619.239482,46643.011197,23.771715,
Uranus,Relay B,48458.823811,48482.281702,23.457891,
Uranus,Relay B,50295.092256,50318.035685,22.943429,
Uranus,Relay B,52128.747713,52151.196335,22.448622,
Uranus,Relay B,53960.695657,53982.872040,22.176383,
Uranus,Relay B,55791.980564,55814.215947,22.235383,
Uranus,Relay B,57623.739267,57646.338402,22.599134,
Uranus,Relay B,59457.139000,59480.257103,23.118103,
Uranus,Relay B,61293.278295,61316.855834,23.577539,
Uranus,Relay B,63133.038817,63156.817905,23.779088,
Uranus,Relay B,64976.884829,65000.515162,23.630334,
Uranus,Relay B,66824.641944,66847.863001,23.221057,
Uranus,Relay B,68675.362246,68698.186061,22.823815,
Uranus,Relay B,70527.436190,70550.173015,22.736825,
Uranus,Relay B,72378.997284,72402.030363,23.033079,
Neptune,Relay A,675.522793,692.214239,16.691446,
Neptune,Relay A,2466.210608,2481.313040,15.102431,
Neptune,Relay A,4256.851097,4270.709055,13.857958,
Neptune,Relay A,6047.259266,6060.516999,13.257733,
Neptune,Relay A,7837.307109,7850.786423,13.479314,
Neptune,Relay A,9626.986109,9641.443082,14.456973,
Neptune,Relay A,11416.385404,11432.314980,15.929576,
Neptune,Relay A,13205.618649,13223.209570,17.590920,
Neptune,Relay A,14994.778741,15013.962737,19.183996,
Neptune,Relay A,16783.929134,16804.450446,20.521312,
Neptune,Relay A,18573.109019,18594.585690,21.476671,
Neptune,Relay A,20362.339441,20384.313572,21.974131,
Neptune,Relay A,22151.627353,22173.607612,21.980259,
Neptune,Relay A,23940.967655,23962.467260,21.499605,
Neptune,Relay A,25730.343638,25750.916577,20.572939,
Neptune,Relay A,27519.725826,27539.004039,19.278213,
Neptune,Relay A,29309.069194,29326.803864,17.734671,
Neptune,Relay A,31098.308568,31114.419049,16.110481,
Neptune,Relay A,32887.354376,32901.984221,14.629845,
Neptune,Relay A,34676.097295,34689.659599,13.562304,
Neptune,Relay A,36464.439674,36477.598368,13.158693,
Neptune,Relay A,38252.356067,38265.884949,13.528882,
Neptune,Relay A,40039.929340,40054.497825,14.568484,
Neptune,Relay A,41827.314842,41843.344153,16.029311,
Neptune,Relay A,43614.678190,43632.320739,17.642549,
Neptune,Relay A,45402.161633,45421.346196,19.184563,
Neptune,Relay A,47189.877619,47210.365731,20.488112,
Neptune,Relay A,48977.911659,48999.346402,21.434743,
Neptune,Relay A,50766.325391,50788.272020,21.946630,
Neptune,Relay A,52555.157866,52577.139695,21.981830,
Neptune,Relay A,54344.425195,54365.958102,21.532907,
Neptune,Relay A,56134.118838,56154.747250,20.628411,
Neptune,Relay A,57924.202712,57943.539873,19.337161,
Neptune,Relay A,59714.608925,59732.384777,17.775852,
Neptune,Relay A,61505.232092,61521.352436,16.120344,
Neptune,Relay A,63295.924663,63310.540457,14.615794,
Neptune,Relay A,65086.504434,65100.067949,13.563516,
Neptune,Relay A,66876.796722,66890.036045,13.239323,
Neptune,Relay A,68666.711235,68680.454652,13.743417,
Neptune,Relay A,70456.280389,70471.208059,14.927670,
Neptune,Relay A,72245.609775,72262.108753,16.498979,
Neptune,Relay B,227.864504,244.972101,17.107597,
Neptune,Relay B,2018.535779,2034.015274,15.479495,
Neptune,Relay B,3809.205836,3823.325434,14.119597,
Neptune,Relay B,5599.687786,5613.021806,13.334020,
Neptune,Relay B,7389.831579,7403.177649,13.346070,
Neptune,Relay B,9179.597029,9193.751095,14.154066,
Neptune,Relay B,10969.055408,10984.587630,15.532222,
Neptune,Relay B,12758.320310,12775.493447,17.173138,
Neptune,Relay B,14547.491636,14566.295160,18.803524,
Neptune,Relay B,16336.639953,16356.858753,20.218801,
Neptune,Relay B,18125.809873,18147.088437,21.278564,
Neptune,Relay B,19915.026509,19936.921701,21.895192,
Neptune,Relay B,21704.300070,21726.325228,22.025158,
Neptune,Relay B,23493.628374,23515.292165,21.663791,
Neptune,Relay B,25282.997670,25303.840488,20.842818,
Neptune,Relay B,27072.381859,27092.012502,19.630643,
Neptune,Relay B,28861.740160,28879.875765,18.135605,
Neptune,Relay B,30651.012939,30667.525745,16.512806,
Neptune,Relay B,32440.116873,32455.089115,14.972242,
Neptune,Relay B,34228.946017,34242.721397,13.775380,
Neptune,Relay B,36017.394836,36030.582601,13.187764,
Neptune,Relay B,37805.414114,37818.780157,13.366043,
Neptune,Relay B,39593.060285,39607.318507,14.258223,
Neptune,Relay B,41380.476745,41396.116581,15.639836,
Neptune,Relay B,43167.831133,43185.069305,17.238173,
Neptune,Relay B,44955.272879,44974.088669,18.815790,
Neptune,Relay B,46742.921719,46763.113525,20.191807,
Neptune,Relay B,48530.869576,48552.106007,21.236430,
Neptune,Relay B,50319.183846,50341.046139,21.862292,
Neptune,Relay B,52107.909204,52129.927924,22.018720,
Neptune,Relay B,53897.067623,53918.757223,21.689600,
Neptune,Relay B,55686.656930,55707.551160,20.894230,
Neptune,Relay B,57476.648278,57496.339038,19.690760,
Neptune,Relay B,59266.982221,59285.165230,18.183009,
Neptune,Relay B,61057.563297,61074.094162,16.530865,
Neptune,Relay B,62848.254614,62863.216436,14.961823,
Neptune,Relay B,64638.880425,64652.647763,13.767338,
Neptune,Relay B,66429.257678,66442.499962,13.242284,
Neptune,Relay B,68219.268124,68232.812216,13.544092,
Neptune,Relay B,70008.915187,70023.498151,14.582964,
Neptune,Relay B,71798.293564,71814.380434,16.086870,
