time_h,actor,local_knowledge,action,packet_or_transmission,arrival,financial_state_after,category
0.100000,E-Alice,"E-Alice sees own $45,000 free at Earth","TRANSFER INITIATED: XFR-000001: $25,000.00 Earth → Ceres (in transit) — Earth Exchange debits Earth; cash travels to Ceres Clearing",—,—,"E-Alice $45,000@Earth | in transit $25,000 / 0 sh",finance
0.100000,Earth Exchange,"Earth Exchange awaiting ack: margin_transfer→Ceres Clearing, margin_transfer→Ceres Clearing",MESSAGE SENT: margin_transfer: Earth Exchange → Ceres Clearing (backbone),backbone message margin_transfer Earth Exchange→Ceres Clearing on Earth → Relay A → Ceres,delivered h 0.6562,unchanged,network
0.100000,E-Bob,"E-Bob sees own $20,000 free at Earth","TRANSFER INITIATED: XFR-000002: $25,000.00 Earth → Ceres (in transit) — Earth Exchange debits Earth; cash travels to Ceres Clearing",—,—,"E-Bob $20,000@Earth | in transit $50,000 / 0 sh",finance
0.100000,Earth Exchange,"Earth Exchange awaiting ack: margin_transfer→Ceres Clearing, margin_transfer→Ceres Clearing",MESSAGE SENT: margin_transfer: Earth Exchange → Ceres Clearing (backbone),backbone message margin_transfer Earth Exchange→Ceres Clearing on Earth → Relay A → Ceres,delivered h 0.6562,unchanged,network
0.100278,Earth,"Earth Exchange awaiting ack: margin_transfer→Ceres Clearing, margin_transfer→Ceres Clearing","PACKET SENT: margin_transfer: Earth → Relay A, lands h 0.4130","backbone Earth→Relay A launch h 0.1003 (data, attempt 1)",h 0.4130,unchanged,network
0.100278,Earth,"Earth Exchange awaiting ack: margin_transfer→Ceres Clearing, margin_transfer→Ceres Clearing","PACKET SENT: margin_transfer: Earth → Relay A, lands h 0.4130","backbone Earth→Relay A launch h 0.1003 (data, attempt 1)",h 0.4130,unchanged,network
0.412954,Relay A,relay: stores and forwards packet bytes only; no financial state,HOP RECEIPT: from Relay A,hop receipt queued at Relay A,—,unchanged,transport
0.412954,Relay A,relay: stores and forwards packet bytes only; no financial state,HOP RECEIPT: from Relay A,hop receipt queued at Relay A,—,unchanged,transport
0.413232,Relay A,relay: stores and forwards packet bytes only; no financial state,"PACKET SENT: hop receipt: Relay A → Earth, lands h 0.7259","backbone Relay A→Earth launch h 0.4132 (hop_receipt, attempt 1)",h 0.7259,unchanged,transport
0.413232,Relay A,relay: stores and forwards packet bytes only; no financial state,"PACKET SENT: hop receipt: Relay A → Earth, lands h 0.7259","backbone Relay A→Earth launch h 0.4132 (hop_receipt, attempt 1)",h 0.7259,unchanged,transport
0.413510,Relay A,relay: stores and forwards packet bytes only; no financial state,"PACKET SENT: margin_transfer: Relay A → Ceres, lands h 0.6562","backbone Relay A→Ceres launch h 0.4135 (data, attempt 1)",h 0.6562,unchanged,network
0.413510,Relay A,relay: stores and forwards packet bytes only; no financial state,"PACKET SENT: margin_transfer: Relay A → Ceres, lands h 0.6562","backbone Relay A→Ceres launch h 0.4135 (data, attempt 1)",h 0.6562,unchanged,network
0.500000,N-Eve,"N-Eve sees own $40,000.00 free at Neptune","TRANSFER INITIATED: XFR-000003: $15,000.00 Neptune → Ceres (in transit) — Neptune Exchange debits Neptune; cash travels to Ceres Clearing",—,—,"N-Eve $40,000.00@Neptune | in transit $65,000.00 / 0 sh",finance
0.500000,Neptune Exchange,Neptune Exchange awaiting ack: margin_transfer→Ceres Clearing,MESSAGE SENT: margin_transfer: Neptune Exchange → Ceres Clearing (backbone),backbone message margin_transfer Neptune Exchange→Ceres Clearing on Neptune → Relay A → Ceres,delivered h 4.6050,unchanged,network
0.500000,E-Alice,"E-Alice sees own $35,000.00 free at Earth","TRANSFER INITIATED: XFR-000004: $10,000.00 Earth → Ceres (in transit) — Earth Exchange debits Earth; cash travels to Ceres Clearing",—,—,"E-Alice $35,000.00@Earth | in transit $75,000.00 / 0 sh",finance
0.500000,Earth Exchange,"Earth Exchange awaiting ack: margin_transfer→Ceres Clearing, margin_transfer→Ceres Clearing",MESSAGE SENT: margin_transfer: Earth Exchange → Ceres Clearing (backbone),backbone message margin_transfer Earth Exchange→Ceres Clearing on Earth → Relay A → Ceres,delivered h 1.0562,unchanged,network
0.500278,Neptune,Neptune Exchange awaiting ack: margin_transfer→Ceres Clearing,"PACKET SENT: margin_transfer: Neptune → Relay A, lands h 4.3617","backbone Neptune→Relay A launch h 0.5003 (data, attempt 1)",h 4.3617,unchanged,network
0.500278,Earth,"Earth Exchange awaiting ack: margin_transfer→Ceres Clearing, margin_transfer→Ceres Clearing","PACKET SENT: margin_transfer: Earth → Relay A, lands h 0.8129","backbone Earth→Relay A launch h 0.5003 (data, attempt 1)",h 0.8129,unchanged,network
0.656240,Ceres,"Ceres Clearing awaiting ack: transfer_status→Earth Exchange, transfer_status→Earth Exchange",HOP RECEIPT: from Ceres,hop receipt queued at Ceres,—,unchanged,transport
0.656240,Ceres Clearing,"Ceres Clearing last received: margin_transfer from Earth Exchange @h0.66; Ceres Clearing awaiting ack: transfer_status→Earth Exchange, transfer_status→Earth Exchange",RECEIVED: margin_transfer at Ceres Clearing,—,—,unchanged,network
0.656240,E-Alice,"E-Alice sees own $35,000.00 free at Earth",VALIDATED · FINAL: XFR-000001: usable by E-Alice at Ceres — cash validated at Ceres,—,—,"E-Alice $25,000@Ceres | in transit $50,000.00 / 0 sh",finance
0.656240,E-Alice,"E-Alice sees own $35,000.00 free at Earth","GUARANTEE CONTRIBUTION: E-Alice → Ceres Clearing: $25,000.00 — pre-funded guarantee: real cash, encumbered in advance",—,—,"Ceres Clearing $25,000@Ceres (locked $25,000); E-Alice $0@Ceres | in transit $50,000.00 / 0 sh",finance
0.656240,Ceres Clearing,"Ceres Clearing last received: margin_transfer from Earth Exchange @h0.66; Ceres Clearing awaiting ack: transfer_status→Earth Exchange, transfer_status→Earth Exchange",MESSAGE SENT: transfer_status: Ceres Clearing → Earth Exchange (backbone),backbone message transfer_status Ceres Clearing→Earth Exchange on Ceres → Relay A → Earth,delivered h 1.2124,unchanged,network
0.656240,Ceres,"Ceres Clearing last received: margin_transfer from Earth Exchange @h0.66; Ceres Clearing awaiting ack: transfer_status→Earth Exchange, transfer_status→Earth Exchange",DATA ACK: from Ceres,data ack queued at Ceres,—,unchanged,transport
0.656240,Ceres,"Ceres Clearing last received: margin_transfer from Earth Exchange @h0.66; Ceres Clearing awaiting ack: transfer_status→Earth Exchange, transfer_status→Earth Exchange",HOP RECEIPT: from Ceres,hop receipt queued at Ceres,—,unchanged,transport
0.656240,Ceres Clearing,"Ceres Clearing last received: margin_transfer from Earth Exchange @h0.66, margin_transfer from Earth Exchange @h0.66; Ceres Clearing awaiting ack: transfer_status→Earth Exchange, transfer_status→Earth Exchange",RECEIVED: margin_transfer at Ceres Clearing,—,—,unchanged,network
0.656240,E-Bob,"E-Bob sees own $20,000 free at Earth",VALIDATED · FINAL: XFR-000002: usable by E-Bob at Ceres — cash validated at Ceres,—,—,"E-Bob $25,000@Ceres | in transit $25,000.00 / 0 sh",finance
0.656240,E-Bob,"E-Bob sees own $20,000 free at Earth","GUARANTEE CONTRIBUTION: E-Bob → Ceres Clearing: $25,000.00 — pre-funded guarantee: real cash, encumbered in advance",—,—,"Ceres Clearing $50,000@Ceres (locked $50,000); E-Bob $0@Ceres | in transit $25,000.00 / 0 sh",finance
0.656240,Ceres Clearing,"Ceres Clearing last received: margin_transfer from Earth Exchange @h0.66, margin_transfer from Earth Exchange @h0.66; Ceres Clearing awaiting ack: transfer_status→Earth Exchange, transfer_status→Earth Exchange",MESSAGE SENT: transfer_status: Ceres Clearing → Earth Exchange (backbone),backbone message transfer_status Ceres Clearing→Earth Exchange on Ceres → Relay A → Earth,delivered h 1.2124,unchanged,network
0.656240,Ceres,"Ceres Clearing last received: margin_transfer from Earth Exchange @h0.66, margin_transfer from Earth Exchange @h0.66; Ceres Clearing awaiting ack: transfer_status→Earth Exchange, transfer_status→Earth Exchange",DATA ACK: from Ceres,data ack queued at Ceres,—,unchanged,transport
0.656518,Ceres,"Ceres Clearing last received: margin_transfer from Earth Exchange @h0.66, margin_transfer from Earth Exchange @h0.66; Ceres Clearing awaiting ack: transfer_status→Earth Exchange, transfer_status→Earth Exchange","PACKET SENT: hop receipt: Ceres → Relay A, lands h 0.8992","backbone Ceres→Relay A launch h 0.6565 (hop_receipt, attempt 1)",h 0.8992,unchanged,transport
0.656518,Ceres,"Ceres Clearing last received: margin_transfer from Earth Exchange @h0.66, margin_transfer from Earth Exchange @h0.66; Ceres Clearing awaiting ack: transfer_status→Earth Exchange, transfer_status→Earth Exchange","PACKET SENT: transfer_status: Ceres → Relay A, lands h 0.8992","backbone Ceres→Relay A launch h 0.6565 (data, attempt 1)",h 0.8992,unchanged,network
0.656518,Ceres,"Ceres Clearing last received: margin_transfer from Earth Exchange @h0.66, margin_transfer from Earth Exchange @h0.66; Ceres Clearing awaiting ack: transfer_status→Earth Exchange, transfer_status→Earth Exchange","PACKET SENT: data ack: Ceres → Relay A, lands h 0.8992","backbone Ceres→Relay A launch h 0.6565 (data_ack, attempt 1)",h 0.8992,unchanged,transport
0.656518,Ceres,"Ceres Clearing last received: margin_transfer from Earth Exchange @h0.66, margin_transfer from Earth Exchange @h0.66; Ceres Clearing awaiting ack: transfer_status→Earth Exchange, transfer_status→Earth Exchange","PACKET SENT: hop receipt: Ceres → Relay A, lands h 0.8992","backbone Ceres→Relay A launch h 0.6565 (hop_receipt, attempt 1)",h 0.8992,unchanged,transport
0.656518,Ceres,"Ceres Clearing last received: margin_transfer from Earth Exchange @h0.66, margin_transfer from Earth Exchange @h0.66; Ceres Clearing awaiting ack: transfer_status→Earth Exchange, transfer_status→Earth Exchange","PACKET SENT: transfer_status: Ceres → Relay A, lands h 0.8992","backbone Ceres→Relay A launch h 0.6565 (data, attempt 1)",h 0.8992,unchanged,network
0.656518,Ceres,"Ceres Clearing last received: margin_transfer from Earth Exchange @h0.66, margin_transfer from Earth Exchange @h0.66; Ceres Clearing awaiting ack: transfer_status→Earth Exchange, transfer_status→Earth Exchange","PACKET SENT: data ack: Ceres → Relay A, lands h 0.8992","backbone Ceres→Relay A launch h 0.6565 (data_ack, attempt 1)",h 0.8992,unchanged,transport
0.812926,Relay A,relay: stores and forwards packet bytes only; no financial state,HOP RECEIPT: from Relay A,hop receipt queued at Relay A,—,unchanged,transport
0.813204,Relay A,relay: stores and forwards packet bytes only; no financial state,"PACKET SENT: hop receipt: Relay A → Earth, lands h 1.1258","backbone Relay A→Earth launch h 0.8132 (hop_receipt, attempt 1)",h 1.1258,unchanged,transport
0.813482,Relay A,relay: stores and forwards packet bytes only; no financial state,"PACKET SENT: margin_transfer: Relay A → Ceres, lands h 1.0562","backbone Relay A→Ceres launch h 0.8135 (data, attempt 1)",h 1.0562,unchanged,network
0.899222,Relay A,relay: stores and forwards packet bytes only; no financial state,HOP RECEIPT: from Relay A,hop receipt queued at Relay A,—,unchanged,transport
0.899222,Relay A,relay: stores and forwards packet bytes only; no financial state,HOP RECEIPT: from Relay A,hop receipt queued at Relay A,—,unchanged,transport
0.899222,Relay A,relay: stores and forwards packet bytes only; no financial state,HOP RECEIPT: from Relay A,hop receipt queued at Relay A,—,unchanged,transport
0.899222,Relay A,relay: stores and forwards packet bytes only; no financial state,HOP RECEIPT: from Relay A,hop receipt queued at Relay A,—,unchanged,transport
0.899500,Relay A,relay: stores and forwards packet bytes only; no financial state,"PACKET SENT: hop receipt: Relay A → Ceres, lands h 1.1422","backbone Relay A→Ceres launch h 0.8995 (hop_receipt, attempt 1)",h 1.1422,unchanged,transport
0.899500,Relay A,relay: stores and forwards packet bytes only; no financial state,"PACKET SENT: hop receipt: Relay A → Ceres, lands h 1.1422","backbone Relay A→Ceres launch h 0.8995 (hop_receipt, attempt 1)",h 1.1422,unchanged,transport
0.899500,Relay A,relay: stores and forwards packet bytes only; no financial state,"PACKET SENT: hop receipt: Relay A → Ceres, lands h 1.1422","backbone Relay A→Ceres launch h 0.8995 (hop_receipt, attempt 1)",h 1.1422,unchanged,transport
0.899500,Relay A,relay: stores and forwards packet bytes only; no financial state,"PACKET SENT: hop receipt: Relay A → Ceres, lands h 1.1422","backbone Relay A→Ceres launch h 0.8995 (hop_receipt, attempt 1)",h 1.1422,unchanged,transport
0.899777,Relay A,relay: stores and forwards packet bytes only; no financial state,"PACKET SENT: transfer_status: Relay A → Earth, lands h 1.2124","backbone Relay A→Earth launch h 0.8998 (data, attempt 1)",h 1.2124,unchanged,network
0.899777,Relay A,relay: stores and forwards packet bytes only; no financial state,"PACKET SENT: data ack: Relay A → Earth, lands h 1.2124","backbone Relay A→Earth launch h 0.8998 (data_ack, attempt 1)",h 1.2124,unchanged,transport
0.899777,Relay A,relay: stores and forwards packet bytes only; no financial state,"PACKET SENT: transfer_status: Relay A → Earth, lands h 1.2124","backbone Relay A→Earth launch h 0.8998 (data, attempt 1)",h 1.2124,unchanged,network
0.899777,Relay A,relay: stores and forwards packet bytes only; no financial state,"PACKET SENT: data ack: Relay A → Earth, lands h 1.2124","backbone Relay A→Earth launch h 0.8998 (data_ack, attempt 1)",h 1.2124,unchanged,transport
1.000000,,,NOTE: REJECTED: open the future before N-Eve's margin reaches Earth (N-Eve lacks 15000.00 NEO free at Ceres),—,—,unchanged,note
1.056213,Ceres,"Ceres Clearing last received: margin_transfer from Earth Exchange @h0.66, margin_transfer from Earth Exchange @h0.66; Ceres Clearing awaiting ack: transfer_status→Earth Exchange, transfer_status→Earth Exchange",HOP RECEIPT: from Ceres,hop receipt queued at Ceres,—,unchanged,transport
1.056213,Ceres Clearing,"Ceres Clearing last received: margin_transfer from Earth Exchange @h0.66, margin_transfer from Earth Exchange @h1.06; Ceres Clearing awaiting ack: transfer_status→Earth Exchange, transfer_status→Earth Exchange",RECEIVED: margin_transfer at Ceres Clearing,—,—,unchanged,network
1.056213,E-Alice,"E-Alice sees own $35,000.00 free at Earth",VALIDATED · FINAL: XFR-000004: usable by E-Alice at Ceres — cash validated at Ceres,—,—,"E-Alice $10,000.00@Ceres | in transit $15,000.00 / 0 sh",finance
1.056213,Ceres Clearing,"Ceres Clearing last received: margin_transfer from Earth Exchange @h0.66, margin_transfer from Earth Exchange @h1.06; Ceres Clearing awaiting ack: transfer_status→Earth Exchange, transfer_status→Earth Exchange",MESSAGE SENT: transfer_status: Ceres Clearing → Earth Exchange (backbone),backbone message transfer_status Ceres Clearing→Earth Exchange on Ceres → Relay A → Earth,delivered h 1.6123,unchanged,network
1.056213,Ceres,"Ceres Clearing last received: margin_transfer from Earth Exchange @h0.66, margin_transfer from Earth Exchange @h1.06; Ceres Clearing awaiting ack: transfer_status→Earth Exchange, transfer_status→Earth Exchange",DATA ACK: from Ceres,data ack queued at Ceres,—,unchanged,transport
1.056491,Ceres,"Ceres Clearing last received: margin_transfer from Earth Exchange @h0.66, margin_transfer from Earth Exchange @h1.06; Ceres Clearing awaiting ack: transfer_status→Earth Exchange, transfer_status→Earth Exchange","PACKET SENT: hop receipt: Ceres → Relay A, lands h 1.2992","backbone Ceres→Relay A launch h 1.0565 (hop_receipt, attempt 1)",h 1.2992,unchanged,transport
1.056491,Ceres,"Ceres Clearing last received: margin_transfer from Earth Exchange @h0.66, margin_transfer from Earth Exchange @h1.06; Ceres Clearing awaiting ack: transfer_status→Earth Exchange, transfer_status→Earth Exchange","PACKET SENT: transfer_status: Ceres → Relay A, lands h 1.2992","backbone Ceres→Relay A launch h 1.0565 (data, attempt 1)",h 1.2992,unchanged,network
1.056491,Ceres,"Ceres Clearing last received: margin_transfer from Earth Exchange @h0.66, margin_transfer from Earth Exchange @h1.06; Ceres Clearing awaiting ack: transfer_status→Earth Exchange, transfer_status→Earth Exchange","PACKET SENT: data ack: Ceres → Relay A, lands h 1.2992","backbone Ceres→Relay A launch h 1.0565 (data_ack, attempt 1)",h 1.2992,unchanged,transport
1.212364,Earth,Earth Exchange awaiting ack: margin_transfer→Ceres Clearing,HOP RECEIPT: from Earth,hop receipt queued at Earth,—,unchanged,transport
1.212364,Earth Exchange,Earth Exchange last received: transfer_status from Ceres Clearing @h1.21; Earth Exchange awaiting ack: margin_transfer→Ceres Clearing,RECEIVED: transfer_status at Earth Exchange,—,—,unchanged,network
1.212364,E-Alice,"E-Alice sees own $35,000.00 free at Earth",SOURCE RECONCILED: XFR-000001 confirmed at the source,—,—,unchanged,finance
1.212364,Earth,Earth Exchange last received: transfer_status from Ceres Clearing @h1.21; Earth Exchange awaiting ack: margin_transfer→Ceres Clearing,DATA ACK: from Earth,data ack queued at Earth,—,unchanged,transport
1.212364,Earth,Earth Exchange last received: transfer_status from Ceres Clearing @h1.21; Earth Exchange awaiting ack: margin_transfer→Ceres Clearing,HOP RECEIPT: from Earth,hop receipt queued at Earth,—,unchanged,transport
1.212364,Earth,Earth Exchange last received: transfer_status from Ceres Clearing @h1.21; Earth Exchange awaiting ack: margin_transfer→Ceres Clearing,HOP RECEIPT: from Earth,hop receipt queued at Earth,—,unchanged,transport
1.212364,Earth Exchange,"Earth Exchange last received: transfer_status from Ceres Clearing @h1.21, transfer_status from Ceres Clearing @h1.21; Earth Exchange awaiting ack: margin_transfer→Ceres Clearing",RECEIVED: transfer_status at Earth Exchange,—,—,unchanged,network
1.212364,E-Bob,"E-Bob sees own $20,000 free at Earth",SOURCE RECONCILED: XFR-000002 confirmed at the source,—,—,unchanged,finance
1.212364,Earth,"Earth Exchange last received: transfer_status from Ceres Clearing @h1.21, transfer_status from Ceres Clearing @h1.21; Earth Exchange awaiting ack: margin_transfer→Ceres Clearing",DATA ACK: from Earth,data ack queued at Earth,—,unchanged,transport
1.212364,Earth,"Earth Exchange last received: transfer_status from Ceres Clearing @h1.21, transfer_status from Ceres Clearing @h1.21; Earth Exchange awaiting ack: margin_transfer→Ceres Clearing",HOP RECEIPT: from Earth,hop receipt queued at Earth,—,unchanged,transport
1.212642,Earth,"Earth Exchange last received: transfer_status from Ceres Clearing @h1.21, transfer_status from Ceres Clearing @h1.21; Earth Exchange awaiting ack: margin_transfer→Ceres Clearing","PACKET SENT: hop receipt: Earth → Relay A, lands h 1.5252","backbone Earth→Relay A launch h 1.2126 (hop_receipt, attempt 1)",h 1.5252,unchanged,transport
1.212642,Earth,"Earth Exchange last received: transfer_status from Ceres Clearing @h1.21, transfer_status from Ceres Clearing @h1.21; Earth Exchange awaiting ack: margin_transfer→Ceres Clearing","PACKET SENT: data ack: Earth → Relay A, lands h 1.5252","backbone Earth→Relay A launch h 1.2126 (data_ack, attempt 1)",h 1.5252,unchanged,transport
1.212642,Earth,"Earth Exchange last received: transfer_status from Ceres Clearing @h1.21, transfer_status from Ceres Clearing @h1.21; Earth Exchange awaiting ack: margin_transfer→Ceres Clearing","PACKET SENT: hop receipt: Earth → Relay A, lands h 1.5252","backbone Earth→Relay A launch h 1.2126 (hop_receipt, attempt 1)",h 1.5252,unchanged,transport
1.212642,Earth,"Earth Exchange last received: transfer_status from Ceres Clearing @h1.21, transfer_status from Ceres Clearing @h1.21; Earth Exchange awaiting ack: margin_transfer→Ceres Clearing","PACKET SENT: hop receipt: Earth → Relay A, lands h 1.5252","backbone Earth→Relay A launch h 1.2126 (hop_receipt, attempt 1)",h 1.5252,unchanged,transport
1.212642,Earth,"Earth Exchange last received: transfer_status from Ceres Clearing @h1.21, transfer_status from Ceres Clearing @h1.21; Earth Exchange awaiting ack: margin_transfer→Ceres Clearing","PACKET SENT: data ack: Earth → Relay A, lands h 1.5252","backbone Earth→Relay A launch h 1.2126 (data_ack, attempt 1)",h 1.5252,unchanged,transport
1.212642,Earth,"Earth Exchange last received: transfer_status from Ceres Clearing @h1.21, transfer_status from Ceres Clearing @h1.21; Earth Exchange awaiting ack: margin_transfer→Ceres Clearing","PACKET SENT: hop receipt: Earth → Relay A, lands h 1.5252","backbone Earth→Relay A launch h 1.2126 (hop_receipt, attempt 1)",h 1.5252,unchanged,transport
1.299196,Relay A,relay: stores and forwards packet bytes only; no financial state,HOP RECEIPT: from Relay A,hop receipt queued at Relay A,—,unchanged,transport
1.299196,Relay A,relay: stores and forwards packet bytes only; no financial state,HOP RECEIPT: from Relay A,hop receipt queued at Relay A,—,unchanged,transport
1.299474,Relay A,relay: stores and forwards packet bytes only; no financial state,"PACKET SENT: hop receipt: Relay A → Ceres, lands h 1.5422","backbone Relay A→Ceres launch h 1.2995 (hop_receipt, attempt 1)",h 1.5422,unchanged,transport
1.299474,Relay A,relay: stores and forwards packet bytes only; no financial state,"PACKET SENT: hop receipt: Relay A → Ceres, lands h 1.5422","backbone Relay A→Ceres launch h 1.2995 (hop_receipt, attempt 1)",h 1.5422,unchanged,transport
1.299752,Relay A,relay: stores and forwards packet bytes only; no financial state,"PACKET SENT: transfer_status: Relay A → Earth, lands h 1.6123","backbone Relay A→Earth launch h 1.2998 (data, attempt 1)",h 1.6123,unchanged,network
1.299752,Relay A,relay: stores and forwards packet bytes only; no financial state,"PACKET SENT: data ack: Relay A → Earth, lands h 1.6123","backbone Relay A→Earth launch h 1.2998 (data_ack, attempt 1)",h 1.6123,unchanged,transport
1.525241,Relay A,relay: stores and forwards packet bytes only; no financial state,HOP RECEIPT: from Relay A,hop receipt queued at Relay A,—,unchanged,transport
1.525241,Relay A,relay: stores and forwards packet bytes only; no financial state,HOP RECEIPT: from Relay A,hop receipt queued at Relay A,—,unchanged,transport
1.525518,Relay A,relay: stores and forwards packet bytes only; no financial state,"PACKET SENT: hop receipt: Relay A → Earth, lands h 1.8381","backbone Relay A→Earth launch h 1.5255 (hop_receipt, attempt 1)",h 1.8381,unchanged,transport
1.525518,Relay A,relay: stores and forwards packet bytes only; no financial state,"PACKET SENT: hop receipt: Relay A → Earth, lands h 1.8381","backbone Relay A→Earth launch h 1.5255 (hop_receipt, attempt 1)",h 1.8381,unchanged,transport
1.525796,Relay A,relay: stores and forwards packet bytes only; no financial state,"PACKET SENT: data ack: Relay A → Ceres, lands h 1.7685","backbone Relay A→Ceres launch h 1.5258 (data_ack, attempt 1)",h 1.7685,unchanged,transport
1.525796,Relay A,relay: stores and forwards packet bytes only; no financial state,"PACKET SENT: data ack: Relay A → Ceres, lands h 1.7685","backbone Relay A→Ceres launch h 1.5258 (data_ack, attempt 1)",h 1.7685,unchanged,transport
1.612311,Earth,"Earth Exchange last received: transfer_status from Ceres Clearing @h1.21, transfer_status from Ceres Clearing @h1.21",HOP RECEIPT: from Earth,hop receipt queued at Earth,—,unchanged,transport
1.612311,Earth Exchange,"Earth Exchange last received: transfer_status from Ceres Clearing @h1.21, transfer_status from Ceres Clearing @h1.61",RECEIVED: transfer_status at Earth Exchange,—,—,unchanged,network
1.612311,E-Alice,"E-Alice sees own $35,000.00 free at Earth",SOURCE RECONCILED: XFR-000004 confirmed at the source,—,—,unchanged,finance
1.612311,Earth,"Earth Exchange last received: transfer_status from Ceres Clearing @h1.21, transfer_status from Ceres Clearing @h1.61",DATA ACK: from Earth,data ack queued at Earth,—,unchanged,transport
1.612311,Earth,"Earth Exchange last received: transfer_status from Ceres Clearing @h1.21, transfer_status from Ceres Clearing @h1.61",HOP RECEIPT: from Earth,hop receipt queued at Earth,—,unchanged,transport
1.612588,Earth,"Earth Exchange last received: transfer_status from Ceres Clearing @h1.21, transfer_status from Ceres Clearing @h1.61","PACKET SENT: hop receipt: Earth → Relay A, lands h 1.9252","backbone Earth→Relay A launch h 1.6126 (hop_receipt, attempt 1)",h 1.9252,unchanged,transport
1.612588,Earth,"Earth Exchange last received: transfer_status from Ceres Clearing @h1.21, transfer_status from Ceres Clearing @h1.61","PACKET SENT: data ack: Earth → Relay A, lands h 1.9252","backbone Earth→Relay A launch h 1.6126 (data_ack, attempt 1)",h 1.9252,unchanged,transport
1.612588,Earth,"Earth Exchange last received: transfer_status from Ceres Clearing @h1.21, transfer_status from Ceres Clearing @h1.61","PACKET SENT: hop receipt: Earth → Relay A, lands h 1.9252","backbone Earth→Relay A launch h 1.6126 (hop_receipt, attempt 1)",h 1.9252,unchanged,transport
1.768530,Ceres,"Ceres Clearing last received: margin_transfer from Earth Exchange @h0.66, margin_transfer from Earth Exchange @h1.06; Ceres Clearing awaiting ack: transfer_status→Earth Exchange",HOP RECEIPT: from Ceres,hop receipt queued at Ceres,—,unchanged,transport
1.768530,Ceres,"Ceres Clearing last received: margin_transfer from Earth Exchange @h0.66, margin_transfer from Earth Exchange @h1.06; Ceres Clearing awaiting ack: transfer_status→Earth Exchange",HOP RECEIPT: from Ceres,hop receipt queued at Ceres,—,unchanged,transport
1.768808,Ceres,"Ceres Clearing last received: margin_transfer from Earth Exchange @h0.66, margin_transfer from Earth Exchange @h1.06; Ceres Clearing awaiting ack: transfer_status→Earth Exchange","PACKET SENT: hop receipt: Ceres → Relay A, lands h 2.0115","backbone Ceres→Relay A launch h 1.7688 (hop_receipt, attempt 1)",h 2.0115,unchanged,transport
1.768808,Ceres,"Ceres Clearing last received: margin_transfer from Earth Exchange @h0.66, margin_transfer from Earth Exchange @h1.06; Ceres Clearing awaiting ack: transfer_status→Earth Exchange","PACKET SENT: hop receipt: Ceres → Relay A, lands h 2.0115","backbone Ceres→Relay A launch h 1.7688 (hop_receipt, attempt 1)",h 2.0115,unchanged,transport
1.925159,Relay A,relay: stores and forwards packet bytes only; no financial state,HOP RECEIPT: from Relay A,hop receipt queued at Relay A,—,unchanged,transport
1.925437,Relay A,relay: stores and forwards packet bytes only; no financial state,"PACKET SENT: hop receipt: Relay A → Earth, lands h 2.2380","backbone Relay A→Earth launch h 1.9254 (hop_receipt, attempt 1)",h 2.2380,unchanged,transport
1.925715,Relay A,relay: stores and forwards packet bytes only; no financial state,"PACKET SENT: data ack: Relay A → Ceres, lands h 2.1684","backbone Relay A→Ceres launch h 1.9257 (data_ack, attempt 1)",h 2.1684,unchanged,transport
2.168450,Ceres,"Ceres Clearing last received: margin_transfer from Earth Exchange @h0.66, margin_transfer from Earth Exchange @h1.06",HOP RECEIPT: from Ceres,hop receipt queued at Ceres,—,unchanged,transport
2.168728,Ceres,"Ceres Clearing last received: margin_transfer from Earth Exchange @h0.66, margin_transfer from Earth Exchange @h1.06","PACKET SENT: hop receipt: Ceres → Relay A, lands h 2.4114","backbone Ceres→Relay A launch h 2.1687 (hop_receipt, attempt 1)",h 2.4114,unchanged,transport
4.361746,Relay A,relay: stores and forwards packet bytes only; no financial state,HOP RECEIPT: from Relay A,hop receipt queued at Relay A,—,unchanged,transport
4.362024,Relay A,relay: stores and forwards packet bytes only; no financial state,"PACKET SENT: hop receipt: Relay A → Neptune, lands h 8.2235","backbone Relay A→Neptune launch h 4.3620 (hop_receipt, attempt 1)",h 8.2235,unchanged,transport
4.362302,Relay A,relay: stores and forwards packet bytes only; no financial state,"PACKET SENT: margin_transfer: Relay A → Ceres, lands h 4.6050","backbone Relay A→Ceres launch h 4.3623 (data, attempt 1)",h 4.6050,unchanged,network
4.605045,Ceres,"Ceres Clearing last received: margin_transfer from Earth Exchange @h0.66, margin_transfer from Earth Exchange @h1.06; Ceres Clearing awaiting ack: transfer_status→Neptune Exchange",HOP RECEIPT: from Ceres,hop receipt queued at Ceres,—,unchanged,transport
4.605045,Ceres Clearing,"Ceres Clearing last received: margin_transfer from Earth Exchange @h1.06, margin_transfer from Neptune Exchange @h4.61; Ceres Clearing awaiting ack: transfer_status→Neptune Exchange",RECEIVED: margin_transfer at Ceres Clearing,—,—,unchanged,network
4.605045,N-Eve,"N-Eve sees own $40,000.00 free at Neptune",VALIDATED · FINAL: XFR-000003: usable by N-Eve at Ceres — cash validated at Ceres,—,—,"N-Eve $15,000.00@Ceres | in transit $0 / 0 sh",finance
4.605045,Ceres,"Ceres Clearing last received: margin_transfer from Earth Exchange @h1.06, margin_transfer from Neptune Exchange @h4.61; Ceres Clearing awaiting ack: transfer_status→Neptune Exchange","FUTURE OPENED: MOI-F300 10 @ 100: long N-Eve (margin 15000.00), short E-Alice (margin 10000.00) — both initial margins encumbered at Ceres Clearing",—,—,"E-Alice $10,000.00@Ceres (locked $10,000.00); N-Eve $15,000.00@Ceres (locked $15,000.00) | in transit $0 / 0 sh",finance
4.605045,Ceres Clearing,"Ceres Clearing last received: margin_transfer from Earth Exchange @h1.06, margin_transfer from Neptune Exchange @h4.61; Ceres Clearing awaiting ack: transfer_status→Neptune Exchange",MESSAGE SENT: transfer_status: Ceres Clearing → Neptune Exchange (backbone),backbone message transfer_status Ceres Clearing→Neptune Exchange on Ceres → Relay A → Neptune,delivered h 8.7101,unchanged,network
4.605045,Ceres,"Ceres Clearing last received: margin_transfer from Earth Exchange @h1.06, margin_transfer from Neptune Exchange @h4.61; Ceres Clearing awaiting ack: transfer_status→Neptune Exchange",DATA ACK: from Ceres,data ack queued at Ceres,—,unchanged,transport
4.605323,Ceres,"Ceres Clearing last received: margin_transfer from Earth Exchange @h1.06, margin_transfer from Neptune Exchange @h4.61; Ceres Clearing awaiting ack: transfer_status→Neptune Exchange","PACKET SENT: hop receipt: Ceres → Relay A, lands h 4.8480","backbone Ceres→Relay A launch h 4.6053 (hop_receipt, attempt 1)",h 4.8480,unchanged,transport
4.605323,Ceres,"Ceres Clearing last received: margin_transfer from Earth Exchange @h1.06, margin_transfer from Neptune Exchange @h4.61; Ceres Clearing awaiting ack: transfer_status→Neptune Exchange","PACKET SENT: transfer_status: Ceres → Relay A, lands h 4.8480","backbone Ceres→Relay A launch h 4.6053 (data, attempt 1)",h 4.8480,unchanged,network
4.605323,Ceres,"Ceres Clearing last received: margin_transfer from Earth Exchange @h1.06, margin_transfer from Neptune Exchange @h4.61; Ceres Clearing awaiting ack: transfer_status→Neptune Exchange","PACKET SENT: data ack: Ceres → Relay A, lands h 4.8480","backbone Ceres→Relay A launch h 4.6053 (data_ack, attempt 1)",h 4.8480,unchanged,transport
4.848040,Relay A,relay: stores and forwards packet bytes only; no financial state,HOP RECEIPT: from Relay A,hop receipt queued at Relay A,—,unchanged,transport
4.848040,Relay A,relay: stores and forwards packet bytes only; no financial state,HOP RECEIPT: from Relay A,hop receipt queued at Relay A,—,unchanged,transport
4.848317,Relay A,relay: stores and forwards packet bytes only; no financial state,"PACKET SENT: hop receipt: Relay A → Ceres, lands h 5.0911","backbone Relay A→Ceres launch h 4.8483 (hop_receipt, attempt 1)",h 5.0911,unchanged,transport
4.848317,Relay A,relay: stores and forwards packet bytes only; no financial state,"PACKET SENT: hop receipt: Relay A → Ceres, lands h 5.0911","backbone Relay A→Ceres launch h 4.8483 (hop_receipt, attempt 1)",h 5.0911,unchanged,transport
4.848595,Relay A,relay: stores and forwards packet bytes only; no financial state,"PACKET SENT: transfer_status: Relay A → Neptune, lands h 8.7101","backbone Relay A→Neptune launch h 4.8486 (data, attempt 1)",h 8.7101,unchanged,network
4.848595,Relay A,relay: stores and forwards packet bytes only; no financial state,"PACKET SENT: data ack: Relay A → Neptune, lands h 8.7101","backbone Relay A→Neptune launch h 4.8486 (data_ack, attempt 1)",h 8.7101,unchanged,transport
8.710073,Neptune,Neptune Exchange: no remote information yet,HOP RECEIPT: from Neptune,hop receipt queued at Neptune,—,unchanged,transport
8.710073,Neptune Exchange,Neptune Exchange last received: transfer_status from Ceres Clearing @h8.71,RECEIVED: transfer_status at Neptune Exchange,—,—,unchanged,network
8.710073,N-Eve,"N-Eve sees own $40,000.00 free at Neptune",SOURCE RECONCILED: XFR-000003 confirmed at the source,—,—,unchanged,finance
8.710073,Neptune,Neptune Exchange last received: transfer_status from Ceres Clearing @h8.71,DATA ACK: from Neptune,data ack queued at Neptune,—,unchanged,transport
8.710073,Neptune,Neptune Exchange last received: transfer_status from Ceres Clearing @h8.71,HOP RECEIPT: from Neptune,hop receipt queued at Neptune,—,unchanged,transport
8.710351,Neptune,Neptune Exchange last received: transfer_status from Ceres Clearing @h8.71,"PACKET SENT: hop receipt: Neptune → Relay A, lands h 12.5722","backbone Neptune→Relay A launch h 8.7104 (hop_receipt, attempt 1)",h 12.5722,unchanged,transport
8.710351,Neptune,Neptune Exchange last received: transfer_status from Ceres Clearing @h8.71,"PACKET SENT: data ack: Neptune → Relay A, lands h 12.5722","backbone Neptune→Relay A launch h 8.7104 (data_ack, attempt 1)",h 12.5722,unchanged,transport
8.710351,Neptune,Neptune Exchange last received: transfer_status from Ceres Clearing @h8.71,"PACKET SENT: hop receipt: Neptune → Relay A, lands h 12.5722","backbone Neptune→Relay A launch h 8.7104 (hop_receipt, attempt 1)",h 12.5722,unchanged,transport
12.000000,MOI Publisher,observes MOI locally at Mars,MOI OBSERVATION: 99 released at Mars,—,—,unchanged,finance
12.000278,Mars Exchange,Mars Exchange awaiting ack: mark→Ceres Clearing,MESSAGE SENT: mark: Mars Exchange → Ceres Clearing (backbone),backbone message mark Mars Exchange→Ceres Clearing on Mars → Relay A → Ceres,delivered h 12.4960,unchanged,network
12.000556,Mars,Mars Exchange awaiting ack: mark→Ceres Clearing,"PACKET SENT: mark: Mars → Relay A, lands h 12.2527","backbone Mars→Relay A launch h 12.0006 (data, attempt 1)",h 12.2527,unchanged,network
12.252674,Relay A,relay: stores and forwards packet bytes only; no financial state,HOP RECEIPT: from Relay A,hop receipt queued at Relay A,—,unchanged,transport
12.252952,Relay A,relay: stores and forwards packet bytes only; no financial state,"PACKET SENT: hop receipt: Relay A → Mars, lands h 12.5051","backbone Relay A→Mars launch h 12.2530 (hop_receipt, attempt 1)",h 12.5051,unchanged,transport
12.253230,Relay A,relay: stores and forwards packet bytes only; no financial state,"PACKET SENT: mark: Relay A → Ceres, lands h 12.4960","backbone Relay A→Ceres launch h 12.2532 (data, attempt 1)",h 12.4960,unchanged,network
12.495999,Ceres,"Ceres Clearing last received: margin_transfer from Earth Exchange @h1.06, margin_transfer from Neptune Exchange @h4.61; Ceres Clearing awaiting ack: transfer_status→Neptune Exchange",HOP RECEIPT: from Ceres,hop receipt queued at Ceres,—,unchanged,transport
12.495999,Ceres Clearing,"Ceres Clearing last received: margin_transfer from Neptune Exchange @h4.61, mark from Mars Exchange @h12.50; Ceres Clearing awaiting ack: transfer_status→Neptune Exchange",RECEIVED: mark at Ceres Clearing,—,—,unchanged,network
12.495999,Ceres,"Ceres Clearing last received: margin_transfer from Neptune Exchange @h4.61, mark from Mars Exchange @h12.50; Ceres Clearing awaiting ack: transfer_status→Neptune Exchange",MARKED: POS-000001 at 99,—,—,unchanged,finance
12.495999,Ceres,"Ceres Clearing last received: margin_transfer from Neptune Exchange @h4.61, mark from Mars Exchange @h12.50; Ceres Clearing awaiting ack: transfer_status→Neptune Exchange",DATA ACK: from Ceres,data ack queued at Ceres,—,unchanged,transport
12.496277,Ceres,"Ceres Clearing last received: margin_transfer from Neptune Exchange @h4.61, mark from Mars Exchange @h12.50; Ceres Clearing awaiting ack: transfer_status→Neptune Exchange","PACKET SENT: hop receipt: Ceres → Relay A, lands h 12.7390","backbone Ceres→Relay A launch h 12.4963 (hop_receipt, attempt 1)",h 12.7390,unchanged,transport
12.496277,Ceres,"Ceres Clearing last received: margin_transfer from Neptune Exchange @h4.61, mark from Mars Exchange @h12.50; Ceres Clearing awaiting ack: transfer_status→Neptune Exchange","PACKET SENT: data ack: Ceres → Relay A, lands h 12.7390","backbone Ceres→Relay A launch h 12.4963 (data_ack, attempt 1)",h 12.7390,unchanged,transport
12.572159,Relay A,relay: stores and forwards packet bytes only; no financial state,HOP RECEIPT: from Relay A,hop receipt queued at Relay A,—,unchanged,transport
12.572437,Relay A,relay: stores and forwards packet bytes only; no financial state,"PACKET SENT: hop receipt: Relay A → Neptune, lands h 16.4342","backbone Relay A→Neptune launch h 12.5724 (hop_receipt, attempt 1)",h 16.4342,unchanged,transport
12.572715,Relay A,relay: stores and forwards packet bytes only; no financial state,"PACKET SENT: data ack: Relay A → Ceres, lands h 12.8155","backbone Relay A→Ceres launch h 12.5727 (data_ack, attempt 1)",h 12.8155,unchanged,transport
12.739020,Relay A,relay: stores and forwards packet bytes only; no financial state,HOP RECEIPT: from Relay A,hop receipt queued at Relay A,—,unchanged,transport
12.739298,Relay A,relay: stores and forwards packet bytes only; no financial state,"PACKET SENT: hop receipt: Relay A → Ceres, lands h 12.9821","backbone Relay A→Ceres launch h 12.7393 (hop_receipt, attempt 1)",h 12.9821,unchanged,transport
12.739575,Relay A,relay: stores and forwards packet bytes only; no financial state,"PACKET SENT: data ack: Relay A → Mars, lands h 12.9917","backbone Relay A→Mars launch h 12.7396 (data_ack, attempt 1)",h 12.9917,unchanged,transport
12.815485,Ceres,"Ceres Clearing last received: margin_transfer from Neptune Exchange @h4.61, mark from Mars Exchange @h12.50",HOP RECEIPT: from Ceres,hop receipt queued at Ceres,—,unchanged,transport
12.815763,Ceres,"Ceres Clearing last received: margin_transfer from Neptune Exchange @h4.61, mark from Mars Exchange @h12.50","PACKET SENT: hop receipt: Ceres → Relay A, lands h 13.0585","backbone Ceres→Relay A launch h 12.8158 (hop_receipt, attempt 1)",h 13.0585,unchanged,transport
12.991748,Mars,Mars Exchange: no remote information yet,HOP RECEIPT: from Mars,hop receipt queued at Mars,—,unchanged,transport
12.992026,Mars,Mars Exchange: no remote information yet,"PACKET SENT: hop receipt: Mars → Relay A, lands h 13.2442","backbone Mars→Relay A launch h 12.9920 (hop_receipt, attempt 1)",h 13.2442,unchanged,transport
24.000000,MOI Publisher,observes MOI locally at Mars,MOI OBSERVATION: 97 released at Mars,—,—,unchanged,finance
24.000278,Mars Exchange,Mars Exchange awaiting ack: mark→Ceres Clearing,MESSAGE SENT: mark: Mars Exchange → Ceres Clearing (backbone),backbone message mark Mars Exchange→Ceres Clearing on Mars → Relay A → Ceres,delivered h 24.4965,unchanged,network
24.000556,Mars,Mars Exchange awaiting ack: mark→Ceres Clearing,"PACKET SENT: mark: Mars → Relay A, lands h 24.2531","backbone Mars→Relay A launch h 24.0006 (data, attempt 1)",h 24.2531,unchanged,network
24.253149,Relay A,relay: stores and forwards packet bytes only; no financial state,HOP RECEIPT: from Relay A,hop receipt queued at Relay A,—,unchanged,transport
24.253427,Relay A,relay: stores and forwards packet bytes only; no financial state,"PACKET SENT: hop receipt: Relay A → Mars, lands h 24.5061","backbone Relay A→Mars launch h 24.2534 (hop_receipt, attempt 1)",h 24.5061,unchanged,transport
24.253705,Relay A,relay: stores and forwards packet bytes only; no financial state,"PACKET SENT: mark: Relay A → Ceres, lands h 24.4965","backbone Relay A→Ceres launch h 24.2537 (data, attempt 1)",h 24.4965,unchanged,network
24.496514,Ceres,"Ceres Clearing last received: margin_transfer from Neptune Exchange @h4.61, mark from Mars Exchange @h12.50",HOP RECEIPT: from Ceres,hop receipt queued at Ceres,—,unchanged,transport
24.496514,Ceres Clearing,"Ceres Clearing last received: mark from Mars Exchange @h12.50, mark from Mars Exchange @h24.50",RECEIVED: mark at Ceres Clearing,—,—,unchanged,network
24.496514,Ceres,"Ceres Clearing last received: mark from Mars Exchange @h12.50, mark from Mars Exchange @h24.50",MARKED: POS-000001 at 97,—,—,unchanged,finance
24.496514,Ceres,"Ceres Clearing last received: mark from Mars Exchange @h12.50, mark from Mars Exchange @h24.50",DATA ACK: from Ceres,data ack queued at Ceres,—,unchanged,transport
24.496792,Ceres,"Ceres Clearing last received: mark from Mars Exchange @h12.50, mark from Mars Exchange @h24.50","PACKET SENT: hop receipt: Ceres → Relay A, lands h 24.7396","backbone Ceres→Relay A launch h 24.4968 (hop_receipt, attempt 1)",h 24.7396,unchanged,transport
24.496792,Ceres,"Ceres Clearing last received: mark from Mars Exchange @h12.50, mark from Mars Exchange @h24.50","PACKET SENT: data ack: Ceres → Relay A, lands h 24.7396","backbone Ceres→Relay A launch h 24.4968 (data_ack, attempt 1)",h 24.7396,unchanged,transport
24.739575,Relay A,relay: stores and forwards packet bytes only; no financial state,HOP RECEIPT: from Relay A,hop receipt queued at Relay A,—,unchanged,transport
24.739852,Relay A,relay: stores and forwards packet bytes only; no financial state,"PACKET SENT: hop receipt: Relay A → Ceres, lands h 24.9827","backbone Relay A→Ceres launch h 24.7399 (hop_receipt, attempt 1)",h 24.9827,unchanged,transport
24.740130,Relay A,relay: stores and forwards packet bytes only; no financial state,"PACKET SENT: data ack: Relay A → Mars, lands h 24.9928","backbone Relay A→Mars launch h 24.7401 (data_ack, attempt 1)",h 24.9928,unchanged,transport
24.992778,Mars,Mars Exchange: no remote information yet,HOP RECEIPT: from Mars,hop receipt queued at Mars,—,unchanged,transport
24.993056,Mars,Mars Exchange: no remote information yet,"PACKET SENT: hop receipt: Mars → Relay A, lands h 25.2457","backbone Mars→Relay A launch h 24.9931 (hop_receipt, attempt 1)",h 25.2457,unchanged,transport
36.000000,MOI Publisher,observes MOI locally at Mars,MOI OBSERVATION: 94 released at Mars,—,—,unchanged,finance
36.000278,Mars Exchange,Mars Exchange awaiting ack: mark→Ceres Clearing,MESSAGE SENT: mark: Mars Exchange → Ceres Clearing (backbone),backbone message mark Mars Exchange→Ceres Clearing on Mars → Relay A → Ceres,delivered h 36.4970,unchanged,network
36.000556,Mars,Mars Exchange awaiting ack: mark→Ceres Clearing,"PACKET SENT: mark: Mars → Relay A, lands h 36.2536","backbone Mars→Relay A launch h 36.0006 (data, attempt 1)",h 36.2536,unchanged,network
36.253625,Relay A,relay: stores and forwards packet bytes only; no financial state,HOP RECEIPT: from Relay A,hop receipt queued at Relay A,—,unchanged,transport
36.253903,Relay A,relay: stores and forwards packet bytes only; no financial state,"PACKET SENT: hop receipt: Relay A → Mars, lands h 36.5070","backbone Relay A→Mars launch h 36.2539 (hop_receipt, attempt 1)",h 36.5070,unchanged,transport
36.254181,Relay A,relay: stores and forwards packet bytes only; no financial state,"PACKET SENT: mark: Relay A → Ceres, lands h 36.4970","backbone Relay A→Ceres launch h 36.2542 (data, attempt 1)",h 36.4970,unchanged,network
36.497030,Ceres,"Ceres Clearing last received: mark from Mars Exchange @h12.50, mark from Mars Exchange @h24.50; Ceres Clearing awaiting ack: margin_call→Neptune Exchange",HOP RECEIPT: from Ceres,hop receipt queued at Ceres,—,unchanged,transport
36.497030,Ceres Clearing,"Ceres Clearing last received: mark from Mars Exchange @h24.50, mark from Mars Exchange @h36.50; Ceres Clearing awaiting ack: margin_call→Neptune Exchange",RECEIVED: mark at Ceres Clearing,—,—,unchanged,network
36.497030,Ceres,"Ceres Clearing last received: mark from Mars Exchange @h24.50, mark from Mars Exchange @h36.50; Ceres Clearing awaiting ack: margin_call→Neptune Exchange",MARKED: POS-000001 at 94,—,—,unchanged,finance
36.497030,Ceres Clearing,"Ceres Clearing last received: mark from Mars Exchange @h24.50, mark from Mars Exchange @h36.50; Ceres Clearing awaiting ack: margin_call→Neptune Exchange",NOTE: MARGIN CALL N-Eve 5100.00 (deadline h 53.43),—,—,unchanged,note
36.497030,Ceres Clearing,"Ceres Clearing last received: mark from Mars Exchange @h24.50, mark from Mars Exchange @h36.50; Ceres Clearing awaiting ack: margin_call→Neptune Exchange",MESSAGE SENT: margin_call: Ceres Clearing → Neptune Exchange (backbone),backbone message margin_call Ceres Clearing→Neptune Exchange on Ceres → Relay A → Neptune,delivered h 40.6035,unchanged,network
36.497030,Ceres,"Ceres Clearing last received: mark from Mars Exchange @h24.50, mark from Mars Exchange @h36.50; Ceres Clearing awaiting ack: margin_call→Neptune Exchange",DATA ACK: from Ceres,data ack queued at Ceres,—,unchanged,transport
36.497308,Ceres,"Ceres Clearing last received: mark from Mars Exchange @h24.50, mark from Mars Exchange @h36.50; Ceres Clearing awaiting ack: margin_call→Neptune Exchange","PACKET SENT: hop receipt: Ceres → Relay A, lands h 36.7401","backbone Ceres→Relay A launch h 36.4973 (hop_receipt, attempt 1)",h 36.7401,unchanged,transport
36.497308,Ceres,"Ceres Clearing last received: mark from Mars Exchange @h24.50, mark from Mars Exchange @h36.50; Ceres Clearing awaiting ack: margin_call→Neptune Exchange","PACKET SENT: margin_call: Ceres → Relay A, lands h 36.7401","backbone Ceres→Relay A launch h 36.4973 (data, attempt 1)",h 36.7401,unchanged,network
36.497308,Ceres,"Ceres Clearing last received: mark from Mars Exchange @h24.50, mark from Mars Exchange @h36.50; Ceres Clearing awaiting ack: margin_call→Neptune Exchange","PACKET SENT: data ack: Ceres → Relay A, lands h 36.7401","backbone Ceres→Relay A launch h 36.4973 (data_ack, attempt 1)",h 36.7401,unchanged,transport
36.740131,Relay A,relay: stores and forwards packet bytes only; no financial state,HOP RECEIPT: from Relay A,hop receipt queued at Relay A,—,unchanged,transport
36.740131,Relay A,relay: stores and forwards packet bytes only; no financial state,HOP RECEIPT: from Relay A,hop receipt queued at Relay A,—,unchanged,transport
36.740408,Relay A,relay: stores and forwards packet bytes only; no financial state,"PACKET SENT: hop receipt: Relay A → Ceres, lands h 36.9833","backbone Relay A→Ceres launch h 36.7404 (hop_receipt, attempt 1)",h 36.9833,unchanged,transport
36.740408,Relay A,relay: stores and forwards packet bytes only; no financial state,"PACKET SENT: hop receipt: Relay A → Ceres, lands h 36.9833","backbone Relay A→Ceres launch h 36.7404 (hop_receipt, attempt 1)",h 36.9833,unchanged,transport
36.740686,Relay A,relay: stores and forwards packet bytes only; no financial state,"PACKET SENT: margin_call: Relay A → Neptune, lands h 40.6035","backbone Relay A→Neptune launch h 36.7407 (data, attempt 1)",h 40.6035,unchanged,network
36.740686,Relay A,relay: stores and forwards packet bytes only; no financial state,"PACKET SENT: data ack: Relay A → Mars, lands h 36.9938","backbone Relay A→Mars launch h 36.7407 (data_ack, attempt 1)",h 36.9938,unchanged,transport
36.993810,Mars,Mars Exchange: no remote information yet,HOP RECEIPT: from Mars,hop receipt queued at Mars,—,unchanged,transport
36.994088,Mars,Mars Exchange: no remote information yet,"PACKET SENT: hop receipt: Mars → Relay A, lands h 37.2472","backbone Mars→Relay A launch h 36.9941 (hop_receipt, attempt 1)",h 37.2472,unchanged,transport
40.603486,Neptune,Neptune Exchange last received: transfer_status from Ceres Clearing @h8.71,HOP RECEIPT: from Neptune,hop receipt queued at Neptune,—,unchanged,transport
40.603486,Neptune Exchange,"Neptune Exchange last received: transfer_status from Ceres Clearing @h8.71, margin_call from Ceres Clearing @h40.60",RECEIVED: margin_call at Neptune Exchange,—,—,unchanged,network
40.603486,Neptune,"Neptune Exchange last received: transfer_status from Ceres Clearing @h8.71, margin_call from Ceres Clearing @h40.60",DATA ACK: from Neptune,data ack queued at Neptune,—,unchanged,transport
40.603764,Neptune,"Neptune Exchange last received: transfer_status from Ceres Clearing @h8.71, margin_call from Ceres Clearing @h40.60; Neptune Exchange awaiting ack: margin_transfer→Ceres Clearing","PACKET SENT: hop receipt: Neptune → Relay A, lands h 44.4669","backbone Neptune→Relay A launch h 40.6038 (hop_receipt, attempt 1)",h 44.4669,unchanged,transport
40.603764,N-Eve,"N-Eve sees own $34,900.00 free at Neptune","TRANSFER INITIATED: XFR-000005: $5,100.00 Neptune → Ceres (in transit) — Neptune Exchange debits Neptune; cash travels to Ceres Clearing",—,—,"N-Eve $34,900.00@Neptune | in transit $5,100.00 / 0 sh",finance
40.603764,Neptune Exchange,"Neptune Exchange last received: transfer_status from Ceres Clearing @h8.71, margin_call from Ceres Clearing @h40.60; Neptune Exchange awaiting ack: margin_transfer→Ceres Clearing",MESSAGE SENT: margin_transfer: Neptune Exchange → Ceres Clearing (backbone),backbone message margin_transfer Neptune Exchange→Ceres Clearing on Neptune → Relay A → Ceres,delivered h 44.7106,unchanged,network
40.603764,Neptune,"Neptune Exchange last received: transfer_status from Ceres Clearing @h8.71, margin_call from Ceres Clearing @h40.60; Neptune Exchange awaiting ack: margin_transfer→Ceres Clearing","PACKET SENT: data ack: Neptune → Relay A, lands h 44.4669","backbone Neptune→Relay A launch h 40.6038 (data_ack, attempt 1)",h 44.4669,unchanged,transport
40.604042,Neptune,"Neptune Exchange last received: transfer_status from Ceres Clearing @h8.71, margin_call from Ceres Clearing @h40.60; Neptune Exchange awaiting ack: margin_transfer→Ceres Clearing","PACKET SENT: margin_transfer: Neptune → Relay A, lands h 44.4672","backbone Neptune→Relay A launch h 40.6040 (data, attempt 1)",h 44.4672,unchanged,network
44.466896,Relay A,relay: stores and forwards packet bytes only; no financial state,HOP RECEIPT: from Relay A,hop receipt queued at Relay A,—,unchanged,transport
44.467174,Relay A,relay: stores and forwards packet bytes only; no financial state,"PACKET SENT: hop receipt: Relay A → Neptune, lands h 48.3303","backbone Relay A→Neptune launch h 44.4672 (hop_receipt, attempt 1)",h 48.3303,unchanged,transport
44.467174,Relay A,relay: stores and forwards packet bytes only; no financial state,HOP RECEIPT: from Relay A,hop receipt queued at Relay A,—,unchanged,transport
44.467452,Relay A,relay: stores and forwards packet bytes only; no financial state,"PACKET SENT: data ack: Relay A → Ceres, lands h 44.7103","backbone Relay A→Ceres launch h 44.4675 (data_ack, attempt 1)",h 44.7103,unchanged,transport
44.467452,Relay A,relay: stores and forwards packet bytes only; no financial state,"PACKET SENT: hop receipt: Relay A → Neptune, lands h 48.3306","backbone Relay A→Neptune launch h 44.4675 (hop_receipt, attempt 1)",h 48.3306,unchanged,transport
44.467730,Relay A,relay: stores and forwards packet bytes only; no financial state,"PACKET SENT: margin_transfer: Relay A → Ceres, lands h 44.7106","backbone Relay A→Ceres launch h 44.4677 (data, attempt 1)",h 44.7106,unchanged,network
44.710329,Ceres,"Ceres Clearing last received: mark from Mars Exchange @h24.50, mark from Mars Exchange @h36.50",HOP RECEIPT: from Ceres,hop receipt queued at Ceres,—,unchanged,transport
44.710607,Ceres,"Ceres Clearing last received: mark from Mars Exchange @h24.50, mark from Mars Exchange @h36.50","PACKET SENT: hop receipt: Ceres → Relay A, lands h 44.9535","backbone Ceres→Relay A launch h 44.7106 (hop_receipt, attempt 1)",h 44.9535,unchanged,transport
44.710607,Ceres,"Ceres Clearing last received: mark from Mars Exchange @h24.50, mark from Mars Exchange @h36.50; Ceres Clearing awaiting ack: transfer_status→Neptune Exchange",HOP RECEIPT: from Ceres,hop receipt queued at Ceres,—,unchanged,transport
44.710607,Ceres Clearing,"Ceres Clearing last received: mark from Mars Exchange @h36.50, margin_transfer from Neptune Exchange @h44.71; Ceres Clearing awaiting ack: transfer_status→Neptune Exchange",RECEIVED: margin_transfer at Ceres Clearing,—,—,unchanged,network
44.710607,N-Eve,"N-Eve sees own $34,900.00 free at Neptune",VALIDATED · FINAL: XFR-000005: usable by N-Eve at Ceres — cash validated at Ceres,—,—,"N-Eve $20,100.00@Ceres (locked $15,000.00) | in transit $0 / 0 sh",finance
44.710607,N-Eve,"N-Eve sees own $34,900.00 free at Neptune",MARGIN POSTED: long +5100.00 — top-up validated at Ceres Clearing,—,—,"N-Eve $20,100.00@Ceres (locked $20,100.00) | in transit $0 / 0 sh",finance
44.710607,Ceres Clearing,"Ceres Clearing last received: mark from Mars Exchange @h36.50, margin_transfer from Neptune Exchange @h44.71; Ceres Clearing awaiting ack: transfer_status→Neptune Exchange",MESSAGE SENT: transfer_status: Ceres Clearing → Neptune Exchange (backbone),backbone message transfer_status Ceres Clearing→Neptune Exchange on Ceres → Relay A → Neptune,delivered h 48.8174,unchanged,network
44.710607,Ceres,"Ceres Clearing last received: mark from Mars Exchange @h36.50, margin_transfer from Neptune Exchange @h44.71; Ceres Clearing awaiting ack: transfer_status→Neptune Exchange",DATA ACK: from Ceres,data ack queued at Ceres,—,unchanged,transport
44.710884,Ceres,"Ceres Clearing last received: mark from Mars Exchange @h36.50, margin_transfer from Neptune Exchange @h44.71; Ceres Clearing awaiting ack: transfer_status→Neptune Exchange","PACKET SENT: hop receipt: Ceres → Relay A, lands h 44.9537","backbone Ceres→Relay A launch h 44.7109 (hop_receipt, attempt 1)",h 44.9537,unchanged,transport
44.710884,Ceres,"Ceres Clearing last received: mark from Mars Exchange @h36.50, margin_transfer from Neptune Exchange @h44.71; Ceres Clearing awaiting ack: transfer_status→Neptune Exchange","PACKET SENT: transfer_status: Ceres → Relay A, lands h 44.9537","backbone Ceres→Relay A launch h 44.7109 (data, attempt 1)",h 44.9537,unchanged,network
44.710884,Ceres,"Ceres Clearing last received: mark from Mars Exchange @h36.50, margin_transfer from Neptune Exchange @h44.71; Ceres Clearing awaiting ack: transfer_status→Neptune Exchange","PACKET SENT: data ack: Ceres → Relay A, lands h 44.9537","backbone Ceres→Relay A launch h 44.7109 (data_ack, attempt 1)",h 44.9537,unchanged,transport
44.953735,Relay A,relay: stores and forwards packet bytes only; no financial state,HOP RECEIPT: from Relay A,hop receipt queued at Relay A,—,unchanged,transport
44.953735,Relay A,relay: stores and forwards packet bytes only; no financial state,HOP RECEIPT: from Relay A,hop receipt queued at Relay A,—,unchanged,transport
44.954013,Relay A,relay: stores and forwards packet bytes only; no financial state,"PACKET SENT: hop receipt: Relay A → Ceres, lands h 45.1969","backbone Relay A→Ceres launch h 44.9540 (hop_receipt, attempt 1)",h 45.1969,unchanged,transport
44.954013,Relay A,relay: stores and forwards packet bytes only; no financial state,"PACKET SENT: hop receipt: Relay A → Ceres, lands h 45.1969","backbone Relay A→Ceres launch h 44.9540 (hop_receipt, attempt 1)",h 45.1969,unchanged,transport
44.954290,Relay A,relay: stores and forwards packet bytes only; no financial state,"PACKET SENT: transfer_status: Relay A → Neptune, lands h 48.8174","backbone Relay A→Neptune launch h 44.9543 (data, attempt 1)",h 48.8174,unchanged,network
44.954290,Relay A,relay: stores and forwards packet bytes only; no financial state,"PACKET SENT: data ack: Relay A → Neptune, lands h 48.8174","backbone Relay A→Neptune launch h 44.9543 (data_ack, attempt 1)",h 48.8174,unchanged,transport
48.000000,MOI Publisher,observes MOI locally at Mars,MOI OBSERVATION: 92 released at Mars,—,—,unchanged,finance
48.000278,Mars Exchange,Mars Exchange awaiting ack: mark→Ceres Clearing,MESSAGE SENT: mark: Mars Exchange → Ceres Clearing (backbone),backbone message mark Mars Exchange→Ceres Clearing on Mars → Relay A → Ceres,delivered h 48.4975,unchanged,network
48.000556,Mars,Mars Exchange awaiting ack: mark→Ceres Clearing,"PACKET SENT: mark: Mars → Relay A, lands h 48.2541","backbone Mars→Relay A launch h 48.0006 (data, attempt 1)",h 48.2541,unchanged,network
48.254102,Relay A,relay: stores and forwards packet bytes only; no financial state,HOP RECEIPT: from Relay A,hop receipt queued at Relay A,—,unchanged,transport
48.254379,Relay A,relay: stores and forwards packet bytes only; no financial state,"PACKET SENT: hop receipt: Relay A → Mars, lands h 48.5080","backbone Relay A→Mars launch h 48.2544 (hop_receipt, attempt 1)",h 48.5080,unchanged,transport
48.254657,Relay A,relay: stores and forwards packet bytes only; no financial state,"PACKET SENT: mark: Relay A → Ceres, lands h 48.4975","backbone Relay A→Ceres launch h 48.2547 (data, attempt 1)",h 48.4975,unchanged,network
48.497547,Ceres,"Ceres Clearing last received: mark from Mars Exchange @h36.50, margin_transfer from Neptune Exchange @h44.71; Ceres Clearing awaiting ack: transfer_status→Neptune Exchange",HOP RECEIPT: from Ceres,hop receipt queued at Ceres,—,unchanged,transport
48.497547,Ceres Clearing,"Ceres Clearing last received: margin_transfer from Neptune Exchange @h44.71, mark from Mars Exchange @h48.50; Ceres Clearing awaiting ack: transfer_status→Neptune Exchange",RECEIVED: mark at Ceres Clearing,—,—,unchanged,network
48.497547,Ceres,"Ceres Clearing last received: margin_transfer from Neptune Exchange @h44.71, mark from Mars Exchange @h48.50; Ceres Clearing awaiting ack: transfer_status→Neptune Exchange",MARKED: POS-000001 at 92,—,—,unchanged,finance
48.497547,Ceres,"Ceres Clearing last received: margin_transfer from Neptune Exchange @h44.71, mark from Mars Exchange @h48.50; Ceres Clearing awaiting ack: transfer_status→Neptune Exchange",DATA ACK: from Ceres,data ack queued at Ceres,—,unchanged,transport
48.497824,Ceres,"Ceres Clearing last received: margin_transfer from Neptune Exchange @h44.71, mark from Mars Exchange @h48.50; Ceres Clearing awaiting ack: transfer_status→Neptune Exchange","PACKET SENT: hop receipt: Ceres → Relay A, lands h 48.7407","backbone Ceres→Relay A launch h 48.4978 (hop_receipt, attempt 1)",h 48.7407,unchanged,transport
48.497824,Ceres,"Ceres Clearing last received: margin_transfer from Neptune Exchange @h44.71, mark from Mars Exchange @h48.50; Ceres Clearing awaiting ack: transfer_status→Neptune Exchange","PACKET SENT: data ack: Ceres → Relay A, lands h 48.7407","backbone Ceres→Relay A launch h 48.4978 (data_ack, attempt 1)",h 48.7407,unchanged,transport
48.740688,Relay A,relay: stores and forwards packet bytes only; no financial state,HOP RECEIPT: from Relay A,hop receipt queued at Relay A,—,unchanged,transport
48.740966,Relay A,relay: stores and forwards packet bytes only; no financial state,"PACKET SENT: hop receipt: Relay A → Ceres, lands h 48.9839","backbone Relay A→Ceres launch h 48.7410 (hop_receipt, attempt 1)",h 48.9839,unchanged,transport
48.741243,Relay A,relay: stores and forwards packet bytes only; no financial state,"PACKET SENT: data ack: Relay A → Mars, lands h 48.9948","backbone Relay A→Mars launch h 48.7412 (data_ack, attempt 1)",h 48.9948,unchanged,transport
48.817432,Neptune,"Neptune Exchange last received: transfer_status from Ceres Clearing @h8.71, margin_call from Ceres Clearing @h40.60",HOP RECEIPT: from Neptune,hop receipt queued at Neptune,—,unchanged,transport
48.817432,Neptune Exchange,"Neptune Exchange last received: margin_call from Ceres Clearing @h40.60, transfer_status from Ceres Clearing @h48.82",RECEIVED: transfer_status at Neptune Exchange,—,—,unchanged,network
48.817432,N-Eve,"N-Eve sees own $34,900.00 free at Neptune",SOURCE RECONCILED: XFR-000005 confirmed at the source,—,—,unchanged,finance
48.817432,Neptune,"Neptune Exchange last received: margin_call from Ceres Clearing @h40.60, transfer_status from Ceres Clearing @h48.82",DATA ACK: from Neptune,data ack queued at Neptune,—,unchanged,transport
48.817432,Neptune,"Neptune Exchange last received: margin_call from Ceres Clearing @h40.60, transfer_status from Ceres Clearing @h48.82",HOP RECEIPT: from Neptune,hop receipt queued at Neptune,—,unchanged,transport
48.817710,Neptune,"Neptune Exchange last received: margin_call from Ceres Clearing @h40.60, transfer_status from Ceres Clearing @h48.82","PACKET SENT: hop receipt: Neptune → Relay A, lands h 52.6812","backbone Neptune→Relay A launch h 48.8177 (hop_receipt, attempt 1)",h 52.6812,unchanged,transport
48.817710,Neptune,"Neptune Exchange last received: margin_call from Ceres Clearing @h40.60, transfer_status from Ceres Clearing @h48.82","PACKET SENT: data ack: Neptune → Relay A, lands h 52.6812","backbone Neptune→Relay A launch h 48.8177 (data_ack, attempt 1)",h 52.6812,unchanged,transport
48.817710,Neptune,"Neptune Exchange last received: margin_call from Ceres Clearing @h40.60, transfer_status from Ceres Clearing @h48.82","PACKET SENT: hop receipt: Neptune → Relay A, lands h 52.6812","backbone Neptune→Relay A launch h 48.8177 (hop_receipt, attempt 1)",h 52.6812,unchanged,transport
48.994844,Mars,Mars Exchange: no remote information yet,HOP RECEIPT: from Mars,hop receipt queued at Mars,—,unchanged,transport
48.995122,Mars,Mars Exchange: no remote information yet,"PACKET SENT: hop receipt: Mars → Relay A, lands h 49.2487","backbone Mars→Relay A launch h 48.9951 (hop_receipt, attempt 1)",h 49.2487,unchanged,transport
52.681184,Relay A,relay: stores and forwards packet bytes only; no financial state,HOP RECEIPT: from Relay A,hop receipt queued at Relay A,—,unchanged,transport
52.681462,Relay A,relay: stores and forwards packet bytes only; no financial state,"PACKET SENT: hop receipt: Relay A → Neptune, lands h 56.5449","backbone Relay A→Neptune launch h 52.6815 (hop_receipt, attempt 1)",h 56.5449,unchanged,transport
52.681740,Relay A,relay: stores and forwards packet bytes only; no financial state,"PACKET SENT: data ack: Relay A → Ceres, lands h 52.9246","backbone Relay A→Ceres launch h 52.6817 (data_ack, attempt 1)",h 52.9246,unchanged,transport
52.924645,Ceres,"Ceres Clearing last received: margin_transfer from Neptune Exchange @h44.71, mark from Mars Exchange @h48.50",HOP RECEIPT: from Ceres,hop receipt queued at Ceres,—,unchanged,transport
52.924922,Ceres,"Ceres Clearing last received: margin_transfer from Neptune Exchange @h44.71, mark from Mars Exchange @h48.50","PACKET SENT: hop receipt: Ceres → Relay A, lands h 53.1678","backbone Ceres→Relay A launch h 52.9249 (hop_receipt, attempt 1)",h 53.1678,unchanged,transport
60.000000,MOI Publisher,observes MOI locally at Mars,MOI OBSERVATION: 90 released at Mars,—,—,unchanged,finance
60.000278,Mars Exchange,Mars Exchange awaiting ack: mark→Ceres Clearing,MESSAGE SENT: mark: Mars Exchange → Ceres Clearing (backbone),backbone message mark Mars Exchange→Ceres Clearing on Mars → Relay A → Ceres,delivered h 60.4981,unchanged,network
60.000556,Mars,Mars Exchange awaiting ack: mark→Ceres Clearing,"PACKET SENT: mark: Mars → Relay A, lands h 60.2546","backbone Mars→Relay A launch h 60.0006 (data, attempt 1)",h 60.2546,unchanged,network
60.254579,Relay A,relay: stores and forwards packet bytes only; no financial state,HOP RECEIPT: from Relay A,hop receipt queued at Relay A,—,unchanged,transport
60.254856,Relay A,relay: stores and forwards packet bytes only; no financial state,"PACKET SENT: hop receipt: Relay A → Mars, lands h 60.5089","backbone Relay A→Mars launch h 60.2549 (hop_receipt, attempt 1)",h 60.5089,unchanged,transport
60.255134,Relay A,relay: stores and forwards packet bytes only; no financial state,"PACKET SENT: mark: Relay A → Ceres, lands h 60.4981","backbone Relay A→Ceres launch h 60.2551 (data, attempt 1)",h 60.4981,unchanged,network
60.498065,Ceres,"Ceres Clearing last received: margin_transfer from Neptune Exchange @h44.71, mark from Mars Exchange @h48.50; Ceres Clearing awaiting ack: margin_call→Neptune Exchange",HOP RECEIPT: from Ceres,hop receipt queued at Ceres,—,unchanged,transport
60.498065,Ceres Clearing,"Ceres Clearing last received: mark from Mars Exchange @h48.50, mark from Mars Exchange @h60.50; Ceres Clearing awaiting ack: margin_call→Neptune Exchange",RECEIVED: mark at Ceres Clearing,—,—,unchanged,network
60.498065,Ceres,"Ceres Clearing last received: mark from Mars Exchange @h48.50, mark from Mars Exchange @h60.50; Ceres Clearing awaiting ack: margin_call→Neptune Exchange",MARKED: POS-000001 at 90,—,—,unchanged,finance
60.498065,Ceres Clearing,"Ceres Clearing last received: mark from Mars Exchange @h48.50, mark from Mars Exchange @h60.50; Ceres Clearing awaiting ack: margin_call→Neptune Exchange",NOTE: MARGIN CALL N-Eve 3400.00 (deadline h 77.43),—,—,unchanged,note
60.498065,Ceres Clearing,"Ceres Clearing last received: mark from Mars Exchange @h48.50, mark from Mars Exchange @h60.50; Ceres Clearing awaiting ack: margin_call→Neptune Exchange",MESSAGE SENT: margin_call: Ceres Clearing → Neptune Exchange (backbone),backbone message margin_call Ceres Clearing→Neptune Exchange on Ceres → Relay A → Neptune,delivered h 64.6056,unchanged,network
60.498065,Ceres,"Ceres Clearing last received: mark from Mars Exchange @h48.50, mark from Mars Exchange @h60.50; Ceres Clearing awaiting ack: margin_call→Neptune Exchange",DATA ACK: from Ceres,data ack queued at Ceres,—,unchanged,transport
60.498342,Ceres,"Ceres Clearing last received: mark from Mars Exchange @h48.50, mark from Mars Exchange @h60.50; Ceres Clearing awaiting ack: margin_call→Neptune Exchange","PACKET SENT: hop receipt: Ceres → Relay A, lands h 60.7412","backbone Ceres→Relay A launch h 60.4983 (hop_receipt, attempt 1)",h 60.7412,unchanged,transport
60.498342,Ceres,"Ceres Clearing last received: mark from Mars Exchange @h48.50, mark from Mars Exchange @h60.50; Ceres Clearing awaiting ack: margin_call→Neptune Exchange","PACKET SENT: margin_call: Ceres → Relay A, lands h 60.7412","backbone Ceres→Relay A launch h 60.4983 (data, attempt 1)",h 60.7412,unchanged,network
60.498342,Ceres,"Ceres Clearing last received: mark from Mars Exchange @h48.50, mark from Mars Exchange @h60.50; Ceres Clearing awaiting ack: margin_call→Neptune Exchange","PACKET SENT: data ack: Ceres → Relay A, lands h 60.7412","backbone Ceres→Relay A launch h 60.4983 (data_ack, attempt 1)",h 60.7412,unchanged,transport
60.741246,Relay A,relay: stores and forwards packet bytes only; no financial state,HOP RECEIPT: from Relay A,hop receipt queued at Relay A,—,unchanged,transport
60.741246,Relay A,relay: stores and forwards packet bytes only; no financial state,HOP RECEIPT: from Relay A,hop receipt queued at Relay A,—,unchanged,transport
60.741524,Relay A,relay: stores and forwards packet bytes only; no financial state,"PACKET SENT: hop receipt: Relay A → Ceres, lands h 60.9845","backbone Relay A→Ceres launch h 60.7415 (hop_receipt, attempt 1)",h 60.9845,unchanged,transport
60.741524,Relay A,relay: stores and forwards packet bytes only; no financial state,"PACKET SENT: hop receipt: Relay A → Ceres, lands h 60.9845","backbone Relay A→Ceres launch h 60.7415 (hop_receipt, attempt 1)",h 60.9845,unchanged,transport
60.741802,Relay A,relay: stores and forwards packet bytes only; no financial state,"PACKET SENT: margin_call: Relay A → Neptune, lands h 64.6056","backbone Relay A→Neptune launch h 60.7418 (data, attempt 1)",h 64.6056,unchanged,network
60.741802,Relay A,relay: stores and forwards packet bytes only; no financial state,"PACKET SENT: data ack: Relay A → Mars, lands h 60.9959","backbone Relay A→Mars launch h 60.7418 (data_ack, attempt 1)",h 60.9959,unchanged,transport
60.995880,Mars,Mars Exchange: no remote information yet,HOP RECEIPT: from Mars,hop receipt queued at Mars,—,unchanged,transport
60.996157,Mars,Mars Exchange: no remote information yet,"PACKET SENT: hop receipt: Mars → Relay A, lands h 61.2502","backbone Mars→Relay A launch h 60.9962 (hop_receipt, attempt 1)",h 61.2502,unchanged,transport
64.605601,Neptune,"Neptune Exchange last received: margin_call from Ceres Clearing @h40.60, transfer_status from Ceres Clearing @h48.82",HOP RECEIPT: from Neptune,hop receipt queued at Neptune,—,unchanged,transport
64.605601,Neptune Exchange,"Neptune Exchange last received: transfer_status from Ceres Clearing @h48.82, margin_call from Ceres Clearing @h64.61",RECEIVED: margin_call at Neptune Exchange,—,—,unchanged,network
64.605601,Neptune,"Neptune Exchange last received: transfer_status from Ceres Clearing @h48.82, margin_call from Ceres Clearing @h64.61",DATA ACK: from Neptune,data ack queued at Neptune,—,unchanged,transport
64.605879,Neptune,"Neptune Exchange last received: transfer_status from Ceres Clearing @h48.82, margin_call from Ceres Clearing @h64.61; Neptune Exchange awaiting ack: margin_transfer→Ceres Clearing","PACKET SENT: hop receipt: Neptune → Relay A, lands h 68.4700","backbone Neptune→Relay A launch h 64.6059 (hop_receipt, attempt 1)",h 68.4700,unchanged,transport
64.605879,N-Eve,"N-Eve sees own $31,500.00 free at Neptune","TRANSFER INITIATED: XFR-000006: $3,400.00 Neptune → Ceres (in transit) — Neptune Exchange debits Neptune; cash travels to Ceres Clearing",—,—,"N-Eve $31,500.00@Neptune | in transit $3,400.00 / 0 sh",finance
64.605879,Neptune Exchange,"Neptune Exchange last received: transfer_status from Ceres Clearing @h48.82, margin_call from Ceres Clearing @h64.61; Neptune Exchange awaiting ack: margin_transfer→Ceres Clearing",MESSAGE SENT: margin_transfer: Neptune Exchange → Ceres Clearing (backbone),backbone message margin_transfer Neptune Exchange→Ceres Clearing on Neptune → Relay A → Ceres,delivered h 68.7138,unchanged,network
64.605879,Neptune,"Neptune Exchange last received: transfer_status from Ceres Clearing @h48.82, margin_call from Ceres Clearing @h64.61; Neptune Exchange awaiting ack: margin_transfer→Ceres Clearing","PACKET SENT: data ack: Neptune → Relay A, lands h 68.4700","backbone Neptune→Relay A launch h 64.6059 (data_ack, attempt 1)",h 68.4700,unchanged,transport
64.606157,Neptune,"Neptune Exchange last received: transfer_status from Ceres Clearing @h48.82, margin_call from Ceres Clearing @h64.61; Neptune Exchange awaiting ack: margin_transfer→Ceres Clearing","PACKET SENT: margin_transfer: Neptune → Relay A, lands h 68.4703","backbone Neptune→Relay A launch h 64.6062 (data, attempt 1)",h 68.4703,unchanged,network
68.470012,Relay A,relay: stores and forwards packet bytes only; no financial state,HOP RECEIPT: from Relay A,hop receipt queued at Relay A,—,unchanged,transport
68.470290,Relay A,relay: stores and forwards packet bytes only; no financial state,"PACKET SENT: hop receipt: Relay A → Neptune, lands h 72.3344","backbone Relay A→Neptune launch h 68.4703 (hop_receipt, attempt 1)",h 72.3344,unchanged,transport
68.470290,Relay A,relay: stores and forwards packet bytes only; no financial state,HOP RECEIPT: from Relay A,hop receipt queued at Relay A,—,unchanged,transport
68.470567,Relay A,relay: stores and forwards packet bytes only; no financial state,"PACKET SENT: data ack: Relay A → Ceres, lands h 68.7135","backbone Relay A→Ceres launch h 68.4706 (data_ack, attempt 1)",h 68.7135,unchanged,transport
68.470567,Relay A,relay: stores and forwards packet bytes only; no financial state,"PACKET SENT: hop receipt: Relay A → Neptune, lands h 72.3347","backbone Relay A→Neptune launch h 68.4706 (hop_receipt, attempt 1)",h 72.3347,unchanged,transport
68.470845,Relay A,relay: stores and forwards packet bytes only; no financial state,"PACKET SENT: margin_transfer: Relay A → Ceres, lands h 68.7138","backbone Relay A→Ceres launch h 68.4708 (data, attempt 1)",h 68.7138,unchanged,network
68.713526,Ceres,"Ceres Clearing last received: mark from Mars Exchange @h48.50, mark from Mars Exchange @h60.50",HOP RECEIPT: from Ceres,hop receipt queued at Ceres,—,unchanged,transport
68.713804,Ceres,"Ceres Clearing last received: mark from Mars Exchange @h48.50, mark from Mars Exchange @h60.50","PACKET SENT: hop receipt: Ceres → Relay A, lands h 68.9567","backbone Ceres→Relay A launch h 68.7138 (hop_receipt, attempt 1)",h 68.9567,unchanged,transport
68.713804,Ceres,"Ceres Clearing last received: mark from Mars Exchange @h48.50, mark from Mars Exchange @h60.50; Ceres Clearing awaiting ack: transfer_status→Neptune Exchange",HOP RECEIPT: from Ceres,hop receipt queued at Ceres,—,unchanged,transport
68.713804,Ceres Clearing,"Ceres Clearing last received: mark from Mars Exchange @h60.50, margin_transfer from Neptune Exchange @h68.71; Ceres Clearing awaiting ack: transfer_status→Neptune Exchange",RECEIVED: margin_transfer at Ceres Clearing,—,—,unchanged,network
68.713804,N-Eve,"N-Eve sees own $31,500.00 free at Neptune",VALIDATED · FINAL: XFR-000006: usable by N-Eve at Ceres — cash validated at Ceres,—,—,"N-Eve $23,500.00@Ceres (locked $20,100.00) | in transit $0 / 0 sh",finance
68.713804,N-Eve,"N-Eve sees own $31,500.00 free at Neptune",MARGIN POSTED: long +3400.00 — top-up validated at Ceres Clearing,—,—,"N-Eve $23,500.00@Ceres (locked $23,500.00) | in transit $0 / 0 sh",finance
68.713804,Ceres Clearing,"Ceres Clearing last received: mark from Mars Exchange @h60.50, margin_transfer from Neptune Exchange @h68.71; Ceres Clearing awaiting ack: transfer_status→Neptune Exchange",MESSAGE SENT: transfer_status: Ceres Clearing → Neptune Exchange (backbone),backbone message transfer_status Ceres Clearing→Neptune Exchange on Ceres → Relay A → Neptune,delivered h 72.8217,unchanged,network
68.713804,Ceres,"Ceres Clearing last received: mark from Mars Exchange @h60.50, margin_transfer from Neptune Exchange @h68.71; Ceres Clearing awaiting ack: transfer_status→Neptune Exchange",DATA ACK: from Ceres,data ack queued at Ceres,—,unchanged,transport
68.714081,Ceres,"Ceres Clearing last received: mark from Mars Exchange @h60.50, margin_transfer from Neptune Exchange @h68.71; Ceres Clearing awaiting ack: transfer_status→Neptune Exchange","PACKET SENT: hop receipt: Ceres → Relay A, lands h 68.9570","backbone Ceres→Relay A launch h 68.7141 (hop_receipt, attempt 1)",h 68.9570,unchanged,transport
68.714081,Ceres,"Ceres Clearing last received: mark from Mars Exchange @h60.50, margin_transfer from Neptune Exchange @h68.71; Ceres Clearing awaiting ack: transfer_status→Neptune Exchange","PACKET SENT: transfer_status: Ceres → Relay A, lands h 68.9570","backbone Ceres→Relay A launch h 68.7141 (data, attempt 1)",h 68.9570,unchanged,network
68.714081,Ceres,"Ceres Clearing last received: mark from Mars Exchange @h60.50, margin_transfer from Neptune Exchange @h68.71; Ceres Clearing awaiting ack: transfer_status→Neptune Exchange","PACKET SENT: data ack: Ceres → Relay A, lands h 68.9570","backbone Ceres→Relay A launch h 68.7141 (data_ack, attempt 1)",h 68.9570,unchanged,transport
68.957013,Relay A,relay: stores and forwards packet bytes only; no financial state,HOP RECEIPT: from Relay A,hop receipt queued at Relay A,—,unchanged,transport
68.957013,Relay A,relay: stores and forwards packet bytes only; no financial state,HOP RECEIPT: from Relay A,hop receipt queued at Relay A,—,unchanged,transport
68.957291,Relay A,relay: stores and forwards packet bytes only; no financial state,"PACKET SENT: hop receipt: Relay A → Ceres, lands h 69.2003","backbone Relay A→Ceres launch h 68.9573 (hop_receipt, attempt 1)",h 69.2003,unchanged,transport
68.957291,Relay A,relay: stores and forwards packet bytes only; no financial state,"PACKET SENT: hop receipt: Relay A → Ceres, lands h 69.2003","backbone Relay A→Ceres launch h 68.9573 (hop_receipt, attempt 1)",h 69.2003,unchanged,transport
68.957569,Relay A,relay: stores and forwards packet bytes only; no financial state,"PACKET SENT: transfer_status: Relay A → Neptune, lands h 72.8217","backbone Relay A→Neptune launch h 68.9576 (data, attempt 1)",h 72.8217,unchanged,network
68.957569,Relay A,relay: stores and forwards packet bytes only; no financial state,"PACKET SENT: data ack: Relay A → Neptune, lands h 72.8217","backbone Relay A→Neptune launch h 68.9576 (data_ack, attempt 1)",h 72.8217,unchanged,transport
72.000000,MOI Publisher,observes MOI locally at Mars,MOI OBSERVATION: 89 released at Mars,—,—,unchanged,finance
72.000278,Mars Exchange,Mars Exchange awaiting ack: mark→Ceres Clearing,MESSAGE SENT: mark: Mars Exchange → Ceres Clearing (backbone),backbone message mark Mars Exchange→Ceres Clearing on Mars → Relay A → Ceres,delivered h 72.4986,unchanged,network
72.000556,Mars,Mars Exchange awaiting ack: mark→Ceres Clearing,"PACKET SENT: mark: Mars → Relay A, lands h 72.2551","backbone Mars→Relay A launch h 72.0006 (data, attempt 1)",h 72.2551,unchanged,network
72.255056,Relay A,relay: stores and forwards packet bytes only; no financial state,HOP RECEIPT: from Relay A,hop receipt queued at Relay A,—,unchanged,transport
72.255334,Relay A,relay: stores and forwards packet bytes only; no financial state,"PACKET SENT: hop receipt: Relay A → Mars, lands h 72.5099","backbone Relay A→Mars launch h 72.2553 (hop_receipt, attempt 1)",h 72.5099,unchanged,transport
72.255612,Relay A,relay: stores and forwards packet bytes only; no financial state,"PACKET SENT: mark: Relay A → Ceres, lands h 72.4986","backbone Relay A→Ceres launch h 72.2556 (data, attempt 1)",h 72.4986,unchanged,network
72.498583,Ceres,"Ceres Clearing last received: mark from Mars Exchange @h60.50, margin_transfer from Neptune Exchange @h68.71; Ceres Clearing awaiting ack: transfer_status→Neptune Exchange",HOP RECEIPT: from Ceres,hop receipt queued at Ceres,—,unchanged,transport
72.498583,Ceres Clearing,"Ceres Clearing last received: margin_transfer from Neptune Exchange @h68.71, mark from Mars Exchange @h72.50; Ceres Clearing awaiting ack: transfer_status→Neptune Exchange",RECEIVED: mark at Ceres Clearing,—,—,unchanged,network
72.498583,Ceres,"Ceres Clearing last received: margin_transfer from Neptune Exchange @h68.71, mark from Mars Exchange @h72.50; Ceres Clearing awaiting ack: transfer_status→Neptune Exchange",MARKED: POS-000001 at 89,—,—,unchanged,finance
72.498583,Ceres,"Ceres Clearing last received: margin_transfer from Neptune Exchange @h68.71, mark from Mars Exchange @h72.50; Ceres Clearing awaiting ack: transfer_status→Neptune Exchange",DATA ACK: from Ceres,data ack queued at Ceres,—,unchanged,transport
72.498861,Ceres,"Ceres Clearing last received: margin_transfer from Neptune Exchange @h68.71, mark from Mars Exchange @h72.50; Ceres Clearing awaiting ack: transfer_status→Neptune Exchange","PACKET SENT: hop receipt: Ceres → Relay A, lands h 72.7418","backbone Ceres→Relay A launch h 72.4989 (hop_receipt, attempt 1)",h 72.7418,unchanged,transport
72.498861,Ceres,"Ceres Clearing last received: margin_transfer from Neptune Exchange @h68.71, mark from Mars Exchange @h72.50; Ceres Clearing awaiting ack: transfer_status→Neptune Exchange","PACKET SENT: data ack: Ceres → Relay A, lands h 72.7418","backbone Ceres→Relay A launch h 72.4989 (data_ack, attempt 1)",h 72.7418,unchanged,transport
72.741806,Relay A,relay: stores and forwards packet bytes only; no financial state,HOP RECEIPT: from Relay A,hop receipt queued at Relay A,—,unchanged,transport
72.742084,Relay A,relay: stores and forwards packet bytes only; no financial state,"PACKET SENT: hop receipt: Relay A → Ceres, lands h 72.9851","backbone Relay A→Ceres launch h 72.7421 (hop_receipt, attempt 1)",h 72.9851,unchanged,transport
72.742361,Relay A,relay: stores and forwards packet bytes only; no financial state,"PACKET SENT: data ack: Relay A → Mars, lands h 72.9969","backbone Relay A→Mars launch h 72.7424 (data_ack, attempt 1)",h 72.9969,unchanged,transport
72.821711,Neptune,"Neptune Exchange last received: transfer_status from Ceres Clearing @h48.82, margin_call from Ceres Clearing @h64.61",HOP RECEIPT: from Neptune,hop receipt queued at Neptune,—,unchanged,transport
72.821711,Neptune Exchange,"Neptune Exchange last received: margin_call from Ceres Clearing @h64.61, transfer_status from Ceres Clearing @h72.82",RECEIVED: transfer_status at Neptune Exchange,—,—,unchanged,network
72.821711,N-Eve,"N-Eve sees own $31,500.00 free at Neptune",SOURCE RECONCILED: XFR-000006 confirmed at the source,—,—,unchanged,finance
72.821711,Neptune,"Neptune Exchange last received: margin_call from Ceres Clearing @h64.61, transfer_status from Ceres Clearing @h72.82",DATA ACK: from Neptune,data ack queued at Neptune,—,unchanged,transport
72.821711,Neptune,"Neptune Exchange last received: margin_call from Ceres Clearing @h64.61, transfer_status from Ceres Clearing @h72.82",HOP RECEIPT: from Neptune,hop receipt queued at Neptune,—,unchanged,transport
72.821989,Neptune,"Neptune Exchange last received: margin_call from Ceres Clearing @h64.61, transfer_status from Ceres Clearing @h72.82","PACKET SENT: hop receipt: Neptune → Relay A, lands h 76.6865","backbone Neptune→Relay A launch h 72.8220 (hop_receipt, attempt 1)",h 76.6865,unchanged,transport
72.821989,Neptune,"Neptune Exchange last received: margin_call from Ceres Clearing @h64.61, transfer_status from Ceres Clearing @h72.82","PACKET SENT: data ack: Neptune → Relay A, lands h 76.6865","backbone Neptune→Relay A launch h 72.8220 (data_ack, attempt 1)",h 76.6865,unchanged,transport
72.821989,Neptune,"Neptune Exchange last received: margin_call from Ceres Clearing @h64.61, transfer_status from Ceres Clearing @h72.82","PACKET SENT: hop receipt: Neptune → Relay A, lands h 76.6865","backbone Neptune→Relay A launch h 72.8220 (hop_receipt, attempt 1)",h 76.6865,unchanged,transport
72.996917,Mars,Mars Exchange: no remote information yet,HOP RECEIPT: from Mars,hop receipt queued at Mars,—,unchanged,transport
72.997195,Mars,Mars Exchange: no remote information yet,"PACKET SENT: hop receipt: Mars → Relay A, lands h 73.2517","backbone Mars→Relay A launch h 72.9972 (hop_receipt, attempt 1)",h 73.2517,unchanged,transport
76.686465,Relay A,relay: stores and forwards packet bytes only; no financial state,HOP RECEIPT: from Relay A,hop receipt queued at Relay A,—,unchanged,transport
76.686743,Relay A,relay: stores and forwards packet bytes only; no financial state,"PACKET SENT: hop receipt: Relay A → Neptune, lands h 80.5512","backbone Relay A→Neptune launch h 76.6867 (hop_receipt, attempt 1)",h 80.5512,unchanged,transport
76.687021,Relay A,relay: stores and forwards packet bytes only; no financial state,"PACKET SENT: data ack: Relay A → Ceres, lands h 76.9300","backbone Relay A→Ceres launch h 76.6870 (data_ack, attempt 1)",h 76.9300,unchanged,transport
76.930007,Ceres,"Ceres Clearing last received: margin_transfer from Neptune Exchange @h68.71, mark from Mars Exchange @h72.50",HOP RECEIPT: from Ceres,hop receipt queued at Ceres,—,unchanged,transport
76.930285,Ceres,"Ceres Clearing last received: margin_transfer from Neptune Exchange @h68.71, mark from Mars Exchange @h72.50","PACKET SENT: hop receipt: Ceres → Relay A, lands h 77.1732","backbone Ceres→Relay A launch h 76.9303 (hop_receipt, attempt 1)",h 77.1732,unchanged,transport
84.000000,MOI Publisher,observes MOI locally at Mars,MOI OBSERVATION: 88 released at Mars,—,—,unchanged,finance
84.000278,Mars Exchange,Mars Exchange awaiting ack: mark→Ceres Clearing,MESSAGE SENT: mark: Mars Exchange → Ceres Clearing (backbone),backbone message mark Mars Exchange→Ceres Clearing on Mars → Relay A → Ceres,delivered h 84.4991,unchanged,network
84.000556,Mars,Mars Exchange awaiting ack: mark→Ceres Clearing,"PACKET SENT: mark: Mars → Relay A, lands h 84.2555","backbone Mars→Relay A launch h 84.0006 (data, attempt 1)",h 84.2555,unchanged,network
84.255535,Relay A,relay: stores and forwards packet bytes only; no financial state,HOP RECEIPT: from Relay A,hop receipt queued at Relay A,—,unchanged,transport
84.255813,Relay A,relay: stores and forwards packet bytes only; no financial state,"PACKET SENT: hop receipt: Relay A → Mars, lands h 84.5108","backbone Relay A→Mars launch h 84.2558 (hop_receipt, attempt 1)",h 84.5108,unchanged,transport
84.256090,Relay A,relay: stores and forwards packet bytes only; no financial state,"PACKET SENT: mark: Relay A → Ceres, lands h 84.4991","backbone Relay A→Ceres launch h 84.2561 (data, attempt 1)",h 84.4991,unchanged,network
84.499103,Ceres,"Ceres Clearing last received: margin_transfer from Neptune Exchange @h68.71, mark from Mars Exchange @h72.50",HOP RECEIPT: from Ceres,hop receipt queued at Ceres,—,unchanged,transport
84.499103,Ceres Clearing,"Ceres Clearing last received: mark from Mars Exchange @h72.50, mark from Mars Exchange @h84.50",RECEIVED: mark at Ceres Clearing,—,—,unchanged,network
84.499103,Ceres,"Ceres Clearing last received: mark from Mars Exchange @h72.50, mark from Mars Exchange @h84.50",MARKED: POS-000001 at 88,—,—,unchanged,finance
84.499103,Ceres,"Ceres Clearing last received: mark from Mars Exchange @h72.50, mark from Mars Exchange @h84.50",DATA ACK: from Ceres,data ack queued at Ceres,—,unchanged,transport
84.499381,Ceres,"Ceres Clearing last received: mark from Mars Exchange @h72.50, mark from Mars Exchange @h84.50","PACKET SENT: hop receipt: Ceres → Relay A, lands h 84.7424","backbone Ceres→Relay A launch h 84.4994 (hop_receipt, attempt 1)",h 84.7424,unchanged,transport
84.499381,Ceres,"Ceres Clearing last received: mark from Mars Exchange @h72.50, mark from Mars Exchange @h84.50","PACKET SENT: data ack: Ceres → Relay A, lands h 84.7424","backbone Ceres→Relay A launch h 84.4994 (data_ack, attempt 1)",h 84.7424,unchanged,transport
84.742367,Relay A,relay: stores and forwards packet bytes only; no financial state,HOP RECEIPT: from Relay A,hop receipt queued at Relay A,—,unchanged,transport
84.742645,Relay A,relay: stores and forwards packet bytes only; no financial state,"PACKET SENT: hop receipt: Relay A → Ceres, lands h 84.9857","backbone Relay A→Ceres launch h 84.7426 (hop_receipt, attempt 1)",h 84.9857,unchanged,transport
84.742922,Relay A,relay: stores and forwards packet bytes only; no financial state,"PACKET SENT: data ack: Relay A → Mars, lands h 84.9980","backbone Relay A→Mars launch h 84.7429 (data_ack, attempt 1)",h 84.9980,unchanged,transport
84.997957,Mars,Mars Exchange: no remote information yet,HOP RECEIPT: from Mars,hop receipt queued at Mars,—,unchanged,transport
84.998234,Mars,Mars Exchange: no remote information yet,"PACKET SENT: hop receipt: Mars → Relay A, lands h 85.2533","backbone Mars→Relay A launch h 84.9982 (hop_receipt, attempt 1)",h 85.2533,unchanged,transport
96.000000,MOI Publisher,observes MOI locally at Mars,MOI OBSERVATION: 86 released at Mars,—,—,unchanged,finance
96.000278,Mars Exchange,Mars Exchange awaiting ack: mark→Ceres Clearing,MESSAGE SENT: mark: Mars Exchange → Ceres Clearing (backbone),backbone message mark Mars Exchange→Ceres Clearing on Mars → Relay A → Ceres,delivered h 96.4996,unchanged,network
96.000556,Mars,Mars Exchange awaiting ack: mark→Ceres Clearing,"PACKET SENT: mark: Mars → Relay A, lands h 96.2560","backbone Mars→Relay A launch h 96.0006 (data, attempt 1)",h 96.2560,unchanged,network
96.256014,Relay A,relay: stores and forwards packet bytes only; no financial state,HOP RECEIPT: from Relay A,hop receipt queued at Relay A,—,unchanged,transport
96.256292,Relay A,relay: stores and forwards packet bytes only; no financial state,"PACKET SENT: hop receipt: Relay A → Mars, lands h 96.5118","backbone Relay A→Mars launch h 96.2563 (hop_receipt, attempt 1)",h 96.5118,unchanged,transport
96.256569,Relay A,relay: stores and forwards packet bytes only; no financial state,"PACKET SENT: mark: Relay A → Ceres, lands h 96.4996","backbone Relay A→Ceres launch h 96.2566 (data, attempt 1)",h 96.4996,unchanged,network
96.499624,Ceres,"Ceres Clearing last received: mark from Mars Exchange @h72.50, mark from Mars Exchange @h84.50; Ceres Clearing awaiting ack: margin_call→Neptune Exchange",HOP RECEIPT: from Ceres,hop receipt queued at Ceres,—,unchanged,transport
96.499624,Ceres Clearing,"Ceres Clearing last received: mark from Mars Exchange @h84.50, mark from Mars Exchange @h96.50; Ceres Clearing awaiting ack: margin_call→Neptune Exchange",RECEIVED: mark at Ceres Clearing,—,—,unchanged,network
96.499624,Ceres,"Ceres Clearing last received: mark from Mars Exchange @h84.50, mark from Mars Exchange @h96.50; Ceres Clearing awaiting ack: margin_call→Neptune Exchange",MARKED: POS-000001 at 86,—,—,unchanged,finance
96.499624,Ceres Clearing,"Ceres Clearing last received: mark from Mars Exchange @h84.50, mark from Mars Exchange @h96.50; Ceres Clearing awaiting ack: margin_call→Neptune Exchange",NOTE: MARGIN CALL N-Eve 3400.00 (deadline h 113.43),—,—,unchanged,note
96.499624,Ceres Clearing,"Ceres Clearing last received: mark from Mars Exchange @h84.50, mark from Mars Exchange @h96.50; Ceres Clearing awaiting ack: margin_call→Neptune Exchange",MESSAGE SENT: margin_call: Ceres Clearing → Neptune Exchange (backbone),backbone message margin_call Ceres Clearing→Neptune Exchange on Ceres → Relay A → Neptune,delivered h 100.6088,unchanged,network
96.499624,Ceres,"Ceres Clearing last received: mark from Mars Exchange @h84.50, mark from Mars Exchange @h96.50; Ceres Clearing awaiting ack: margin_call→Neptune Exchange",DATA ACK: from Ceres,data ack queued at Ceres,—,unchanged,transport
96.499901,Ceres,"Ceres Clearing last received: mark from Mars Exchange @h84.50, mark from Mars Exchange @h96.50; Ceres Clearing awaiting ack: margin_call→Neptune Exchange","PACKET SENT: hop receipt: Ceres → Relay A, lands h 96.7429","backbone Ceres→Relay A launch h 96.4999 (hop_receipt, attempt 1)",h 96.7429,unchanged,transport
96.499901,Ceres,"Ceres Clearing last received: mark from Mars Exchange @h84.50, mark from Mars Exchange @h96.50; Ceres Clearing awaiting ack: margin_call→Neptune Exchange","PACKET SENT: margin_call: Ceres → Relay A, lands h 96.7429","backbone Ceres→Relay A launch h 96.4999 (data, attempt 1)",h 96.7429,unchanged,network
96.499901,Ceres,"Ceres Clearing last received: mark from Mars Exchange @h84.50, mark from Mars Exchange @h96.50; Ceres Clearing awaiting ack: margin_call→Neptune Exchange","PACKET SENT: data ack: Ceres → Relay A, lands h 96.7429","backbone Ceres→Relay A launch h 96.4999 (data_ack, attempt 1)",h 96.7429,unchanged,transport
96.742929,Relay A,relay: stores and forwards packet bytes only; no financial state,HOP RECEIPT: from Relay A,hop receipt queued at Relay A,—,unchanged,transport
96.742929,Relay A,relay: stores and forwards packet bytes only; no financial state,HOP RECEIPT: from Relay A,hop receipt queued at Relay A,—,unchanged,transport
96.743207,Relay A,relay: stores and forwards packet bytes only; no financial state,"PACKET SENT: hop receipt: Relay A → Ceres, lands h 96.9863","backbone Relay A→Ceres launch h 96.7432 (hop_receipt, attempt 1)",h 96.9863,unchanged,transport
96.743207,Relay A,relay: stores and forwards packet bytes only; no financial state,"PACKET SENT: hop receipt: Relay A → Ceres, lands h 96.9863","backbone Relay A→Ceres launch h 96.7432 (hop_receipt, attempt 1)",h 96.9863,unchanged,transport
96.743485,Relay A,relay: stores and forwards packet bytes only; no financial state,"PACKET SENT: margin_call: Relay A → Neptune, lands h 100.6088","backbone Relay A→Neptune launch h 96.7435 (data, attempt 1)",h 100.6088,unchanged,network
96.743485,Relay A,relay: stores and forwards packet bytes only; no financial state,"PACKET SENT: data ack: Relay A → Mars, lands h 96.9990","backbone Relay A→Mars launch h 96.7435 (data_ack, attempt 1)",h 96.9990,unchanged,transport
96.998998,Mars,Mars Exchange: no remote information yet,HOP RECEIPT: from Mars,hop receipt queued at Mars,—,unchanged,transport
96.999276,Mars,Mars Exchange: no remote information yet,"PACKET SENT: hop receipt: Mars → Relay A, lands h 97.2548","backbone Mars→Relay A launch h 96.9993 (hop_receipt, attempt 1)",h 97.2548,unchanged,transport
100.608790,Neptune,"Neptune Exchange last received: margin_call from Ceres Clearing @h64.61, transfer_status from Ceres Clearing @h72.82",HOP RECEIPT: from Neptune,hop receipt queued at Neptune,—,unchanged,transport
100.608790,Neptune Exchange,"Neptune Exchange last received: transfer_status from Ceres Clearing @h72.82, margin_call from Ceres Clearing @h100.61",RECEIVED: margin_call at Neptune Exchange,—,—,unchanged,network
100.608790,Neptune,"Neptune Exchange last received: transfer_status from Ceres Clearing @h72.82, margin_call from Ceres Clearing @h100.61",DATA ACK: from Neptune,data ack queued at Neptune,—,unchanged,transport
100.609067,Neptune,"Neptune Exchange last received: transfer_status from Ceres Clearing @h72.82, margin_call from Ceres Clearing @h100.61; Neptune Exchange awaiting ack: margin_transfer→Ceres Clearing","PACKET SENT: hop receipt: Neptune → Relay A, lands h 104.4747","backbone Neptune→Relay A launch h 100.6091 (hop_receipt, attempt 1)",h 104.4747,unchanged,transport
100.609067,N-Eve,"N-Eve sees own $28,100.00 free at Neptune","TRANSFER INITIATED: XFR-000007: $3,400.00 Neptune → Ceres (in transit) — Neptune Exchange debits Neptune; cash travels to Ceres Clearing",—,—,"N-Eve $28,100.00@Neptune | in transit $3,400.00 / 0 sh",finance
100.609067,Neptune Exchange,"Neptune Exchange last received: transfer_status from Ceres Clearing @h72.82, margin_call from Ceres Clearing @h100.61; Neptune Exchange awaiting ack: margin_transfer→Ceres Clearing",MESSAGE SENT: margin_transfer: Neptune Exchange → Ceres Clearing (backbone),backbone message margin_transfer Neptune Exchange→Ceres Clearing on Neptune → Relay A → Ceres,delivered h 104.7186,unchanged,network
100.609067,Neptune,"Neptune Exchange last received: transfer_status from Ceres Clearing @h72.82, margin_call from Ceres Clearing @h100.61; Neptune Exchange awaiting ack: margin_transfer→Ceres Clearing","PACKET SENT: data ack: Neptune → Relay A, lands h 104.4747","backbone Neptune→Relay A launch h 100.6091 (data_ack, attempt 1)",h 104.4747,unchanged,transport
100.609345,Neptune,"Neptune Exchange last received: transfer_status from Ceres Clearing @h72.82, margin_call from Ceres Clearing @h100.61; Neptune Exchange awaiting ack: margin_transfer→Ceres Clearing","PACKET SENT: margin_transfer: Neptune → Relay A, lands h 104.4750","backbone Neptune→Relay A launch h 100.6093 (data, attempt 1)",h 104.4750,unchanged,network
104.474708,Relay A,relay: stores and forwards packet bytes only; no financial state,HOP RECEIPT: from Relay A,hop receipt queued at Relay A,—,unchanged,transport
104.474985,Relay A,relay: stores and forwards packet bytes only; no financial state,"PACKET SENT: hop receipt: Relay A → Neptune, lands h 108.3406","backbone Relay A→Neptune launch h 104.4750 (hop_receipt, attempt 1)",h 108.3406,unchanged,transport
104.474985,Relay A,relay: stores and forwards packet bytes only; no financial state,HOP RECEIPT: from Relay A,hop receipt queued at Relay A,—,unchanged,transport
104.475263,Relay A,relay: stores and forwards packet bytes only; no financial state,"PACKET SENT: data ack: Relay A → Ceres, lands h 104.7183","backbone Relay A→Ceres launch h 104.4753 (data_ack, attempt 1)",h 104.7183,unchanged,transport
104.475263,Relay A,relay: stores and forwards packet bytes only; no financial state,"PACKET SENT: hop receipt: Relay A → Neptune, lands h 108.3409","backbone Relay A→Neptune launch h 104.4753 (hop_receipt, attempt 1)",h 108.3409,unchanged,transport
104.475541,Relay A,relay: stores and forwards packet bytes only; no financial state,"PACKET SENT: margin_transfer: Relay A → Ceres, lands h 104.7186","backbone Relay A→Ceres launch h 104.4755 (data, attempt 1)",h 104.7186,unchanged,network
104.718346,Ceres,"Ceres Clearing last received: mark from Mars Exchange @h84.50, mark from Mars Exchange @h96.50",HOP RECEIPT: from Ceres,hop receipt queued at Ceres,—,unchanged,transport
104.718624,Ceres,"Ceres Clearing last received: mark from Mars Exchange @h84.50, mark from Mars Exchange @h96.50","PACKET SENT: hop receipt: Ceres → Relay A, lands h 104.9617","backbone Ceres→Relay A launch h 104.7186 (hop_receipt, attempt 1)",h 104.9617,unchanged,transport
104.718624,Ceres,"Ceres Clearing last received: mark from Mars Exchange @h84.50, mark from Mars Exchange @h96.50; Ceres Clearing awaiting ack: transfer_status→Neptune Exchange",HOP RECEIPT: from Ceres,hop receipt queued at Ceres,—,unchanged,transport
104.718624,Ceres Clearing,"Ceres Clearing last received: mark from Mars Exchange @h96.50, margin_transfer from Neptune Exchange @h104.72; Ceres Clearing awaiting ack: transfer_status→Neptune Exchange",RECEIVED: margin_transfer at Ceres Clearing,—,—,unchanged,network
104.718624,N-Eve,"N-Eve sees own $28,100.00 free at Neptune",VALIDATED · FINAL: XFR-000007: usable by N-Eve at Ceres — cash validated at Ceres,—,—,"N-Eve $26,900.00@Ceres (locked $23,500.00) | in transit $0 / 0 sh",finance
104.718624,N-Eve,"N-Eve sees own $28,100.00 free at Neptune",MARGIN POSTED: long +3400.00 — top-up validated at Ceres Clearing,—,—,"N-Eve $26,900.00@Ceres (locked $26,900.00) | in transit $0 / 0 sh",finance
104.718624,Ceres Clearing,"Ceres Clearing last received: mark from Mars Exchange @h96.50, margin_transfer from Neptune Exchange @h104.72; Ceres Clearing awaiting ack: transfer_status→Neptune Exchange",MESSAGE SENT: transfer_status: Ceres Clearing → Neptune Exchange (backbone),backbone message transfer_status Ceres Clearing→Neptune Exchange on Ceres → Relay A → Neptune,delivered h 108.8282,unchanged,network
104.718624,Ceres,"Ceres Clearing last received: mark from Mars Exchange @h96.50, margin_transfer from Neptune Exchange @h104.72; Ceres Clearing awaiting ack: transfer_status→Neptune Exchange",DATA ACK: from Ceres,data ack queued at Ceres,—,unchanged,transport
104.718901,Ceres,"Ceres Clearing last received: mark from Mars Exchange @h96.50, margin_transfer from Neptune Exchange @h104.72; Ceres Clearing awaiting ack: transfer_status→Neptune Exchange","PACKET SENT: hop receipt: Ceres → Relay A, lands h 104.9620","backbone Ceres→Relay A launch h 104.7189 (hop_receipt, attempt 1)",h 104.9620,unchanged,transport
104.718901,Ceres,"Ceres Clearing last received: mark from Mars Exchange @h96.50, margin_transfer from Neptune Exchange @h104.72; Ceres Clearing awaiting ack: transfer_status→Neptune Exchange","PACKET SENT: transfer_status: Ceres → Relay A, lands h 104.9620","backbone Ceres→Relay A launch h 104.7189 (data, attempt 1)",h 104.9620,unchanged,network
104.718901,Ceres,"Ceres Clearing last received: mark from Mars Exchange @h96.50, margin_transfer from Neptune Exchange @h104.72; Ceres Clearing awaiting ack: transfer_status→Neptune Exchange","PACKET SENT: data ack: Ceres → Relay A, lands h 104.9620","backbone Ceres→Relay A launch h 104.7189 (data_ack, attempt 1)",h 104.9620,unchanged,transport
104.961958,Relay A,relay: stores and forwards packet bytes only; no financial state,HOP RECEIPT: from Relay A,hop receipt queued at Relay A,—,unchanged,transport
104.961958,Relay A,relay: stores and forwards packet bytes only; no financial state,HOP RECEIPT: from Relay A,hop receipt queued at Relay A,—,unchanged,transport
104.962236,Relay A,relay: stores and forwards packet bytes only; no financial state,"PACKET SENT: hop receipt: Relay A → Ceres, lands h 105.2053","backbone Relay A→Ceres launch h 104.9622 (hop_receipt, attempt 1)",h 105.2053,unchanged,transport
104.962236,Relay A,relay: stores and forwards packet bytes only; no financial state,"PACKET SENT: hop receipt: Relay A → Ceres, lands h 105.2053","backbone Relay A→Ceres launch h 104.9622 (hop_receipt, attempt 1)",h 105.2053,unchanged,transport
104.962513,Relay A,relay: stores and forwards packet bytes only; no financial state,"PACKET SENT: transfer_status: Relay A → Neptune, lands h 108.8282","backbone Relay A→Neptune launch h 104.9625 (data, attempt 1)",h 108.8282,unchanged,network
104.962513,Relay A,relay: stores and forwards packet bytes only; no financial state,"PACKET SENT: data ack: Relay A → Neptune, lands h 108.8282","backbone Relay A→Neptune launch h 104.9625 (data_ack, attempt 1)",h 108.8282,unchanged,transport
108.000000,MOI Publisher,observes MOI locally at Mars,MOI OBSERVATION: 85 released at Mars,—,—,unchanged,finance
108.000278,Mars Exchange,Mars Exchange awaiting ack: mark→Ceres Clearing,MESSAGE SENT: mark: Mars Exchange → Ceres Clearing (backbone),backbone message mark Mars Exchange→Ceres Clearing on Mars → Relay A → Ceres,delivered h 108.5001,unchanged,network
108.000556,Mars,Mars Exchange awaiting ack: mark→Ceres Clearing,"PACKET SENT: mark: Mars → Relay A, lands h 108.2565","backbone Mars→Relay A launch h 108.0006 (data, attempt 1)",h 108.2565,unchanged,network
108.256494,Relay A,relay: stores and forwards packet bytes only; no financial state,HOP RECEIPT: from Relay A,hop receipt queued at Relay A,—,unchanged,transport
108.256771,Relay A,relay: stores and forwards packet bytes only; no financial state,"PACKET SENT: hop receipt: Relay A → Mars, lands h 108.5127","backbone Relay A→Mars launch h 108.2568 (hop_receipt, attempt 1)",h 108.5127,unchanged,transport
108.257049,Relay A,relay: stores and forwards packet bytes only; no financial state,"PACKET SENT: mark: Relay A → Ceres, lands h 108.5001","backbone Relay A→Ceres launch h 108.2570 (data, attempt 1)",h 108.5001,unchanged,network
108.500145,Ceres,"Ceres Clearing last received: mark from Mars Exchange @h96.50, margin_transfer from Neptune Exchange @h104.72; Ceres Clearing awaiting ack: transfer_status→Neptune Exchange",HOP RECEIPT: from Ceres,hop receipt queued at Ceres,—,unchanged,transport
108.500145,Ceres Clearing,"Ceres Clearing last received: margin_transfer from Neptune Exchange @h104.72, mark from Mars Exchange @h108.50; Ceres Clearing awaiting ack: transfer_status→Neptune Exchange",RECEIVED: mark at Ceres Clearing,—,—,unchanged,network
108.500145,Ceres,"Ceres Clearing last received: margin_transfer from Neptune Exchange @h104.72, mark from Mars Exchange @h108.50; Ceres Clearing awaiting ack: transfer_status→Neptune Exchange",MARKED: POS-000001 at 85,—,—,unchanged,finance
108.500145,Ceres,"Ceres Clearing last received: margin_transfer from Neptune Exchange @h104.72, mark from Mars Exchange @h108.50; Ceres Clearing awaiting ack: transfer_status→Neptune Exchange",DATA ACK: from Ceres,data ack queued at Ceres,—,unchanged,transport
108.500423,Ceres,"Ceres Clearing last received: margin_transfer from Neptune Exchange @h104.72, mark from Mars Exchange @h108.50; Ceres Clearing awaiting ack: transfer_status→Neptune Exchange","PACKET SENT: hop receipt: Ceres → Relay A, lands h 108.7435","backbone Ceres→Relay A launch h 108.5004 (hop_receipt, attempt 1)",h 108.7435,unchanged,transport
108.500423,Ceres,"Ceres Clearing last received: margin_transfer from Neptune Exchange @h104.72, mark from Mars Exchange @h108.50; Ceres Clearing awaiting ack: transfer_status→Neptune Exchange","PACKET SENT: data ack: Ceres → Relay A, lands h 108.7435","backbone Ceres→Relay A launch h 108.5004 (data_ack, attempt 1)",h 108.7435,unchanged,transport
108.743492,Relay A,relay: stores and forwards packet bytes only; no financial state,HOP RECEIPT: from Relay A,hop receipt queued at Relay A,—,unchanged,transport
108.743770,Relay A,relay: stores and forwards packet bytes only; no financial state,"PACKET SENT: hop receipt: Relay A → Ceres, lands h 108.9869","backbone Relay A→Ceres launch h 108.7438 (hop_receipt, attempt 1)",h 108.9869,unchanged,transport
108.744048,Relay A,relay: stores and forwards packet bytes only; no financial state,"PACKET SENT: data ack: Relay A → Mars, lands h 109.0000","backbone Relay A→Mars launch h 108.7440 (data_ack, attempt 1)",h 109.0000,unchanged,transport
108.828163,Neptune,"Neptune Exchange last received: transfer_status from Ceres Clearing @h72.82, margin_call from Ceres Clearing @h100.61",HOP RECEIPT: from Neptune,hop receipt queued at Neptune,—,unchanged,transport
108.828163,Neptune Exchange,"Neptune Exchange last received: margin_call from Ceres Clearing @h100.61, transfer_status from Ceres Clearing @h108.83",RECEIVED: transfer_status at Neptune Exchange,—,—,unchanged,network
108.828163,N-Eve,"N-Eve sees own $28,100.00 free at Neptune",SOURCE RECONCILED: XFR-000007 confirmed at the source,—,—,unchanged,finance
108.828163,Neptune,"Neptune Exchange last received: margin_call from Ceres Clearing @h100.61, transfer_status from Ceres Clearing @h108.83",DATA ACK: from Neptune,data ack queued at Neptune,—,unchanged,transport
108.828163,Neptune,"Neptune Exchange last received: margin_call from Ceres Clearing @h100.61, transfer_status from Ceres Clearing @h108.83",HOP RECEIPT: from Neptune,hop receipt queued at Neptune,—,unchanged,transport
108.828441,Neptune,"Neptune Exchange last received: margin_call from Ceres Clearing @h100.61, transfer_status from Ceres Clearing @h108.83","PACKET SENT: hop receipt: Neptune → Relay A, lands h 112.6944","backbone Neptune→Relay A launch h 108.8284 (hop_receipt, attempt 1)",h 112.6944,unchanged,transport
108.828441,Neptune,"Neptune Exchange last received: margin_call from Ceres Clearing @h100.61, transfer_status from Ceres Clearing @h108.83","PACKET SENT: data ack: Neptune → Relay A, lands h 112.6944","backbone Neptune→Relay A launch h 108.8284 (data_ack, attempt 1)",h 112.6944,unchanged,transport
108.828441,Neptune,"Neptune Exchange last received: margin_call from Ceres Clearing @h100.61, transfer_status from Ceres Clearing @h108.83","PACKET SENT: hop receipt: Neptune → Relay A, lands h 112.6944","backbone Neptune→Relay A launch h 108.8284 (hop_receipt, attempt 1)",h 112.6944,unchanged,transport
109.000041,Mars,Mars Exchange: no remote information yet,HOP RECEIPT: from Mars,hop receipt queued at Mars,—,unchanged,transport
109.000319,Mars,Mars Exchange: no remote information yet,"PACKET SENT: hop receipt: Mars → Relay A, lands h 109.2563","backbone Mars→Relay A launch h 109.0003 (hop_receipt, attempt 1)",h 109.2563,unchanged,transport
112.694426,Relay A,relay: stores and forwards packet bytes only; no financial state,HOP RECEIPT: from Relay A,hop receipt queued at Relay A,—,unchanged,transport
112.694704,Relay A,relay: stores and forwards packet bytes only; no financial state,"PACKET SENT: hop receipt: Relay A → Neptune, lands h 116.5607","backbone Relay A→Neptune launch h 112.6947 (hop_receipt, attempt 1)",h 116.5607,unchanged,transport
112.694982,Relay A,relay: stores and forwards packet bytes only; no financial state,"PACKET SENT: data ack: Relay A → Ceres, lands h 112.9381","backbone Relay A→Ceres launch h 112.6950 (data_ack, attempt 1)",h 112.9381,unchanged,transport
112.938093,Ceres,"Ceres Clearing last received: margin_transfer from Neptune Exchange @h104.72, mark from Mars Exchange @h108.50",HOP RECEIPT: from Ceres,hop receipt queued at Ceres,—,unchanged,transport
112.938371,Ceres,"Ceres Clearing last received: margin_transfer from Neptune Exchange @h104.72, mark from Mars Exchange @h108.50","PACKET SENT: hop receipt: Ceres → Relay A, lands h 113.1815","backbone Ceres→Relay A launch h 112.9384 (hop_receipt, attempt 1)",h 113.1815,unchanged,transport
120.000000,MOI Publisher,observes MOI locally at Mars,MOI OBSERVATION: 84 released at Mars,—,—,unchanged,finance
120.000278,Mars Exchange,Mars Exchange awaiting ack: mark→Ceres Clearing,MESSAGE SENT: mark: Mars Exchange → Ceres Clearing (backbone),backbone message mark Mars Exchange→Ceres Clearing on Mars → Relay A → Ceres,delivered h 120.5007,unchanged,network
120.000556,Mars,Mars Exchange awaiting ack: mark→Ceres Clearing,"PACKET SENT: mark: Mars → Relay A, lands h 120.2570","backbone Mars→Relay A launch h 120.0006 (data, attempt 1)",h 120.2570,unchanged,network
120.256974,Relay A,relay: stores and forwards packet bytes only; no financial state,HOP RECEIPT: from Relay A,hop receipt queued at Relay A,—,unchanged,transport
120.257252,Relay A,relay: stores and forwards packet bytes only; no financial state,"PACKET SENT: hop receipt: Relay A → Mars, lands h 120.5137","backbone Relay A→Mars launch h 120.2573 (hop_receipt, attempt 1)",h 120.5137,unchanged,transport
120.257530,Relay A,relay: stores and forwards packet bytes only; no financial state,"PACKET SENT: mark: Relay A → Ceres, lands h 120.5007","backbone Relay A→Ceres launch h 120.2575 (data, attempt 1)",h 120.5007,unchanged,network
120.500668,Ceres,"Ceres Clearing last received: margin_transfer from Neptune Exchange @h104.72, mark from Mars Exchange @h108.50",HOP RECEIPT: from Ceres,hop receipt queued at Ceres,—,unchanged,transport
120.500668,Ceres Clearing,"Ceres Clearing last received: mark from Mars Exchange @h108.50, mark from Mars Exchange @h120.50",RECEIVED: mark at Ceres Clearing,—,—,unchanged,network
120.500668,Ceres,"Ceres Clearing last received: mark from Mars Exchange @h108.50, mark from Mars Exchange @h120.50",MARKED: POS-000001 at 84,—,—,unchanged,finance
120.500668,Ceres,"Ceres Clearing last received: mark from Mars Exchange @h108.50, mark from Mars Exchange @h120.50",DATA ACK: from Ceres,data ack queued at Ceres,—,unchanged,transport
120.500945,Ceres,"Ceres Clearing last received: mark from Mars Exchange @h108.50, mark from Mars Exchange @h120.50","PACKET SENT: hop receipt: Ceres → Relay A, lands h 120.7441","backbone Ceres→Relay A launch h 120.5009 (hop_receipt, attempt 1)",h 120.7441,unchanged,transport
120.500945,Ceres,"Ceres Clearing last received: mark from Mars Exchange @h108.50, mark from Mars Exchange @h120.50","PACKET SENT: data ack: Ceres → Relay A, lands h 120.7441","backbone Ceres→Relay A launch h 120.5009 (data_ack, attempt 1)",h 120.7441,unchanged,transport
120.744057,Relay A,relay: stores and forwards packet bytes only; no financial state,HOP RECEIPT: from Relay A,hop receipt queued at Relay A,—,unchanged,transport
120.744335,Relay A,relay: stores and forwards packet bytes only; no financial state,"PACKET SENT: hop receipt: Relay A → Ceres, lands h 120.9875","backbone Relay A→Ceres launch h 120.7443 (hop_receipt, attempt 1)",h 120.9875,unchanged,transport
120.744612,Relay A,relay: stores and forwards packet bytes only; no financial state,"PACKET SENT: data ack: Relay A → Mars, lands h 121.0011","backbone Relay A→Mars launch h 120.7446 (data_ack, attempt 1)",h 121.0011,unchanged,transport
121.001086,Mars,Mars Exchange: no remote information yet,HOP RECEIPT: from Mars,hop receipt queued at Mars,—,unchanged,transport
121.001364,Mars,Mars Exchange: no remote information yet,"PACKET SENT: hop receipt: Mars → Relay A, lands h 121.2578","backbone Mars→Relay A launch h 121.0014 (hop_receipt, attempt 1)",h 121.2578,unchanged,transport
132.000000,MOI Publisher,observes MOI locally at Mars,MOI OBSERVATION: 83 released at Mars,—,—,unchanged,finance
132.000278,Mars Exchange,Mars Exchange awaiting ack: mark→Ceres Clearing,MESSAGE SENT: mark: Mars Exchange → Ceres Clearing (backbone),backbone message mark Mars Exchange→Ceres Clearing on Mars → Relay A → Ceres,delivered h 132.5012,unchanged,network
132.000556,Mars,Mars Exchange awaiting ack: mark→Ceres Clearing,"PACKET SENT: mark: Mars → Relay A, lands h 132.2575","backbone Mars→Relay A launch h 132.0006 (data, attempt 1)",h 132.2575,unchanged,network
132.257455,Relay A,relay: stores and forwards packet bytes only; no financial state,HOP RECEIPT: from Relay A,hop receipt queued at Relay A,—,unchanged,transport
132.257733,Relay A,relay: stores and forwards packet bytes only; no financial state,"PACKET SENT: hop receipt: Relay A → Mars, lands h 132.5147","backbone Relay A→Mars launch h 132.2577 (hop_receipt, attempt 1)",h 132.5147,unchanged,transport
132.258011,Relay A,relay: stores and forwards packet bytes only; no financial state,"PACKET SENT: mark: Relay A → Ceres, lands h 132.5012","backbone Relay A→Ceres launch h 132.2580 (data, attempt 1)",h 132.5012,unchanged,network
132.501191,Ceres,"Ceres Clearing last received: mark from Mars Exchange @h108.50, mark from Mars Exchange @h120.50",HOP RECEIPT: from Ceres,hop receipt queued at Ceres,—,unchanged,transport
132.501191,Ceres Clearing,"Ceres Clearing last received: mark from Mars Exchange @h120.50, mark from Mars Exchange @h132.50",RECEIVED: mark at Ceres Clearing,—,—,unchanged,network
132.501191,Ceres,"Ceres Clearing last received: mark from Mars Exchange @h120.50, mark from Mars Exchange @h132.50",MARKED: POS-000001 at 83,—,—,unchanged,finance
132.501191,Ceres,"Ceres Clearing last received: mark from Mars Exchange @h120.50, mark from Mars Exchange @h132.50",DATA ACK: from Ceres,data ack queued at Ceres,—,unchanged,transport
132.501469,Ceres,"Ceres Clearing last received: mark from Mars Exchange @h120.50, mark from Mars Exchange @h132.50","PACKET SENT: hop receipt: Ceres → Relay A, lands h 132.7446","backbone Ceres→Relay A launch h 132.5015 (hop_receipt, attempt 1)",h 132.7446,unchanged,transport
132.501469,Ceres,"Ceres Clearing last received: mark from Mars Exchange @h120.50, mark from Mars Exchange @h132.50","PACKET SENT: data ack: Ceres → Relay A, lands h 132.7446","backbone Ceres→Relay A launch h 132.5015 (data_ack, attempt 1)",h 132.7446,unchanged,transport
132.744623,Relay A,relay: stores and forwards packet bytes only; no financial state,HOP RECEIPT: from Relay A,hop receipt queued at Relay A,—,unchanged,transport
132.744900,Relay A,relay: stores and forwards packet bytes only; no financial state,"PACKET SENT: hop receipt: Relay A → Ceres, lands h 132.9881","backbone Relay A→Ceres launch h 132.7449 (hop_receipt, attempt 1)",h 132.9881,unchanged,transport
132.745178,Relay A,relay: stores and forwards packet bytes only; no financial state,"PACKET SENT: data ack: Relay A → Mars, lands h 133.0021","backbone Relay A→Mars launch h 132.7452 (data_ack, attempt 1)",h 133.0021,unchanged,transport
133.002133,Mars,Mars Exchange: no remote information yet,HOP RECEIPT: from Mars,hop receipt queued at Mars,—,unchanged,transport
133.002411,Mars,Mars Exchange: no remote information yet,"PACKET SENT: hop receipt: Mars → Relay A, lands h 133.2594","backbone Mars→Relay A launch h 133.0024 (hop_receipt, attempt 1)",h 133.2594,unchanged,transport
144.000000,MOI Publisher,observes MOI locally at Mars,MOI OBSERVATION: 82 released at Mars,—,—,unchanged,finance
144.000278,Mars Exchange,Mars Exchange awaiting ack: mark→Ceres Clearing,MESSAGE SENT: mark: Mars Exchange → Ceres Clearing (backbone),backbone message mark Mars Exchange→Ceres Clearing on Mars → Relay A → Ceres,delivered h 144.5017,unchanged,network
144.000556,Mars,Mars Exchange awaiting ack: mark→Ceres Clearing,"PACKET SENT: mark: Mars → Relay A, lands h 144.2579","backbone Mars→Relay A launch h 144.0006 (data, attempt 1)",h 144.2579,unchanged,network
144.257937,Relay A,relay: stores and forwards packet bytes only; no financial state,HOP RECEIPT: from Relay A,hop receipt queued at Relay A,—,unchanged,transport
144.258214,Relay A,relay: stores and forwards packet bytes only; no financial state,"PACKET SENT: hop receipt: Relay A → Mars, lands h 144.5156","backbone Relay A→Mars launch h 144.2582 (hop_receipt, attempt 1)",h 144.5156,unchanged,transport
144.258492,Relay A,relay: stores and forwards packet bytes only; no financial state,"PACKET SENT: mark: Relay A → Ceres, lands h 144.5017","backbone Relay A→Ceres launch h 144.2585 (data, attempt 1)",h 144.5017,unchanged,network
144.501715,Ceres,"Ceres Clearing last received: mark from Mars Exchange @h120.50, mark from Mars Exchange @h132.50; Ceres Clearing awaiting ack: margin_call→Neptune Exchange",HOP RECEIPT: from Ceres,hop receipt queued at Ceres,—,unchanged,transport
144.501715,Ceres Clearing,"Ceres Clearing last received: mark from Mars Exchange @h132.50, mark from Mars Exchange @h144.50; Ceres Clearing awaiting ack: margin_call→Neptune Exchange",RECEIVED: mark at Ceres Clearing,—,—,unchanged,network
144.501715,Ceres,"Ceres Clearing last received: mark from Mars Exchange @h132.50, mark from Mars Exchange @h144.50; Ceres Clearing awaiting ack: margin_call→Neptune Exchange",MARKED: POS-000001 at 82,—,—,unchanged,finance
144.501715,Ceres Clearing,"Ceres Clearing last received: mark from Mars Exchange @h132.50, mark from Mars Exchange @h144.50; Ceres Clearing awaiting ack: margin_call→Neptune Exchange",NOTE: MARGIN CALL N-Eve 3400.00 (deadline h 161.44),—,—,unchanged,note
144.501715,Ceres Clearing,"Ceres Clearing last received: mark from Mars Exchange @h132.50, mark from Mars Exchange @h144.50; Ceres Clearing awaiting ack: margin_call→Neptune Exchange",MESSAGE SENT: margin_call: Ceres Clearing → Neptune Exchange (backbone),backbone message margin_call Ceres Clearing→Neptune Exchange on Ceres → Relay A → Neptune,delivered h 148.6131,unchanged,network
144.501715,Ceres,"Ceres Clearing last received: mark from Mars Exchange @h132.50, mark from Mars Exchange @h144.50; Ceres Clearing awaiting ack: margin_call→Neptune Exchange",DATA ACK: from Ceres,data ack queued at Ceres,—,unchanged,transport
144.501993,Ceres,"Ceres Clearing last received: mark from Mars Exchange @h132.50, mark from Mars Exchange @h144.50; Ceres Clearing awaiting ack: margin_call→Neptune Exchange","PACKET SENT: hop receipt: Ceres → Relay A, lands h 144.7452","backbone Ceres→Relay A launch h 144.5020 (hop_receipt, attempt 1)",h 144.7452,unchanged,transport
144.501993,Ceres,"Ceres Clearing last received: mark from Mars Exchange @h132.50, mark from Mars Exchange @h144.50; Ceres Clearing awaiting ack: margin_call→Neptune Exchange","PACKET SENT: margin_call: Ceres → Relay A, lands h 144.7452","backbone Ceres→Relay A launch h 144.5020 (data, attempt 1)",h 144.7452,unchanged,network
144.501993,Ceres,"Ceres Clearing last received: mark from Mars Exchange @h132.50, mark from Mars Exchange @h144.50; Ceres Clearing awaiting ack: margin_call→Neptune Exchange","PACKET SENT: data ack: Ceres → Relay A, lands h 144.7452","backbone Ceres→Relay A launch h 144.5020 (data_ack, attempt 1)",h 144.7452,unchanged,transport
144.745190,Relay A,relay: stores and forwards packet bytes only; no financial state,HOP RECEIPT: from Relay A,hop receipt queued at Relay A,—,unchanged,transport
144.745190,Relay A,relay: stores and forwards packet bytes only; no financial state,HOP RECEIPT: from Relay A,hop receipt queued at Relay A,—,unchanged,transport
144.745467,Relay A,relay: stores and forwards packet bytes only; no financial state,"PACKET SENT: hop receipt: Relay A → Ceres, lands h 144.9887","backbone Relay A→Ceres launch h 144.7455 (hop_receipt, attempt 1)",h 144.9887,unchanged,transport
144.745467,Relay A,relay: stores and forwards packet bytes only; no financial state,"PACKET SENT: hop receipt: Relay A → Ceres, lands h 144.9887","backbone Relay A→Ceres launch h 144.7455 (hop_receipt, attempt 1)",h 144.9887,unchanged,transport
144.745745,Relay A,relay: stores and forwards packet bytes only; no financial state,"PACKET SENT: margin_call: Relay A → Neptune, lands h 148.6131","backbone Relay A→Neptune launch h 144.7457 (data, attempt 1)",h 148.6131,unchanged,network
144.745745,Relay A,relay: stores and forwards packet bytes only; no financial state,"PACKET SENT: data ack: Relay A → Mars, lands h 145.0032","backbone Relay A→Mars launch h 144.7457 (data_ack, attempt 1)",h 145.0032,unchanged,transport
145.003182,Mars,Mars Exchange: no remote information yet,HOP RECEIPT: from Mars,hop receipt queued at Mars,—,unchanged,transport
145.003460,Mars,Mars Exchange: no remote information yet,"PACKET SENT: hop receipt: Mars → Relay A, lands h 145.2609","backbone Mars→Relay A launch h 145.0035 (hop_receipt, attempt 1)",h 145.2609,unchanged,transport
148.613070,Neptune,"Neptune Exchange last received: margin_call from Ceres Clearing @h100.61, transfer_status from Ceres Clearing @h108.83",HOP RECEIPT: from Neptune,hop receipt queued at Neptune,—,unchanged,transport
148.613070,Neptune Exchange,"Neptune Exchange last received: transfer_status from Ceres Clearing @h108.83, margin_call from Ceres Clearing @h148.61",RECEIVED: margin_call at Neptune Exchange,—,—,unchanged,network
148.613070,Neptune,"Neptune Exchange last received: transfer_status from Ceres Clearing @h108.83, margin_call from Ceres Clearing @h148.61",DATA ACK: from Neptune,data ack queued at Neptune,—,unchanged,transport
148.613348,Neptune,"Neptune Exchange last received: transfer_status from Ceres Clearing @h108.83, margin_call from Ceres Clearing @h148.61; Neptune Exchange awaiting ack: margin_transfer→Ceres Clearing","PACKET SENT: hop receipt: Neptune → Relay A, lands h 152.4810","backbone Neptune→Relay A launch h 148.6133 (hop_receipt, attempt 1)",h 152.4810,unchanged,transport
148.613348,N-Eve,"N-Eve sees own $24,700.00 free at Neptune","TRANSFER INITIATED: XFR-000008: $3,400.00 Neptune → Ceres (in transit) — Neptune Exchange debits Neptune; cash travels to Ceres Clearing",—,—,"N-Eve $24,700.00@Neptune | in transit $3,400.00 / 0 sh",finance
148.613348,Neptune Exchange,"Neptune Exchange last received: transfer_status from Ceres Clearing @h108.83, margin_call from Ceres Clearing @h148.61; Neptune Exchange awaiting ack: margin_transfer→Ceres Clearing",MESSAGE SENT: margin_transfer: Neptune Exchange → Ceres Clearing (backbone),backbone message margin_transfer Neptune Exchange→Ceres Clearing on Neptune → Relay A → Ceres,delivered h 152.7251,unchanged,network
148.613348,Neptune,"Neptune Exchange last received: transfer_status from Ceres Clearing @h108.83, margin_call from Ceres Clearing @h148.61; Neptune Exchange awaiting ack: margin_transfer→Ceres Clearing","PACKET SENT: data ack: Neptune → Relay A, lands h 152.4810","backbone Neptune→Relay A launch h 148.6133 (data_ack, attempt 1)",h 152.4810,unchanged,transport
148.613625,Neptune,"Neptune Exchange last received: transfer_status from Ceres Clearing @h108.83, margin_call from Ceres Clearing @h148.61; Neptune Exchange awaiting ack: margin_transfer→Ceres Clearing","PACKET SENT: margin_transfer: Neptune → Relay A, lands h 152.4813","backbone Neptune→Relay A launch h 148.6136 (data, attempt 1)",h 152.4813,unchanged,network
152.481010,Relay A,relay: stores and forwards packet bytes only; no financial state,HOP RECEIPT: from Relay A,hop receipt queued at Relay A,—,unchanged,transport
152.481288,Relay A,relay: stores and forwards packet bytes only; no financial state,"PACKET SENT: hop receipt: Relay A → Neptune, lands h 156.3489","backbone Relay A→Neptune launch h 152.4813 (hop_receipt, attempt 1)",h 156.3489,unchanged,transport
152.481288,Relay A,relay: stores and forwards packet bytes only; no financial state,HOP RECEIPT: from Relay A,hop receipt queued at Relay A,—,unchanged,transport
152.481566,Relay A,relay: stores and forwards packet bytes only; no financial state,"PACKET SENT: data ack: Relay A → Ceres, lands h 152.7248","backbone Relay A→Ceres launch h 152.4816 (data_ack, attempt 1)",h 152.7248,unchanged,transport
152.481566,Relay A,relay: stores and forwards packet bytes only; no financial state,"PACKET SENT: hop receipt: Relay A → Neptune, lands h 156.3492","backbone Relay A→Neptune launch h 152.4816 (hop_receipt, attempt 1)",h 156.3492,unchanged,transport
152.481843,Relay A,relay: stores and forwards packet bytes only; no financial state,"PACKET SENT: margin_transfer: Relay A → Ceres, lands h 152.7251","backbone Relay A→Ceres launch h 152.4818 (data, attempt 1)",h 152.7251,unchanged,network
152.724818,Ceres,"Ceres Clearing last received: mark from Mars Exchange @h132.50, mark from Mars Exchange @h144.50",HOP RECEIPT: from Ceres,hop receipt queued at Ceres,—,unchanged,transport
152.725096,Ceres,"Ceres Clearing last received: mark from Mars Exchange @h132.50, mark from Mars Exchange @h144.50","PACKET SENT: hop receipt: Ceres → Relay A, lands h 152.9683","backbone Ceres→Relay A launch h 152.7251 (hop_receipt, attempt 1)",h 152.9683,unchanged,transport
152.725096,Ceres,"Ceres Clearing last received: mark from Mars Exchange @h132.50, mark from Mars Exchange @h144.50; Ceres Clearing awaiting ack: transfer_status→Neptune Exchange",HOP RECEIPT: from Ceres,hop receipt queued at Ceres,—,unchanged,transport
152.725096,Ceres Clearing,"Ceres Clearing last received: mark from Mars Exchange @h144.50, margin_transfer from Neptune Exchange @h152.73; Ceres Clearing awaiting ack: transfer_status→Neptune Exchange",RECEIVED: margin_transfer at Ceres Clearing,—,—,unchanged,network
152.725096,N-Eve,"N-Eve sees own $24,700.00 free at Neptune",VALIDATED · FINAL: XFR-000008: usable by N-Eve at Ceres — cash validated at Ceres,—,—,"N-Eve $30,300.00@Ceres (locked $26,900.00) | in transit $0 / 0 sh",finance
152.725096,N-Eve,"N-Eve sees own $24,700.00 free at Neptune",MARGIN POSTED: long +3400.00 — top-up validated at Ceres Clearing,—,—,"N-Eve $30,300.00@Ceres (locked $30,300.00) | in transit $0 / 0 sh",finance
152.725096,Ceres Clearing,"Ceres Clearing last received: mark from Mars Exchange @h144.50, margin_transfer from Neptune Exchange @h152.73; Ceres Clearing awaiting ack: transfer_status→Neptune Exchange",MESSAGE SENT: transfer_status: Ceres Clearing → Neptune Exchange (backbone),backbone message transfer_status Ceres Clearing→Neptune Exchange on Ceres → Relay A → Neptune,delivered h 156.8368,unchanged,network
152.725096,Ceres,"Ceres Clearing last received: mark from Mars Exchange @h144.50, margin_transfer from Neptune Exchange @h152.73; Ceres Clearing awaiting ack: transfer_status→Neptune Exchange",DATA ACK: from Ceres,data ack queued at Ceres,—,unchanged,transport
152.725374,Ceres,"Ceres Clearing last received: mark from Mars Exchange @h144.50, margin_transfer from Neptune Exchange @h152.73; Ceres Clearing awaiting ack: transfer_status→Neptune Exchange","PACKET SENT: hop receipt: Ceres → Relay A, lands h 152.9686","backbone Ceres→Relay A launch h 152.7254 (hop_receipt, attempt 1)",h 152.9686,unchanged,transport
152.725374,Ceres,"Ceres Clearing last received: mark from Mars Exchange @h144.50, margin_transfer from Neptune Exchange @h152.73; Ceres Clearing awaiting ack: transfer_status→Neptune Exchange","PACKET SENT: transfer_status: Ceres → Relay A, lands h 152.9686","backbone Ceres→Relay A launch h 152.7254 (data, attempt 1)",h 152.9686,unchanged,network
152.725374,Ceres,"Ceres Clearing last received: mark from Mars Exchange @h144.50, margin_transfer from Neptune Exchange @h152.73; Ceres Clearing awaiting ack: transfer_status→Neptune Exchange","PACKET SENT: data ack: Ceres → Relay A, lands h 152.9686","backbone Ceres→Relay A launch h 152.7254 (data_ack, attempt 1)",h 152.9686,unchanged,transport
152.968600,Relay A,relay: stores and forwards packet bytes only; no financial state,HOP RECEIPT: from Relay A,hop receipt queued at Relay A,—,unchanged,transport
152.968600,Relay A,relay: stores and forwards packet bytes only; no financial state,HOP RECEIPT: from Relay A,hop receipt queued at Relay A,—,unchanged,transport
152.968877,Relay A,relay: stores and forwards packet bytes only; no financial state,"PACKET SENT: hop receipt: Relay A → Ceres, lands h 153.2121","backbone Relay A→Ceres launch h 152.9689 (hop_receipt, attempt 1)",h 153.2121,unchanged,transport
152.968877,Relay A,relay: stores and forwards packet bytes only; no financial state,"PACKET SENT: hop receipt: Relay A → Ceres, lands h 153.2121","backbone Relay A→Ceres launch h 152.9689 (hop_receipt, attempt 1)",h 153.2121,unchanged,transport
152.969155,Relay A,relay: stores and forwards packet bytes only; no financial state,"PACKET SENT: transfer_status: Relay A → Neptune, lands h 156.8368","backbone Relay A→Neptune launch h 152.9692 (data, attempt 1)",h 156.8368,unchanged,network
152.969155,Relay A,relay: stores and forwards packet bytes only; no financial state,"PACKET SENT: data ack: Relay A → Neptune, lands h 156.8368","backbone Relay A→Neptune launch h 152.9692 (data_ack, attempt 1)",h 156.8368,unchanged,transport
156.000000,MOI Publisher,observes MOI locally at Mars,MOI OBSERVATION: 81 released at Mars,—,—,unchanged,finance
156.000278,Mars Exchange,Mars Exchange awaiting ack: mark→Ceres Clearing,MESSAGE SENT: mark: Mars Exchange → Ceres Clearing (backbone),backbone message mark Mars Exchange→Ceres Clearing on Mars → Relay A → Ceres,delivered h 156.5022,unchanged,network
156.000556,Mars,Mars Exchange awaiting ack: mark→Ceres Clearing,"PACKET SENT: mark: Mars → Relay A, lands h 156.2584","backbone Mars→Relay A launch h 156.0006 (data, attempt 1)",h 156.2584,unchanged,network
156.258419,Relay A,relay: stores and forwards packet bytes only; no financial state,HOP RECEIPT: from Relay A,hop receipt queued at Relay A,—,unchanged,transport
156.258697,Relay A,relay: stores and forwards packet bytes only; no financial state,"PACKET SENT: hop receipt: Relay A → Mars, lands h 156.5166","backbone Relay A→Mars launch h 156.2587 (hop_receipt, attempt 1)",h 156.5166,unchanged,transport
156.258974,Relay A,relay: stores and forwards packet bytes only; no financial state,"PACKET SENT: mark: Relay A → Ceres, lands h 156.5022","backbone Relay A→Ceres launch h 156.2590 (data, attempt 1)",h 156.5022,unchanged,network
156.502240,Ceres,"Ceres Clearing last received: mark from Mars Exchange @h144.50, margin_transfer from Neptune Exchange @h152.73; Ceres Clearing awaiting ack: transfer_status→Neptune Exchange",HOP RECEIPT: from Ceres,hop receipt queued at Ceres,—,unchanged,transport
156.502240,Ceres Clearing,"Ceres Clearing last received: margin_transfer from Neptune Exchange @h152.73, mark from Mars Exchange @h156.50; Ceres Clearing awaiting ack: transfer_status→Neptune Exchange",RECEIVED: mark at Ceres Clearing,—,—,unchanged,network
156.502240,Ceres,"Ceres Clearing last received: margin_transfer from Neptune Exchange @h152.73, mark from Mars Exchange @h156.50; Ceres Clearing awaiting ack: transfer_status→Neptune Exchange",MARKED: POS-000001 at 81,—,—,unchanged,finance
156.502240,Ceres,"Ceres Clearing last received: margin_transfer from Neptune Exchange @h152.73, mark from Mars Exchange @h156.50; Ceres Clearing awaiting ack: transfer_status→Neptune Exchange",DATA ACK: from Ceres,data ack queued at Ceres,—,unchanged,transport
156.502518,Ceres,"Ceres Clearing last received: margin_transfer from Neptune Exchange @h152.73, mark from Mars Exchange @h156.50; Ceres Clearing awaiting ack: transfer_status→Neptune Exchange","PACKET SENT: hop receipt: Ceres → Relay A, lands h 156.7458","backbone Ceres→Relay A launch h 156.5025 (hop_receipt, attempt 1)",h 156.7458,unchanged,transport
156.502518,Ceres,"Ceres Clearing last received: margin_transfer from Neptune Exchange @h152.73, mark from Mars Exchange @h156.50; Ceres Clearing awaiting ack: transfer_status→Neptune Exchange","PACKET SENT: data ack: Ceres → Relay A, lands h 156.7458","backbone Ceres→Relay A launch h 156.5025 (data_ack, attempt 1)",h 156.7458,unchanged,transport
156.745758,Relay A,relay: stores and forwards packet bytes only; no financial state,HOP RECEIPT: from Relay A,hop receipt queued at Relay A,—,unchanged,transport
156.746035,Relay A,relay: stores and forwards packet bytes only; no financial state,"PACKET SENT: hop receipt: Relay A → Ceres, lands h 156.9893","backbone Relay A→Ceres launch h 156.7460 (hop_receipt, attempt 1)",h 156.9893,unchanged,transport
156.746313,Relay A,relay: stores and forwards packet bytes only; no financial state,"PACKET SENT: data ack: Relay A → Mars, lands h 157.0042","backbone Relay A→Mars launch h 156.7463 (data_ack, attempt 1)",h 157.0042,unchanged,transport
156.836827,Neptune,"Neptune Exchange last received: transfer_status from Ceres Clearing @h108.83, margin_call from Ceres Clearing @h148.61",HOP RECEIPT: from Neptune,hop receipt queued at Neptune,—,unchanged,transport
156.836827,Neptune Exchange,"Neptune Exchange last received: margin_call from Ceres Clearing @h148.61, transfer_status from Ceres Clearing @h156.84",RECEIVED: transfer_status at Neptune Exchange,—,—,unchanged,network
156.836827,N-Eve,"N-Eve sees own $24,700.00 free at Neptune",SOURCE RECONCILED: XFR-000008 confirmed at the source,—,—,unchanged,finance
156.836827,Neptune,"Neptune Exchange last received: margin_call from Ceres Clearing @h148.61, transfer_status from Ceres Clearing @h156.84",DATA ACK: from Neptune,data ack queued at Neptune,—,unchanged,transport
156.836827,Neptune,"Neptune Exchange last received: margin_call from Ceres Clearing @h148.61, transfer_status from Ceres Clearing @h156.84",HOP RECEIPT: from Neptune,hop receipt queued at Neptune,—,unchanged,transport
156.837105,Neptune,"Neptune Exchange last received: margin_call from Ceres Clearing @h148.61, transfer_status from Ceres Clearing @h156.84","PACKET SENT: hop receipt: Neptune → Relay A, lands h 160.7051","backbone Neptune→Relay A launch h 156.8371 (hop_receipt, attempt 1)",h 160.7051,unchanged,transport
156.837105,Neptune,"Neptune Exchange last received: margin_call from Ceres Clearing @h148.61, transfer_status from Ceres Clearing @h156.84","PACKET SENT: data ack: Neptune → Relay A, lands h 160.7051","backbone Neptune→Relay A launch h 156.8371 (data_ack, attempt 1)",h 160.7051,unchanged,transport
156.837105,Neptune,"Neptune Exchange last received: margin_call from Ceres Clearing @h148.61, transfer_status from Ceres Clearing @h156.84","PACKET SENT: hop receipt: Neptune → Relay A, lands h 160.7051","backbone Neptune→Relay A launch h 156.8371 (hop_receipt, attempt 1)",h 160.7051,unchanged,transport
157.004232,Mars,Mars Exchange: no remote information yet,HOP RECEIPT: from Mars,hop receipt queued at Mars,—,unchanged,transport
157.004510,Mars,Mars Exchange: no remote information yet,"PACKET SENT: hop receipt: Mars → Relay A, lands h 157.2624","backbone Mars→Relay A launch h 157.0045 (hop_receipt, attempt 1)",h 157.2624,unchanged,transport
160.705115,Relay A,relay: stores and forwards packet bytes only; no financial state,HOP RECEIPT: from Relay A,hop receipt queued at Relay A,—,unchanged,transport
160.705393,Relay A,relay: stores and forwards packet bytes only; no financial state,"PACKET SENT: hop receipt: Relay A → Neptune, lands h 164.5734","backbone Relay A→Neptune launch h 160.7054 (hop_receipt, attempt 1)",h 164.5734,unchanged,transport
160.705671,Relay A,relay: stores and forwards packet bytes only; no financial state,"PACKET SENT: data ack: Relay A → Ceres, lands h 160.9490","backbone Relay A→Ceres launch h 160.7057 (data_ack, attempt 1)",h 160.9490,unchanged,transport
160.948953,Ceres,"Ceres Clearing last received: margin_transfer from Neptune Exchange @h152.73, mark from Mars Exchange @h156.50",HOP RECEIPT: from Ceres,hop receipt queued at Ceres,—,unchanged,transport
160.949231,Ceres,"Ceres Clearing last received: margin_transfer from Neptune Exchange @h152.73, mark from Mars Exchange @h156.50","PACKET SENT: hop receipt: Ceres → Relay A, lands h 161.1925","backbone Ceres→Relay A launch h 160.9492 (hop_receipt, attempt 1)",h 161.1925,unchanged,transport
168.000000,MOI Publisher,observes MOI locally at Mars,MOI OBSERVATION: 80 released at Mars,—,—,unchanged,finance
168.000278,Mars Exchange,Mars Exchange awaiting ack: mark→Ceres Clearing,MESSAGE SENT: mark: Mars Exchange → Ceres Clearing (backbone),backbone message mark Mars Exchange→Ceres Clearing on Mars → Relay A → Ceres,delivered h 168.5028,unchanged,network
168.000556,Mars,Mars Exchange awaiting ack: mark→Ceres Clearing,"PACKET SENT: mark: Mars → Relay A, lands h 168.2589","backbone Mars→Relay A launch h 168.0006 (data, attempt 1)",h 168.2589,unchanged,network
168.258902,Relay A,relay: stores and forwards packet bytes only; no financial state,HOP RECEIPT: from Relay A,hop receipt queued at Relay A,—,unchanged,transport
168.259179,Relay A,relay: stores and forwards packet bytes only; no financial state,"PACKET SENT: hop receipt: Relay A → Mars, lands h 168.5176","backbone Relay A→Mars launch h 168.2592 (hop_receipt, attempt 1)",h 168.5176,unchanged,transport
168.259457,Relay A,relay: stores and forwards packet bytes only; no financial state,"PACKET SENT: mark: Relay A → Ceres, lands h 168.5028","backbone Relay A→Ceres launch h 168.2595 (data, attempt 1)",h 168.5028,unchanged,network
168.502766,Ceres,"Ceres Clearing last received: margin_transfer from Neptune Exchange @h152.73, mark from Mars Exchange @h156.50",HOP RECEIPT: from Ceres,hop receipt queued at Ceres,—,unchanged,transport
168.502766,Ceres Clearing,"Ceres Clearing last received: mark from Mars Exchange @h156.50, mark from Mars Exchange @h168.50",RECEIVED: mark at Ceres Clearing,—,—,unchanged,network
168.502766,Ceres,"Ceres Clearing last received: mark from Mars Exchange @h156.50, mark from Mars Exchange @h168.50",MARKED: POS-000001 at 80,—,—,unchanged,finance
168.502766,Ceres,"Ceres Clearing last received: mark from Mars Exchange @h156.50, mark from Mars Exchange @h168.50",DATA ACK: from Ceres,data ack queued at Ceres,—,unchanged,transport
168.503044,Ceres,"Ceres Clearing last received: mark from Mars Exchange @h156.50, mark from Mars Exchange @h168.50","PACKET SENT: hop receipt: Ceres → Relay A, lands h 168.7463","backbone Ceres→Relay A launch h 168.5030 (hop_receipt, attempt 1)",h 168.7463,unchanged,transport
168.503044,Ceres,"Ceres Clearing last received: mark from Mars Exchange @h156.50, mark from Mars Exchange @h168.50","PACKET SENT: data ack: Ceres → Relay A, lands h 168.7463","backbone Ceres→Relay A launch h 168.5030 (data_ack, attempt 1)",h 168.7463,unchanged,transport
168.746327,Relay A,relay: stores and forwards packet bytes only; no financial state,HOP RECEIPT: from Relay A,hop receipt queued at Relay A,—,unchanged,transport
168.746605,Relay A,relay: stores and forwards packet bytes only; no financial state,"PACKET SENT: hop receipt: Relay A → Ceres, lands h 168.9899","backbone Relay A→Ceres launch h 168.7466 (hop_receipt, attempt 1)",h 168.9899,unchanged,transport
168.746882,Relay A,relay: stores and forwards packet bytes only; no financial state,"PACKET SENT: data ack: Relay A → Mars, lands h 169.0053","backbone Relay A→Mars launch h 168.7469 (data_ack, attempt 1)",h 169.0053,unchanged,transport
169.005284,Mars,Mars Exchange: no remote information yet,HOP RECEIPT: from Mars,hop receipt queued at Mars,—,unchanged,transport
169.005562,Mars,Mars Exchange: no remote information yet,"PACKET SENT: hop receipt: Mars → Relay A, lands h 169.2639","backbone Mars→Relay A launch h 169.0056 (hop_receipt, attempt 1)",h 169.2639,unchanged,transport
180.000000,MOI Publisher,observes MOI locally at Mars,MOI OBSERVATION: 80 released at Mars,—,—,unchanged,finance
180.000278,Mars Exchange,Mars Exchange awaiting ack: mark→Ceres Clearing,MESSAGE SENT: mark: Mars Exchange → Ceres Clearing (backbone),backbone message mark Mars Exchange→Ceres Clearing on Mars → Relay A → Ceres,delivered h 180.5033,unchanged,network
180.000556,Mars,Mars Exchange awaiting ack: mark→Ceres Clearing,"PACKET SENT: mark: Mars → Relay A, lands h 180.2594","backbone Mars→Relay A launch h 180.0006 (data, attempt 1)",h 180.2594,unchanged,network
180.259385,Relay A,relay: stores and forwards packet bytes only; no financial state,HOP RECEIPT: from Relay A,hop receipt queued at Relay A,—,unchanged,transport
180.259663,Relay A,relay: stores and forwards packet bytes only; no financial state,"PACKET SENT: hop receipt: Relay A → Mars, lands h 180.5185","backbone Relay A→Mars launch h 180.2597 (hop_receipt, attempt 1)",h 180.5185,unchanged,transport
180.259940,Relay A,relay: stores and forwards packet bytes only; no financial state,"PACKET SENT: mark: Relay A → Ceres, lands h 180.5033","backbone Relay A→Ceres launch h 180.2599 (data, attempt 1)",h 180.5033,unchanged,network
180.503293,Ceres,"Ceres Clearing last received: mark from Mars Exchange @h156.50, mark from Mars Exchange @h168.50",HOP RECEIPT: from Ceres,hop receipt queued at Ceres,—,unchanged,transport
180.503293,Ceres Clearing,"Ceres Clearing last received: mark from Mars Exchange @h168.50, mark from Mars Exchange @h180.50",RECEIVED: mark at Ceres Clearing,—,—,unchanged,network
180.503293,Ceres,"Ceres Clearing last received: mark from Mars Exchange @h168.50, mark from Mars Exchange @h180.50",MARKED: POS-000001 at 80,—,—,unchanged,finance
180.503293,Ceres,"Ceres Clearing last received: mark from Mars Exchange @h168.50, mark from Mars Exchange @h180.50",DATA ACK: from Ceres,data ack queued at Ceres,—,unchanged,transport
180.503571,Ceres,"Ceres Clearing last received: mark from Mars Exchange @h168.50, mark from Mars Exchange @h180.50","PACKET SENT: hop receipt: Ceres → Relay A, lands h 180.7469","backbone Ceres→Relay A launch h 180.5036 (hop_receipt, attempt 1)",h 180.7469,unchanged,transport
180.503571,Ceres,"Ceres Clearing last received: mark from Mars Exchange @h168.50, mark from Mars Exchange @h180.50","PACKET SENT: data ack: Ceres → Relay A, lands h 180.7469","backbone Ceres→Relay A launch h 180.5036 (data_ack, attempt 1)",h 180.7469,unchanged,transport
180.746897,Relay A,relay: stores and forwards packet bytes only; no financial state,HOP RECEIPT: from Relay A,hop receipt queued at Relay A,—,unchanged,transport
180.747175,Relay A,relay: stores and forwards packet bytes only; no financial state,"PACKET SENT: hop receipt: Relay A → Ceres, lands h 180.9905","backbone Relay A→Ceres launch h 180.7472 (hop_receipt, attempt 1)",h 180.9905,unchanged,transport
180.747453,Relay A,relay: stores and forwards packet bytes only; no financial state,"PACKET SENT: data ack: Relay A → Mars, lands h 181.0063","backbone Relay A→Mars launch h 180.7475 (data_ack, attempt 1)",h 181.0063,unchanged,transport
181.006338,Mars,Mars Exchange: no remote information yet,HOP RECEIPT: from Mars,hop receipt queued at Mars,—,unchanged,transport
181.006616,Mars,Mars Exchange: no remote information yet,"PACKET SENT: hop receipt: Mars → Relay A, lands h 181.2655","backbone Mars→Relay A launch h 181.0066 (hop_receipt, attempt 1)",h 181.2655,unchanged,transport
192.000000,MOI Publisher,observes MOI locally at Mars,MOI OBSERVATION: 79 released at Mars,—,—,unchanged,finance
192.000278,Mars Exchange,Mars Exchange awaiting ack: mark→Ceres Clearing,MESSAGE SENT: mark: Mars Exchange → Ceres Clearing (backbone),backbone message mark Mars Exchange→Ceres Clearing on Mars → Relay A → Ceres,delivered h 192.5038,unchanged,network
192.000556,Mars,Mars Exchange awaiting ack: mark→Ceres Clearing,"PACKET SENT: mark: Mars → Relay A, lands h 192.2599","backbone Mars→Relay A launch h 192.0006 (data, attempt 1)",h 192.2599,unchanged,network
192.259869,Relay A,relay: stores and forwards packet bytes only; no financial state,HOP RECEIPT: from Relay A,hop receipt queued at Relay A,—,unchanged,transport
192.260147,Relay A,relay: stores and forwards packet bytes only; no financial state,"PACKET SENT: hop receipt: Relay A → Mars, lands h 192.5195","backbone Relay A→Mars launch h 192.2601 (hop_receipt, attempt 1)",h 192.5195,unchanged,transport
192.260424,Relay A,relay: stores and forwards packet bytes only; no financial state,"PACKET SENT: mark: Relay A → Ceres, lands h 192.5038","backbone Relay A→Ceres launch h 192.2604 (data, attempt 1)",h 192.5038,unchanged,network
192.503821,Ceres,"Ceres Clearing last received: mark from Mars Exchange @h168.50, mark from Mars Exchange @h180.50",HOP RECEIPT: from Ceres,hop receipt queued at Ceres,—,unchanged,transport
192.503821,Ceres Clearing,"Ceres Clearing last received: mark from Mars Exchange @h180.50, mark from Mars Exchange @h192.50",RECEIVED: mark at Ceres Clearing,—,—,unchanged,network
192.503821,Ceres,"Ceres Clearing last received: mark from Mars Exchange @h180.50, mark from Mars Exchange @h192.50",MARKED: POS-000001 at 79,—,—,unchanged,finance
192.503821,Ceres,"Ceres Clearing last received: mark from Mars Exchange @h180.50, mark from Mars Exchange @h192.50",DATA ACK: from Ceres,data ack queued at Ceres,—,unchanged,transport
192.504099,Ceres,"Ceres Clearing last received: mark from Mars Exchange @h180.50, mark from Mars Exchange @h192.50","PACKET SENT: hop receipt: Ceres → Relay A, lands h 192.7475","backbone Ceres→Relay A launch h 192.5041 (hop_receipt, attempt 1)",h 192.7475,unchanged,transport
192.504099,Ceres,"Ceres Clearing last received: mark from Mars Exchange @h180.50, mark from Mars Exchange @h192.50","PACKET SENT: data ack: Ceres → Relay A, lands h 192.7475","backbone Ceres→Relay A launch h 192.5041 (data_ack, attempt 1)",h 192.7475,unchanged,transport
192.747469,Relay A,relay: stores and forwards packet bytes only; no financial state,HOP RECEIPT: from Relay A,hop receipt queued at Relay A,—,unchanged,transport
192.747746,Relay A,relay: stores and forwards packet bytes only; no financial state,"PACKET SENT: hop receipt: Relay A → Ceres, lands h 192.9911","backbone Relay A→Ceres launch h 192.7477 (hop_receipt, attempt 1)",h 192.9911,unchanged,transport
192.748024,Relay A,relay: stores and forwards packet bytes only; no financial state,"PACKET SENT: data ack: Relay A → Mars, lands h 193.0074","backbone Relay A→Mars launch h 192.7480 (data_ack, attempt 1)",h 193.0074,unchanged,transport
193.007394,Mars,Mars Exchange: no remote information yet,HOP RECEIPT: from Mars,hop receipt queued at Mars,—,unchanged,transport
193.007672,Mars,Mars Exchange: no remote information yet,"PACKET SENT: hop receipt: Mars → Relay A, lands h 193.2670","backbone Mars→Relay A launch h 193.0077 (hop_receipt, attempt 1)",h 193.2670,unchanged,transport
204.000000,MOI Publisher,observes MOI locally at Mars,MOI OBSERVATION: 79 released at Mars,—,—,unchanged,finance
204.000278,Mars Exchange,Mars Exchange awaiting ack: mark→Ceres Clearing,MESSAGE SENT: mark: Mars Exchange → Ceres Clearing (backbone),backbone message mark Mars Exchange→Ceres Clearing on Mars → Relay A → Ceres,delivered h 204.5043,unchanged,network
204.000556,Mars,Mars Exchange awaiting ack: mark→Ceres Clearing,"PACKET SENT: mark: Mars → Relay A, lands h 204.2604","backbone Mars→Relay A launch h 204.0006 (data, attempt 1)",h 204.2604,unchanged,network
204.260353,Relay A,relay: stores and forwards packet bytes only; no financial state,HOP RECEIPT: from Relay A,hop receipt queued at Relay A,—,unchanged,transport
204.260631,Relay A,relay: stores and forwards packet bytes only; no financial state,"PACKET SENT: hop receipt: Relay A → Mars, lands h 204.5205","backbone Relay A→Mars launch h 204.2606 (hop_receipt, attempt 1)",h 204.5205,unchanged,transport
204.260909,Relay A,relay: stores and forwards packet bytes only; no financial state,"PACKET SENT: mark: Relay A → Ceres, lands h 204.5043","backbone Relay A→Ceres launch h 204.2609 (data, attempt 1)",h 204.5043,unchanged,network
204.504349,Ceres,"Ceres Clearing last received: mark from Mars Exchange @h180.50, mark from Mars Exchange @h192.50",HOP RECEIPT: from Ceres,hop receipt queued at Ceres,—,unchanged,transport
204.504349,Ceres Clearing,"Ceres Clearing last received: mark from Mars Exchange @h192.50, mark from Mars Exchange @h204.50",RECEIVED: mark at Ceres Clearing,—,—,unchanged,network
204.504349,Ceres,"Ceres Clearing last received: mark from Mars Exchange @h192.50, mark from Mars Exchange @h204.50",MARKED: POS-000001 at 79,—,—,unchanged,finance
204.504349,Ceres,"Ceres Clearing last received: mark from Mars Exchange @h192.50, mark from Mars Exchange @h204.50",DATA ACK: from Ceres,data ack queued at Ceres,—,unchanged,transport
204.504627,Ceres,"Ceres Clearing last received: mark from Mars Exchange @h192.50, mark from Mars Exchange @h204.50","PACKET SENT: hop receipt: Ceres → Relay A, lands h 204.7480","backbone Ceres→Relay A launch h 204.5046 (hop_receipt, attempt 1)",h 204.7480,unchanged,transport
204.504627,Ceres,"Ceres Clearing last received: mark from Mars Exchange @h192.50, mark from Mars Exchange @h204.50","PACKET SENT: data ack: Ceres → Relay A, lands h 204.7480","backbone Ceres→Relay A launch h 204.5046 (data_ack, attempt 1)",h 204.7480,unchanged,transport
204.748041,Relay A,relay: stores and forwards packet bytes only; no financial state,HOP RECEIPT: from Relay A,hop receipt queued at Relay A,—,unchanged,transport
204.748319,Relay A,relay: stores and forwards packet bytes only; no financial state,"PACKET SENT: hop receipt: Relay A → Ceres, lands h 204.9918","backbone Relay A→Ceres launch h 204.7483 (hop_receipt, attempt 1)",h 204.9918,unchanged,transport
204.748597,Relay A,relay: stores and forwards packet bytes only; no financial state,"PACKET SENT: data ack: Relay A → Mars, lands h 205.0085","backbone Relay A→Mars launch h 204.7486 (data_ack, attempt 1)",h 205.0085,unchanged,transport
205.008451,Mars,Mars Exchange: no remote information yet,HOP RECEIPT: from Mars,hop receipt queued at Mars,—,unchanged,transport
205.008729,Mars,Mars Exchange: no remote information yet,"PACKET SENT: hop receipt: Mars → Relay A, lands h 205.2686","backbone Mars→Relay A launch h 205.0087 (hop_receipt, attempt 1)",h 205.2686,unchanged,transport
216.000000,MOI Publisher,observes MOI locally at Mars,MOI OBSERVATION: 78 released at Mars,—,—,unchanged,finance
216.000278,Mars Exchange,Mars Exchange awaiting ack: mark→Ceres Clearing,MESSAGE SENT: mark: Mars Exchange → Ceres Clearing (backbone),backbone message mark Mars Exchange→Ceres Clearing on Mars → Relay A → Ceres,delivered h 216.5049,unchanged,network
216.000556,Mars,Mars Exchange awaiting ack: mark→Ceres Clearing,"PACKET SENT: mark: Mars → Relay A, lands h 216.2608","backbone Mars→Relay A launch h 216.0006 (data, attempt 1)",h 216.2608,unchanged,network
216.260838,Relay A,relay: stores and forwards packet bytes only; no financial state,HOP RECEIPT: from Relay A,hop receipt queued at Relay A,—,unchanged,transport
216.261116,Relay A,relay: stores and forwards packet bytes only; no financial state,"PACKET SENT: hop receipt: Relay A → Mars, lands h 216.5214","backbone Relay A→Mars launch h 216.2611 (hop_receipt, attempt 1)",h 216.5214,unchanged,transport
216.261394,Relay A,relay: stores and forwards packet bytes only; no financial state,"PACKET SENT: mark: Relay A → Ceres, lands h 216.5049","backbone Relay A→Ceres launch h 216.2614 (data, attempt 1)",h 216.5049,unchanged,network
216.504879,Ceres,"Ceres Clearing last received: mark from Mars Exchange @h192.50, mark from Mars Exchange @h204.50; Ceres Clearing awaiting ack: margin_call→Neptune Exchange",HOP RECEIPT: from Ceres,hop receipt queued at Ceres,—,unchanged,transport
216.504879,Ceres Clearing,"Ceres Clearing last received: mark from Mars Exchange @h204.50, mark from Mars Exchange @h216.50; Ceres Clearing awaiting ack: margin_call→Neptune Exchange",RECEIVED: mark at Ceres Clearing,—,—,unchanged,network
216.504879,Ceres,"Ceres Clearing last received: mark from Mars Exchange @h204.50, mark from Mars Exchange @h216.50; Ceres Clearing awaiting ack: margin_call→Neptune Exchange",MARKED: POS-000001 at 78,—,—,unchanged,finance
216.504879,Ceres Clearing,"Ceres Clearing last received: mark from Mars Exchange @h204.50, mark from Mars Exchange @h216.50; Ceres Clearing awaiting ack: margin_call→Neptune Exchange",NOTE: MARGIN CALL N-Eve 3400.00 (deadline h 233.44),—,—,unchanged,note
216.504879,Ceres Clearing,"Ceres Clearing last received: mark from Mars Exchange @h204.50, mark from Mars Exchange @h216.50; Ceres Clearing awaiting ack: margin_call→Neptune Exchange",MESSAGE SENT: margin_call: Ceres Clearing → Neptune Exchange (backbone),backbone message margin_call Ceres Clearing→Neptune Exchange on Ceres → Relay A → Neptune,delivered h 220.6196,unchanged,network
216.504879,Ceres,"Ceres Clearing last received: mark from Mars Exchange @h204.50, mark from Mars Exchange @h216.50; Ceres Clearing awaiting ack: margin_call→Neptune Exchange",DATA ACK: from Ceres,data ack queued at Ceres,—,unchanged,transport
216.505156,Ceres,"Ceres Clearing last received: mark from Mars Exchange @h204.50, mark from Mars Exchange @h216.50; Ceres Clearing awaiting ack: margin_call→Neptune Exchange","PACKET SENT: hop receipt: Ceres → Relay A, lands h 216.7486","backbone Ceres→Relay A launch h 216.5052 (hop_receipt, attempt 1)",h 216.7486,unchanged,transport
216.505156,Ceres,"Ceres Clearing last received: mark from Mars Exchange @h204.50, mark from Mars Exchange @h216.50; Ceres Clearing awaiting ack: margin_call→Neptune Exchange","PACKET SENT: margin_call: Ceres → Relay A, lands h 216.7486","backbone Ceres→Relay A launch h 216.5052 (data, attempt 1)",h 216.7486,unchanged,network
216.505156,Ceres,"Ceres Clearing last received: mark from Mars Exchange @h204.50, mark from Mars Exchange @h216.50; Ceres Clearing awaiting ack: margin_call→Neptune Exchange","PACKET SENT: data ack: Ceres → Relay A, lands h 216.7486","backbone Ceres→Relay A launch h 216.5052 (data_ack, attempt 1)",h 216.7486,unchanged,transport
216.748615,Relay A,relay: stores and forwards packet bytes only; no financial state,HOP RECEIPT: from Relay A,hop receipt queued at Relay A,—,unchanged,transport
216.748615,Relay A,relay: stores and forwards packet bytes only; no financial state,HOP RECEIPT: from Relay A,hop receipt queued at Relay A,—,unchanged,transport
216.748893,Relay A,relay: stores and forwards packet bytes only; no financial state,"PACKET SENT: hop receipt: Relay A → Ceres, lands h 216.9924","backbone Relay A→Ceres launch h 216.7489 (hop_receipt, attempt 1)",h 216.9924,unchanged,transport
216.748893,Relay A,relay: stores and forwards packet bytes only; no financial state,"PACKET SENT: hop receipt: Relay A → Ceres, lands h 216.9924","backbone Relay A→Ceres launch h 216.7489 (hop_receipt, attempt 1)",h 216.9924,unchanged,transport
216.749171,Relay A,relay: stores and forwards packet bytes only; no financial state,"PACKET SENT: margin_call: Relay A → Neptune, lands h 220.6196","backbone Relay A→Neptune launch h 216.7492 (data, attempt 1)",h 220.6196,unchanged,network
216.749171,Relay A,relay: stores and forwards packet bytes only; no financial state,"PACKET SENT: data ack: Relay A → Mars, lands h 217.0095","backbone Relay A→Mars launch h 216.7492 (data_ack, attempt 1)",h 217.0095,unchanged,transport
217.009510,Mars,Mars Exchange: no remote information yet,HOP RECEIPT: from Mars,hop receipt queued at Mars,—,unchanged,transport
217.009788,Mars,Mars Exchange: no remote information yet,"PACKET SENT: hop receipt: Mars → Relay A, lands h 217.2701","backbone Mars→Relay A launch h 217.0098 (hop_receipt, attempt 1)",h 217.2701,unchanged,transport
220.619551,Neptune,"Neptune Exchange last received: margin_call from Ceres Clearing @h148.61, transfer_status from Ceres Clearing @h156.84",HOP RECEIPT: from Neptune,hop receipt queued at Neptune,—,unchanged,transport
220.619551,Neptune Exchange,"Neptune Exchange last received: transfer_status from Ceres Clearing @h156.84, margin_call from Ceres Clearing @h220.62",RECEIVED: margin_call at Neptune Exchange,—,—,unchanged,network
220.619551,Neptune,"Neptune Exchange last received: transfer_status from Ceres Clearing @h156.84, margin_call from Ceres Clearing @h220.62",DATA ACK: from Neptune,data ack queued at Neptune,—,unchanged,transport
220.619829,Neptune,"Neptune Exchange last received: transfer_status from Ceres Clearing @h156.84, margin_call from Ceres Clearing @h220.62; Neptune Exchange awaiting ack: margin_transfer→Ceres Clearing","PACKET SENT: hop receipt: Neptune → Relay A, lands h 224.4906","backbone Neptune→Relay A launch h 220.6198 (hop_receipt, attempt 1)",h 224.4906,unchanged,transport
220.619829,N-Eve,"N-Eve sees own $21,300.00 free at Neptune","TRANSFER INITIATED: XFR-000009: $3,400.00 Neptune → Ceres (in transit) — Neptune Exchange debits Neptune; cash travels to Ceres Clearing",—,—,"N-Eve $21,300.00@Neptune | in transit $3,400.00 / 0 sh",finance
220.619829,Neptune Exchange,"Neptune Exchange last received: transfer_status from Ceres Clearing @h156.84, margin_call from Ceres Clearing @h220.62; Neptune Exchange awaiting ack: margin_transfer→Ceres Clearing",MESSAGE SENT: margin_transfer: Neptune Exchange → Ceres Clearing (backbone),backbone message margin_transfer Neptune Exchange→Ceres Clearing on Neptune → Relay A → Ceres,delivered h 224.7349,unchanged,network
220.619829,Neptune,"Neptune Exchange last received: transfer_status from Ceres Clearing @h156.84, margin_call from Ceres Clearing @h220.62; Neptune Exchange awaiting ack: margin_transfer→Ceres Clearing","PACKET SENT: data ack: Neptune → Relay A, lands h 224.4906","backbone Neptune→Relay A launch h 220.6198 (data_ack, attempt 1)",h 224.4906,unchanged,transport
220.620106,Neptune,"Neptune Exchange last received: transfer_status from Ceres Clearing @h156.84, margin_call from Ceres Clearing @h220.62; Neptune Exchange awaiting ack: margin_transfer→Ceres Clearing","PACKET SENT: margin_transfer: Neptune → Relay A, lands h 224.4908","backbone Neptune→Relay A launch h 220.6201 (data, attempt 1)",h 224.4908,unchanged,network
224.490550,Relay A,relay: stores and forwards packet bytes only; no financial state,HOP RECEIPT: from Relay A,hop receipt queued at Relay A,—,unchanged,transport
224.490828,Relay A,relay: stores and forwards packet bytes only; no financial state,"PACKET SENT: hop receipt: Relay A → Neptune, lands h 228.3615","backbone Relay A→Neptune launch h 224.4908 (hop_receipt, attempt 1)",h 228.3615,unchanged,transport
224.490828,Relay A,relay: stores and forwards packet bytes only; no financial state,HOP RECEIPT: from Relay A,hop receipt queued at Relay A,—,unchanged,transport
224.491106,Relay A,relay: stores and forwards packet bytes only; no financial state,"PACKET SENT: data ack: Relay A → Ceres, lands h 224.7346","backbone Relay A→Ceres launch h 224.4911 (data_ack, attempt 1)",h 224.7346,unchanged,transport
224.491106,Relay A,relay: stores and forwards packet bytes only; no financial state,"PACKET SENT: hop receipt: Relay A → Neptune, lands h 228.3618","backbone Relay A→Neptune launch h 224.4911 (hop_receipt, attempt 1)",h 228.3618,unchanged,transport
224.491384,Relay A,relay: stores and forwards packet bytes only; no financial state,"PACKET SENT: margin_transfer: Relay A → Ceres, lands h 224.7349","backbone Relay A→Ceres launch h 224.4914 (data, attempt 1)",h 224.7349,unchanged,network
224.734621,Ceres,"Ceres Clearing last received: mark from Mars Exchange @h204.50, mark from Mars Exchange @h216.50",HOP RECEIPT: from Ceres,hop receipt queued at Ceres,—,unchanged,transport
224.734899,Ceres,"Ceres Clearing last received: mark from Mars Exchange @h204.50, mark from Mars Exchange @h216.50","PACKET SENT: hop receipt: Ceres → Relay A, lands h 224.9784","backbone Ceres→Relay A launch h 224.7349 (hop_receipt, attempt 1)",h 224.9784,unchanged,transport
224.734899,Ceres,"Ceres Clearing last received: mark from Mars Exchange @h204.50, mark from Mars Exchange @h216.50; Ceres Clearing awaiting ack: transfer_status→Neptune Exchange",HOP RECEIPT: from Ceres,hop receipt queued at Ceres,—,unchanged,transport
224.734899,Ceres Clearing,"Ceres Clearing last received: mark from Mars Exchange @h216.50, margin_transfer from Neptune Exchange @h224.73; Ceres Clearing awaiting ack: transfer_status→Neptune Exchange",RECEIVED: margin_transfer at Ceres Clearing,—,—,unchanged,network
224.734899,N-Eve,"N-Eve sees own $21,300.00 free at Neptune",VALIDATED · FINAL: XFR-000009: usable by N-Eve at Ceres — cash validated at Ceres,—,—,"N-Eve $33,700.00@Ceres (locked $30,300.00) | in transit $0 / 0 sh",finance
224.734899,N-Eve,"N-Eve sees own $21,300.00 free at Neptune",MARGIN POSTED: long +3400.00 — top-up validated at Ceres Clearing,—,—,"N-Eve $33,700.00@Ceres (locked $33,700.00) | in transit $0 / 0 sh",finance
224.734899,Ceres Clearing,"Ceres Clearing last received: mark from Mars Exchange @h216.50, margin_transfer from Neptune Exchange @h224.73; Ceres Clearing awaiting ack: transfer_status→Neptune Exchange",MESSAGE SENT: transfer_status: Ceres Clearing → Neptune Exchange (backbone),backbone message transfer_status Ceres Clearing→Neptune Exchange on Ceres → Relay A → Neptune,delivered h 228.8500,unchanged,network
224.734899,Ceres,"Ceres Clearing last received: mark from Mars Exchange @h216.50, margin_transfer from Neptune Exchange @h224.73; Ceres Clearing awaiting ack: transfer_status→Neptune Exchange",DATA ACK: from Ceres,data ack queued at Ceres,—,unchanged,transport
224.735177,Ceres,"Ceres Clearing last received: mark from Mars Exchange @h216.50, margin_transfer from Neptune Exchange @h224.73; Ceres Clearing awaiting ack: transfer_status→Neptune Exchange","PACKET SENT: hop receipt: Ceres → Relay A, lands h 224.9787","backbone Ceres→Relay A launch h 224.7352 (hop_receipt, attempt 1)",h 224.9787,unchanged,transport
224.735177,Ceres,"Ceres Clearing last received: mark from Mars Exchange @h216.50, margin_transfer from Neptune Exchange @h224.73; Ceres Clearing awaiting ack: transfer_status→Neptune Exchange","PACKET SENT: transfer_status: Ceres → Relay A, lands h 224.9787","backbone Ceres→Relay A launch h 224.7352 (data, attempt 1)",h 224.9787,unchanged,network
224.735177,Ceres,"Ceres Clearing last received: mark from Mars Exchange @h216.50, margin_transfer from Neptune Exchange @h224.73; Ceres Clearing awaiting ack: transfer_status→Neptune Exchange","PACKET SENT: data ack: Ceres → Relay A, lands h 224.9787","backbone Ceres→Relay A launch h 224.7352 (data_ack, attempt 1)",h 224.9787,unchanged,transport
224.978666,Relay A,relay: stores and forwards packet bytes only; no financial state,HOP RECEIPT: from Relay A,hop receipt queued at Relay A,—,unchanged,transport
224.978666,Relay A,relay: stores and forwards packet bytes only; no financial state,HOP RECEIPT: from Relay A,hop receipt queued at Relay A,—,unchanged,transport
224.978944,Relay A,relay: stores and forwards packet bytes only; no financial state,"PACKET SENT: hop receipt: Relay A → Ceres, lands h 225.2225","backbone Relay A→Ceres launch h 224.9789 (hop_receipt, attempt 1)",h 225.2225,unchanged,transport
224.978944,Relay A,relay: stores and forwards packet bytes only; no financial state,"PACKET SENT: hop receipt: Relay A → Ceres, lands h 225.2225","backbone Relay A→Ceres launch h 224.9789 (hop_receipt, attempt 1)",h 225.2225,unchanged,transport
224.979221,Relay A,relay: stores and forwards packet bytes only; no financial state,"PACKET SENT: transfer_status: Relay A → Neptune, lands h 228.8500","backbone Relay A→Neptune launch h 224.9792 (data, attempt 1)",h 228.8500,unchanged,network
224.979221,Relay A,relay: stores and forwards packet bytes only; no financial state,"PACKET SENT: data ack: Relay A → Neptune, lands h 228.8500","backbone Relay A→Neptune launch h 224.9792 (data_ack, attempt 1)",h 228.8500,unchanged,transport
228.000000,MOI Publisher,observes MOI locally at Mars,MOI OBSERVATION: 78 released at Mars,—,—,unchanged,finance
228.000278,Mars Exchange,Mars Exchange awaiting ack: mark→Ceres Clearing,MESSAGE SENT: mark: Mars Exchange → Ceres Clearing (backbone),backbone message mark Mars Exchange→Ceres Clearing on Mars → Relay A → Ceres,delivered h 228.5054,unchanged,network
228.000556,Mars,Mars Exchange awaiting ack: mark→Ceres Clearing,"PACKET SENT: mark: Mars → Relay A, lands h 228.2613","backbone Mars→Relay A launch h 228.0006 (data, attempt 1)",h 228.2613,unchanged,network
228.261324,Relay A,relay: stores and forwards packet bytes only; no financial state,HOP RECEIPT: from Relay A,hop receipt queued at Relay A,—,unchanged,transport
228.261602,Relay A,relay: stores and forwards packet bytes only; no financial state,"PACKET SENT: hop receipt: Relay A → Mars, lands h 228.5224","backbone Relay A→Mars launch h 228.2616 (hop_receipt, attempt 1)",h 228.5224,unchanged,transport
228.261879,Relay A,relay: stores and forwards packet bytes only; no financial state,"PACKET SENT: mark: Relay A → Ceres, lands h 228.5054","backbone Relay A→Ceres launch h 228.2619 (data, attempt 1)",h 228.5054,unchanged,network
228.505409,Ceres,"Ceres Clearing last received: mark from Mars Exchange @h216.50, margin_transfer from Neptune Exchange @h224.73; Ceres Clearing awaiting ack: transfer_status→Neptune Exchange",HOP RECEIPT: from Ceres,hop receipt queued at Ceres,—,unchanged,transport
228.505409,Ceres Clearing,"Ceres Clearing last received: margin_transfer from Neptune Exchange @h224.73, mark from Mars Exchange @h228.51; Ceres Clearing awaiting ack: transfer_status→Neptune Exchange",RECEIVED: mark at Ceres Clearing,—,—,unchanged,network
228.505409,Ceres,"Ceres Clearing last received: margin_transfer from Neptune Exchange @h224.73, mark from Mars Exchange @h228.51; Ceres Clearing awaiting ack: transfer_status→Neptune Exchange",MARKED: POS-000001 at 78,—,—,unchanged,finance
228.505409,Ceres,"Ceres Clearing last received: margin_transfer from Neptune Exchange @h224.73, mark from Mars Exchange @h228.51; Ceres Clearing awaiting ack: transfer_status→Neptune Exchange",DATA ACK: from Ceres,data ack queued at Ceres,—,unchanged,transport
228.505687,Ceres,"Ceres Clearing last received: margin_transfer from Neptune Exchange @h224.73, mark from Mars Exchange @h228.51; Ceres Clearing awaiting ack: transfer_status→Neptune Exchange","PACKET SENT: hop receipt: Ceres → Relay A, lands h 228.7492","backbone Ceres→Relay A launch h 228.5057 (hop_receipt, attempt 1)",h 228.7492,unchanged,transport
228.505687,Ceres,"Ceres Clearing last received: margin_transfer from Neptune Exchange @h224.73, mark from Mars Exchange @h228.51; Ceres Clearing awaiting ack: transfer_status→Neptune Exchange","PACKET SENT: data ack: Ceres → Relay A, lands h 228.7492","backbone Ceres→Relay A launch h 228.5057 (data_ack, attempt 1)",h 228.7492,unchanged,transport
228.749190,Relay A,relay: stores and forwards packet bytes only; no financial state,HOP RECEIPT: from Relay A,hop receipt queued at Relay A,—,unchanged,transport
228.749468,Relay A,relay: stores and forwards packet bytes only; no financial state,"PACKET SENT: hop receipt: Relay A → Ceres, lands h 228.9930","backbone Relay A→Ceres launch h 228.7495 (hop_receipt, attempt 1)",h 228.9930,unchanged,transport
228.749745,Relay A,relay: stores and forwards packet bytes only; no financial state,"PACKET SENT: data ack: Relay A → Mars, lands h 229.0106","backbone Relay A→Mars launch h 228.7497 (data_ack, attempt 1)",h 229.0106,unchanged,transport
228.849953,Neptune,"Neptune Exchange last received: transfer_status from Ceres Clearing @h156.84, margin_call from Ceres Clearing @h220.62",HOP RECEIPT: from Neptune,hop receipt queued at Neptune,—,unchanged,transport
228.849953,Neptune Exchange,"Neptune Exchange last received: margin_call from Ceres Clearing @h220.62, transfer_status from Ceres Clearing @h228.85",RECEIVED: transfer_status at Neptune Exchange,—,—,unchanged,network
228.849953,N-Eve,"N-Eve sees own $21,300.00 free at Neptune",SOURCE RECONCILED: XFR-000009 confirmed at the source,—,—,unchanged,finance
228.849953,Neptune,"Neptune Exchange last received: margin_call from Ceres Clearing @h220.62, transfer_status from Ceres Clearing @h228.85",DATA ACK: from Neptune,data ack queued at Neptune,—,unchanged,transport
228.849953,Neptune,"Neptune Exchange last received: margin_call from Ceres Clearing @h220.62, transfer_status from Ceres Clearing @h228.85",HOP RECEIPT: from Neptune,hop receipt queued at Neptune,—,unchanged,transport
228.850231,Neptune,"Neptune Exchange last received: margin_call from Ceres Clearing @h220.62, transfer_status from Ceres Clearing @h228.85","PACKET SENT: hop receipt: Neptune → Relay A, lands h 232.7213","backbone Neptune→Relay A launch h 228.8502 (hop_receipt, attempt 1)",h 232.7213,unchanged,transport
228.850231,Neptune,"Neptune Exchange last received: margin_call from Ceres Clearing @h220.62, transfer_status from Ceres Clearing @h228.85","PACKET SENT: data ack: Neptune → Relay A, lands h 232.7213","backbone Neptune→Relay A launch h 228.8502 (data_ack, attempt 1)",h 232.7213,unchanged,transport
228.850231,Neptune,"Neptune Exchange last received: margin_call from Ceres Clearing @h220.62, transfer_status from Ceres Clearing @h228.85","PACKET SENT: hop receipt: Neptune → Relay A, lands h 232.7213","backbone Neptune→Relay A launch h 228.8502 (hop_receipt, attempt 1)",h 232.7213,unchanged,transport
229.010570,Mars,Mars Exchange: no remote information yet,HOP RECEIPT: from Mars,hop receipt queued at Mars,—,unchanged,transport
229.010848,Mars,Mars Exchange: no remote information yet,"PACKET SENT: hop receipt: Mars → Relay A, lands h 229.2717","backbone Mars→Relay A launch h 229.0108 (hop_receipt, attempt 1)",h 229.2717,unchanged,transport
232.721304,Relay A,relay: stores and forwards packet bytes only; no financial state,HOP RECEIPT: from Relay A,hop receipt queued at Relay A,—,unchanged,transport
232.721582,Relay A,relay: stores and forwards packet bytes only; no financial state,"PACKET SENT: hop receipt: Relay A → Neptune, lands h 236.5926","backbone Relay A→Neptune launch h 232.7216 (hop_receipt, attempt 1)",h 236.5926,unchanged,transport
232.721860,Relay A,relay: stores and forwards packet bytes only; no financial state,"PACKET SENT: data ack: Relay A → Ceres, lands h 232.9654","backbone Relay A→Ceres launch h 232.7219 (data_ack, attempt 1)",h 232.9654,unchanged,transport
232.965406,Ceres,"Ceres Clearing last received: margin_transfer from Neptune Exchange @h224.73, mark from Mars Exchange @h228.51",HOP RECEIPT: from Ceres,hop receipt queued at Ceres,—,unchanged,transport
232.965684,Ceres,"Ceres Clearing last received: margin_transfer from Neptune Exchange @h224.73, mark from Mars Exchange @h228.51","PACKET SENT: hop receipt: Ceres → Relay A, lands h 233.2092","backbone Ceres→Relay A launch h 232.9657 (hop_receipt, attempt 1)",h 233.2092,unchanged,transport
240.000000,MOI Publisher,observes MOI locally at Mars,MOI OBSERVATION: 79 released at Mars,—,—,unchanged,finance
240.000278,Mars Exchange,Mars Exchange awaiting ack: mark→Ceres Clearing,MESSAGE SENT: mark: Mars Exchange → Ceres Clearing (backbone),backbone message mark Mars Exchange→Ceres Clearing on Mars → Relay A → Ceres,delivered h 240.5059,unchanged,network
240.000556,Mars,Mars Exchange awaiting ack: mark→Ceres Clearing,"PACKET SENT: mark: Mars → Relay A, lands h 240.2618","backbone Mars→Relay A launch h 240.0006 (data, attempt 1)",h 240.2618,unchanged,network
240.261810,Relay A,relay: stores and forwards packet bytes only; no financial state,HOP RECEIPT: from Relay A,hop receipt queued at Relay A,—,unchanged,transport
240.262088,Relay A,relay: stores and forwards packet bytes only; no financial state,"PACKET SENT: hop receipt: Relay A → Mars, lands h 240.5234","backbone Relay A→Mars launch h 240.2621 (hop_receipt, attempt 1)",h 240.5234,unchanged,transport
240.262365,Relay A,relay: stores and forwards packet bytes only; no financial state,"PACKET SENT: mark: Relay A → Ceres, lands h 240.5059","backbone Relay A→Ceres launch h 240.2624 (data, attempt 1)",h 240.5059,unchanged,network
240.505940,Ceres,"Ceres Clearing last received: margin_transfer from Neptune Exchange @h224.73, mark from Mars Exchange @h228.51",HOP RECEIPT: from Ceres,hop receipt queued at Ceres,—,unchanged,transport
240.505940,Ceres Clearing,"Ceres Clearing last received: mark from Mars Exchange @h228.51, mark from Mars Exchange @h240.51",RECEIVED: mark at Ceres Clearing,—,—,unchanged,network
240.505940,Ceres,"Ceres Clearing last received: mark from Mars Exchange @h228.51, mark from Mars Exchange @h240.51",MARKED: POS-000001 at 79,—,—,unchanged,finance
240.505940,Ceres,"Ceres Clearing last received: mark from Mars Exchange @h228.51, mark from Mars Exchange @h240.51",DATA ACK: from Ceres,data ack queued at Ceres,—,unchanged,transport
240.506218,Ceres,"Ceres Clearing last received: mark from Mars Exchange @h228.51, mark from Mars Exchange @h240.51","PACKET SENT: hop receipt: Ceres → Relay A, lands h 240.7498","backbone Ceres→Relay A launch h 240.5062 (hop_receipt, attempt 1)",h 240.7498,unchanged,transport
240.506218,Ceres,"Ceres Clearing last received: mark from Mars Exchange @h228.51, mark from Mars Exchange @h240.51","PACKET SENT: data ack: Ceres → Relay A, lands h 240.7498","backbone Ceres→Relay A launch h 240.5062 (data_ack, attempt 1)",h 240.7498,unchanged,transport
240.749766,Relay A,relay: stores and forwards packet bytes only; no financial state,HOP RECEIPT: from Relay A,hop receipt queued at Relay A,—,unchanged,transport
240.750043,Relay A,relay: stores and forwards packet bytes only; no financial state,"PACKET SENT: hop receipt: Relay A → Ceres, lands h 240.9936","backbone Relay A→Ceres launch h 240.7500 (hop_receipt, attempt 1)",h 240.9936,unchanged,transport
240.750321,Relay A,relay: stores and forwards packet bytes only; no financial state,"PACKET SENT: data ack: Relay A → Mars, lands h 241.0116","backbone Relay A→Mars launch h 240.7503 (data_ack, attempt 1)",h 241.0116,unchanged,transport
241.011632,Mars,Mars Exchange: no remote information yet,HOP RECEIPT: from Mars,hop receipt queued at Mars,—,unchanged,transport
241.011910,Mars,Mars Exchange: no remote information yet,"PACKET SENT: hop receipt: Mars → Relay A, lands h 241.2732","backbone Mars→Relay A launch h 241.0119 (hop_receipt, attempt 1)",h 241.2732,unchanged,transport
252.000000,MOI Publisher,observes MOI locally at Mars,MOI OBSERVATION: 80 released at Mars,—,—,unchanged,finance
252.000278,Mars Exchange,Mars Exchange awaiting ack: mark→Ceres Clearing,MESSAGE SENT: mark: Mars Exchange → Ceres Clearing (backbone),backbone message mark Mars Exchange→Ceres Clearing on Mars → Relay A → Ceres,delivered h 252.5065,unchanged,network
252.000556,Mars,Mars Exchange awaiting ack: mark→Ceres Clearing,"PACKET SENT: mark: Mars → Relay A, lands h 252.2623","backbone Mars→Relay A launch h 252.0006 (data, attempt 1)",h 252.2623,unchanged,network
252.262296,Relay A,relay: stores and forwards packet bytes only; no financial state,HOP RECEIPT: from Relay A,hop receipt queued at Relay A,—,unchanged,transport
252.262574,Relay A,relay: stores and forwards packet bytes only; no financial state,"PACKET SENT: hop receipt: Relay A → Mars, lands h 252.5244","backbone Relay A→Mars launch h 252.2626 (hop_receipt, attempt 1)",h 252.5244,unchanged,transport
252.262852,Relay A,relay: stores and forwards packet bytes only; no financial state,"PACKET SENT: mark: Relay A → Ceres, lands h 252.5065","backbone Relay A→Ceres launch h 252.2629 (data, attempt 1)",h 252.5065,unchanged,network
252.506472,Ceres,"Ceres Clearing last received: mark from Mars Exchange @h228.51, mark from Mars Exchange @h240.51",HOP RECEIPT: from Ceres,hop receipt queued at Ceres,—,unchanged,transport
252.506472,Ceres Clearing,"Ceres Clearing last received: mark from Mars Exchange @h240.51, mark from Mars Exchange @h252.51",RECEIVED: mark at Ceres Clearing,—,—,unchanged,network
252.506472,Ceres,"Ceres Clearing last received: mark from Mars Exchange @h240.51, mark from Mars Exchange @h252.51",MARKED: POS-000001 at 80,—,—,unchanged,finance
252.506472,Ceres,"Ceres Clearing last received: mark from Mars Exchange @h240.51, mark from Mars Exchange @h252.51",DATA ACK: from Ceres,data ack queued at Ceres,—,unchanged,transport
252.506749,Ceres,"Ceres Clearing last received: mark from Mars Exchange @h240.51, mark from Mars Exchange @h252.51","PACKET SENT: hop receipt: Ceres → Relay A, lands h 252.7503","backbone Ceres→Relay A launch h 252.5067 (hop_receipt, attempt 1)",h 252.7503,unchanged,transport
252.506749,Ceres,"Ceres Clearing last received: mark from Mars Exchange @h240.51, mark from Mars Exchange @h252.51","PACKET SENT: data ack: Ceres → Relay A, lands h 252.7503","backbone Ceres→Relay A launch h 252.5067 (data_ack, attempt 1)",h 252.7503,unchanged,transport
252.750343,Relay A,relay: stores and forwards packet bytes only; no financial state,HOP RECEIPT: from Relay A,hop receipt queued at Relay A,—,unchanged,transport
252.750620,Relay A,relay: stores and forwards packet bytes only; no financial state,"PACKET SENT: hop receipt: Relay A → Ceres, lands h 252.9942","backbone Relay A→Ceres launch h 252.7506 (hop_receipt, attempt 1)",h 252.9942,unchanged,transport
252.750898,Relay A,relay: stores and forwards packet bytes only; no financial state,"PACKET SENT: data ack: Relay A → Mars, lands h 253.0127","backbone Relay A→Mars launch h 252.7509 (data_ack, attempt 1)",h 253.0127,unchanged,transport
253.012696,Mars,Mars Exchange: no remote information yet,HOP RECEIPT: from Mars,hop receipt queued at Mars,—,unchanged,transport
253.012974,Mars,Mars Exchange: no remote information yet,"PACKET SENT: hop receipt: Mars → Relay A, lands h 253.2748","backbone Mars→Relay A launch h 253.0130 (hop_receipt, attempt 1)",h 253.2748,unchanged,transport
264.000000,MOI Publisher,observes MOI locally at Mars,MOI OBSERVATION: 80 released at Mars,—,—,unchanged,finance
264.000278,Mars Exchange,Mars Exchange awaiting ack: mark→Ceres Clearing,MESSAGE SENT: mark: Mars Exchange → Ceres Clearing (backbone),backbone message mark Mars Exchange→Ceres Clearing on Mars → Relay A → Ceres,delivered h 264.5070,unchanged,network
264.000556,Mars,Mars Exchange awaiting ack: mark→Ceres Clearing,"PACKET SENT: mark: Mars → Relay A, lands h 264.2628","backbone Mars→Relay A launch h 264.0006 (data, attempt 1)",h 264.2628,unchanged,network
264.262783,Relay A,relay: stores and forwards packet bytes only; no financial state,HOP RECEIPT: from Relay A,hop receipt queued at Relay A,—,unchanged,transport
264.263061,Relay A,relay: stores and forwards packet bytes only; no financial state,"PACKET SENT: hop receipt: Relay A → Mars, lands h 264.5253","backbone Relay A→Mars launch h 264.2631 (hop_receipt, attempt 1)",h 264.5253,unchanged,transport
264.263339,Relay A,relay: stores and forwards packet bytes only; no financial state,"PACKET SENT: mark: Relay A → Ceres, lands h 264.5070","backbone Relay A→Ceres launch h 264.2633 (data, attempt 1)",h 264.5070,unchanged,network
264.507004,Ceres,"Ceres Clearing last received: mark from Mars Exchange @h240.51, mark from Mars Exchange @h252.51",HOP RECEIPT: from Ceres,hop receipt queued at Ceres,—,unchanged,transport
264.507004,Ceres Clearing,"Ceres Clearing last received: mark from Mars Exchange @h252.51, mark from Mars Exchange @h264.51",RECEIVED: mark at Ceres Clearing,—,—,unchanged,network
264.507004,Ceres,"Ceres Clearing last received: mark from Mars Exchange @h252.51, mark from Mars Exchange @h264.51",MARKED: POS-000001 at 80,—,—,unchanged,finance
264.507004,Ceres,"Ceres Clearing last received: mark from Mars Exchange @h252.51, mark from Mars Exchange @h264.51",DATA ACK: from Ceres,data ack queued at Ceres,—,unchanged,transport
264.507282,Ceres,"Ceres Clearing last received: mark from Mars Exchange @h252.51, mark from Mars Exchange @h264.51","PACKET SENT: hop receipt: Ceres → Relay A, lands h 264.7509","backbone Ceres→Relay A launch h 264.5073 (hop_receipt, attempt 1)",h 264.7509,unchanged,transport
264.507282,Ceres,"Ceres Clearing last received: mark from Mars Exchange @h252.51, mark from Mars Exchange @h264.51","PACKET SENT: data ack: Ceres → Relay A, lands h 264.7509","backbone Ceres→Relay A launch h 264.5073 (data_ack, attempt 1)",h 264.7509,unchanged,transport
264.750921,Relay A,relay: stores and forwards packet bytes only; no financial state,HOP RECEIPT: from Relay A,hop receipt queued at Relay A,—,unchanged,transport
264.751198,Relay A,relay: stores and forwards packet bytes only; no financial state,"PACKET SENT: hop receipt: Relay A → Ceres, lands h 264.9949","backbone Relay A→Ceres launch h 264.7512 (hop_receipt, attempt 1)",h 264.9949,unchanged,transport
264.751476,Relay A,relay: stores and forwards packet bytes only; no financial state,"PACKET SENT: data ack: Relay A → Mars, lands h 265.0138","backbone Relay A→Mars launch h 264.7515 (data_ack, attempt 1)",h 265.0138,unchanged,transport
265.013761,Mars,Mars Exchange: no remote information yet,HOP RECEIPT: from Mars,hop receipt queued at Mars,—,unchanged,transport
265.014039,Mars,Mars Exchange: no remote information yet,"PACKET SENT: hop receipt: Mars → Relay A, lands h 265.2763","backbone Mars→Relay A launch h 265.0140 (hop_receipt, attempt 1)",h 265.2763,unchanged,transport
276.000000,MOI Publisher,observes MOI locally at Mars,MOI OBSERVATION: 81 released at Mars,—,—,unchanged,finance
276.000278,Mars Exchange,Mars Exchange awaiting ack: mark→Ceres Clearing,MESSAGE SENT: mark: Mars Exchange → Ceres Clearing (backbone),backbone message mark Mars Exchange→Ceres Clearing on Mars → Relay A → Ceres,delivered h 276.5075,unchanged,network
276.000556,Mars,Mars Exchange awaiting ack: mark→Ceres Clearing,"PACKET SENT: mark: Mars → Relay A, lands h 276.2633","backbone Mars→Relay A launch h 276.0006 (data, attempt 1)",h 276.2633,unchanged,network
276.263271,Relay A,relay: stores and forwards packet bytes only; no financial state,HOP RECEIPT: from Relay A,hop receipt queued at Relay A,—,unchanged,transport
276.263549,Relay A,relay: stores and forwards packet bytes only; no financial state,"PACKET SENT: hop receipt: Relay A → Mars, lands h 276.5263","backbone Relay A→Mars launch h 276.2635 (hop_receipt, attempt 1)",h 276.5263,unchanged,transport
276.263827,Relay A,relay: stores and forwards packet bytes only; no financial state,"PACKET SENT: mark: Relay A → Ceres, lands h 276.5075","backbone Relay A→Ceres launch h 276.2638 (data, attempt 1)",h 276.5075,unchanged,network
276.507537,Ceres,"Ceres Clearing last received: mark from Mars Exchange @h252.51, mark from Mars Exchange @h264.51",HOP RECEIPT: from Ceres,hop receipt queued at Ceres,—,unchanged,transport
276.507537,Ceres Clearing,"Ceres Clearing last received: mark from Mars Exchange @h264.51, mark from Mars Exchange @h276.51",RECEIVED: mark at Ceres Clearing,—,—,unchanged,network
276.507537,Ceres,"Ceres Clearing last received: mark from Mars Exchange @h264.51, mark from Mars Exchange @h276.51",MARKED: POS-000001 at 81,—,—,unchanged,finance
276.507537,Ceres,"Ceres Clearing last received: mark from Mars Exchange @h264.51, mark from Mars Exchange @h276.51",DATA ACK: from Ceres,data ack queued at Ceres,—,unchanged,transport
276.507815,Ceres,"Ceres Clearing last received: mark from Mars Exchange @h264.51, mark from Mars Exchange @h276.51","PACKET SENT: hop receipt: Ceres → Relay A, lands h 276.7515","backbone Ceres→Relay A launch h 276.5078 (hop_receipt, attempt 1)",h 276.7515,unchanged,transport
276.507815,Ceres,"Ceres Clearing last received: mark from Mars Exchange @h264.51, mark from Mars Exchange @h276.51","PACKET SENT: data ack: Ceres → Relay A, lands h 276.7515","backbone Ceres→Relay A launch h 276.5078 (data_ack, attempt 1)",h 276.7515,unchanged,transport
276.751500,Relay A,relay: stores and forwards packet bytes only; no financial state,HOP RECEIPT: from Relay A,hop receipt queued at Relay A,—,unchanged,transport
276.751777,Relay A,relay: stores and forwards packet bytes only; no financial state,"PACKET SENT: hop receipt: Relay A → Ceres, lands h 276.9955","backbone Relay A→Ceres launch h 276.7518 (hop_receipt, attempt 1)",h 276.9955,unchanged,transport
276.752055,Relay A,relay: stores and forwards packet bytes only; no financial state,"PACKET SENT: data ack: Relay A → Mars, lands h 277.0148","backbone Relay A→Mars launch h 276.7521 (data_ack, attempt 1)",h 277.0148,unchanged,transport
277.014828,Mars,Mars Exchange: no remote information yet,HOP RECEIPT: from Mars,hop receipt queued at Mars,—,unchanged,transport
277.015106,Mars,Mars Exchange: no remote information yet,"PACKET SENT: hop receipt: Mars → Relay A, lands h 277.2779","backbone Mars→Relay A launch h 277.0151 (hop_receipt, attempt 1)",h 277.2779,unchanged,transport
288.000000,MOI Publisher,observes MOI locally at Mars,MOI OBSERVATION: 80 released at Mars,—,—,unchanged,finance
288.000278,Mars Exchange,Mars Exchange awaiting ack: mark→Ceres Clearing,MESSAGE SENT: mark: Mars Exchange → Ceres Clearing (backbone),backbone message mark Mars Exchange→Ceres Clearing on Mars → Relay A → Ceres,delivered h 288.5081,unchanged,network
288.000556,Mars,Mars Exchange awaiting ack: mark→Ceres Clearing,"PACKET SENT: mark: Mars → Relay A, lands h 288.2638","backbone Mars→Relay A launch h 288.0006 (data, attempt 1)",h 288.2638,unchanged,network
288.263759,Relay A,relay: stores and forwards packet bytes only; no financial state,HOP RECEIPT: from Relay A,hop receipt queued at Relay A,—,unchanged,transport
288.264037,Relay A,relay: stores and forwards packet bytes only; no financial state,"PACKET SENT: hop receipt: Relay A → Mars, lands h 288.5273","backbone Relay A→Mars launch h 288.2640 (hop_receipt, attempt 1)",h 288.5273,unchanged,transport
288.264315,Relay A,relay: stores and forwards packet bytes only; no financial state,"PACKET SENT: mark: Relay A → Ceres, lands h 288.5081","backbone Relay A→Ceres launch h 288.2643 (data, attempt 1)",h 288.5081,unchanged,network
288.508072,Ceres,"Ceres Clearing last received: mark from Mars Exchange @h264.51, mark from Mars Exchange @h276.51",HOP RECEIPT: from Ceres,hop receipt queued at Ceres,—,unchanged,transport
288.508072,Ceres Clearing,"Ceres Clearing last received: mark from Mars Exchange @h276.51, mark from Mars Exchange @h288.51",RECEIVED: mark at Ceres Clearing,—,—,unchanged,network
288.508072,Ceres,"Ceres Clearing last received: mark from Mars Exchange @h276.51, mark from Mars Exchange @h288.51",MARKED: POS-000001 at 80,—,—,unchanged,finance
288.508072,Ceres,"Ceres Clearing last received: mark from Mars Exchange @h276.51, mark from Mars Exchange @h288.51",DATA ACK: from Ceres,data ack queued at Ceres,—,unchanged,transport
288.508349,Ceres,"Ceres Clearing last received: mark from Mars Exchange @h276.51, mark from Mars Exchange @h288.51","PACKET SENT: hop receipt: Ceres → Relay A, lands h 288.7521","backbone Ceres→Relay A launch h 288.5083 (hop_receipt, attempt 1)",h 288.7521,unchanged,transport
288.508349,Ceres,"Ceres Clearing last received: mark from Mars Exchange @h276.51, mark from Mars Exchange @h288.51","PACKET SENT: data ack: Ceres → Relay A, lands h 288.7521","backbone Ceres→Relay A launch h 288.5083 (data_ack, attempt 1)",h 288.7521,unchanged,transport
288.752080,Relay A,relay: stores and forwards packet bytes only; no financial state,HOP RECEIPT: from Relay A,hop receipt queued at Relay A,—,unchanged,transport
288.752358,Relay A,relay: stores and forwards packet bytes only; no financial state,"PACKET SENT: hop receipt: Relay A → Ceres, lands h 288.9961","backbone Relay A→Ceres launch h 288.7524 (hop_receipt, attempt 1)",h 288.9961,unchanged,transport
288.752635,Relay A,relay: stores and forwards packet bytes only; no financial state,"PACKET SENT: data ack: Relay A → Mars, lands h 289.0159","backbone Relay A→Mars launch h 288.7526 (data_ack, attempt 1)",h 289.0159,unchanged,transport
289.015896,Mars,Mars Exchange: no remote information yet,HOP RECEIPT: from Mars,hop receipt queued at Mars,—,unchanged,transport
289.016174,Mars,Mars Exchange: no remote information yet,"PACKET SENT: hop receipt: Mars → Relay A, lands h 289.2794","backbone Mars→Relay A launch h 289.0162 (hop_receipt, attempt 1)",h 289.2794,unchanged,transport
300.000000,MOI Publisher,observes MOI locally at Mars,MOI OBSERVATION: 80 released at Mars,—,—,unchanged,finance
300.000278,Mars Exchange,Mars Exchange awaiting ack: mark→Ceres Clearing,MESSAGE SENT: mark: Mars Exchange → Ceres Clearing (backbone),backbone message mark Mars Exchange→Ceres Clearing on Mars → Relay A → Ceres,delivered h 300.5086,unchanged,network
300.000556,Mars,Mars Exchange awaiting ack: mark→Ceres Clearing,"PACKET SENT: mark: Mars → Relay A, lands h 300.2642","backbone Mars→Relay A launch h 300.0006 (data, attempt 1)",h 300.2642,unchanged,network
300.264248,Relay A,relay: stores and forwards packet bytes only; no financial state,HOP RECEIPT: from Relay A,hop receipt queued at Relay A,—,unchanged,transport
300.264525,Relay A,relay: stores and forwards packet bytes only; no financial state,"PACKET SENT: hop receipt: Relay A → Mars, lands h 300.5283","backbone Relay A→Mars launch h 300.2645 (hop_receipt, attempt 1)",h 300.5283,unchanged,transport
300.264803,Relay A,relay: stores and forwards packet bytes only; no financial state,"PACKET SENT: mark: Relay A → Ceres, lands h 300.5086","backbone Relay A→Ceres launch h 300.2648 (data, attempt 1)",h 300.5086,unchanged,network
300.508606,Ceres,"Ceres Clearing last received: mark from Mars Exchange @h276.51, mark from Mars Exchange @h288.51; Ceres Clearing awaiting ack: transfer→Earth Exchange",HOP RECEIPT: from Ceres,hop receipt queued at Ceres,—,unchanged,transport
300.508606,Ceres Clearing,"Ceres Clearing last received: mark from Mars Exchange @h288.51, mark from Mars Exchange @h300.51; Ceres Clearing awaiting ack: transfer→Earth Exchange",RECEIVED: mark at Ceres Clearing,—,—,unchanged,network
300.508606,Ceres,"Ceres Clearing last received: mark from Mars Exchange @h288.51, mark from Mars Exchange @h300.51; Ceres Clearing awaiting ack: transfer→Earth Exchange",SETTLED AT MATURITY: POS-000001 — maturity: first scheduled MOI at or after h 300,—,—,"E-Alice $30,000.00@Ceres; N-Eve $13,700.00@Ceres | in transit $0 / 0 sh",finance
300.508606,E-Alice,"E-Alice sees own $35,000.00 free at Earth","TRANSFER INITIATED: XFR-000010: $20,000.00 Ceres → Earth (in transit) — payout travels to the winner's home to become spendable",—,—,"E-Alice $10,000.00@Ceres | in transit $20,000.00 / 0 sh",finance
300.508606,Ceres Clearing,"Ceres Clearing last received: mark from Mars Exchange @h288.51, mark from Mars Exchange @h300.51; Ceres Clearing awaiting ack: transfer→Earth Exchange",MESSAGE SENT: transfer: Ceres Clearing → Earth Exchange (backbone),backbone message transfer Ceres Clearing→Earth Exchange on Ceres → Relay A → Earth,delivered h 301.0460,unchanged,network
300.508606,Ceres,"Ceres Clearing last received: mark from Mars Exchange @h288.51, mark from Mars Exchange @h300.51; Ceres Clearing awaiting ack: transfer→Earth Exchange",DATA ACK: from Ceres,data ack queued at Ceres,—,unchanged,transport
300.508884,Ceres,"Ceres Clearing last received: mark from Mars Exchange @h288.51, mark from Mars Exchange @h300.51; Ceres Clearing awaiting ack: transfer→Earth Exchange","PACKET SENT: hop receipt: Ceres → Relay A, lands h 300.7527","backbone Ceres→Relay A launch h 300.5089 (hop_receipt, attempt 1)",h 300.7527,unchanged,transport
300.508884,Ceres,"Ceres Clearing last received: mark from Mars Exchange @h288.51, mark from Mars Exchange @h300.51; Ceres Clearing awaiting ack: transfer→Earth Exchange","PACKET SENT: transfer: Ceres → Relay A, lands h 300.7527","backbone Ceres→Relay A launch h 300.5089 (data, attempt 1)",h 300.7527,unchanged,network
300.508884,Ceres,"Ceres Clearing last received: mark from Mars Exchange @h288.51, mark from Mars Exchange @h300.51; Ceres Clearing awaiting ack: transfer→Earth Exchange","PACKET SENT: data ack: Ceres → Relay A, lands h 300.7527","backbone Ceres→Relay A launch h 300.5089 (data_ack, attempt 1)",h 300.7527,unchanged,transport
300.752661,Relay A,relay: stores and forwards packet bytes only; no financial state,HOP RECEIPT: from Relay A,hop receipt queued at Relay A,—,unchanged,transport
300.752661,Relay A,relay: stores and forwards packet bytes only; no financial state,HOP RECEIPT: from Relay A,hop receipt queued at Relay A,—,unchanged,transport
300.752939,Relay A,relay: stores and forwards packet bytes only; no financial state,"PACKET SENT: hop receipt: Relay A → Ceres, lands h 300.9967","backbone Relay A→Ceres launch h 300.7529 (hop_receipt, attempt 1)",h 300.9967,unchanged,transport
300.752939,Relay A,relay: stores and forwards packet bytes only; no financial state,"PACKET SENT: hop receipt: Relay A → Ceres, lands h 300.9967","backbone Relay A→Ceres launch h 300.7529 (hop_receipt, attempt 1)",h 300.9967,unchanged,transport
300.753217,Relay A,relay: stores and forwards packet bytes only; no financial state,"PACKET SENT: transfer: Relay A → Earth, lands h 301.0460","backbone Relay A→Earth launch h 300.7532 (data, attempt 1)",h 301.0460,unchanged,network
300.753217,Relay A,relay: stores and forwards packet bytes only; no financial state,"PACKET SENT: data ack: Relay A → Mars, lands h 301.0170","backbone Relay A→Mars launch h 300.7532 (data_ack, attempt 1)",h 301.0170,unchanged,transport
301.016966,Mars,Mars Exchange: no remote information yet,HOP RECEIPT: from Mars,hop receipt queued at Mars,—,unchanged,transport
301.017244,Mars,Mars Exchange: no remote information yet,"PACKET SENT: hop receipt: Mars → Relay A, lands h 301.2810","backbone Mars→Relay A launch h 301.0172 (hop_receipt, attempt 1)",h 301.2810,unchanged,transport
301.045971,Earth,"Earth Exchange last received: transfer_status from Ceres Clearing @h1.21, transfer_status from Ceres Clearing @h1.61; Earth Exchange awaiting ack: transfer_status→Ceres Clearing",HOP RECEIPT: from Earth,hop receipt queued at Earth,—,unchanged,transport
301.045971,Earth Exchange,"Earth Exchange last received: transfer_status from Ceres Clearing @h1.61, transfer from Ceres Clearing @h301.05; Earth Exchange awaiting ack: transfer_status→Ceres Clearing",RECEIVED: transfer at Earth Exchange,—,—,unchanged,network
301.045971,E-Alice,"E-Alice sees own $55,000.00 free at Earth",VALIDATED · FINAL: XFR-000010: usable by E-Alice at Earth — destination validates the locked commitment,—,—,"E-Alice $55,000.00@Earth | in transit $0 / 0 sh",finance
301.045971,Earth Exchange,"Earth Exchange last received: transfer_status from Ceres Clearing @h1.61, transfer from Ceres Clearing @h301.05; Earth Exchange awaiting ack: transfer_status→Ceres Clearing",MESSAGE SENT: transfer_status: Earth Exchange → Ceres Clearing (backbone),backbone message transfer_status Earth Exchange→Ceres Clearing on Earth → Relay A → Ceres,delivered h 301.5834,unchanged,network
301.045971,Earth,"Earth Exchange last received: transfer_status from Ceres Clearing @h1.61, transfer from Ceres Clearing @h301.05; Earth Exchange awaiting ack: transfer_status→Ceres Clearing",DATA ACK: from Earth,data ack queued at Earth,—,unchanged,transport
301.046248,Earth,"Earth Exchange last received: transfer_status from Ceres Clearing @h1.61, transfer from Ceres Clearing @h301.05; Earth Exchange awaiting ack: transfer_status→Ceres Clearing","PACKET SENT: hop receipt: Earth → Relay A, lands h 301.3390","backbone Earth→Relay A launch h 301.0462 (hop_receipt, attempt 1)",h 301.3390,unchanged,transport
301.046248,Earth,"Earth Exchange last received: transfer_status from Ceres Clearing @h1.61, transfer from Ceres Clearing @h301.05; Earth Exchange awaiting ack: transfer_status→Ceres Clearing","PACKET SENT: transfer_status: Earth → Relay A, lands h 301.3390","backbone Earth→Relay A launch h 301.0462 (data, attempt 1)",h 301.3390,unchanged,network
301.046248,Earth,"Earth Exchange last received: transfer_status from Ceres Clearing @h1.61, transfer from Ceres Clearing @h301.05; Earth Exchange awaiting ack: transfer_status→Ceres Clearing","PACKET SENT: data ack: Earth → Relay A, lands h 301.3390","backbone Earth→Relay A launch h 301.0462 (data_ack, attempt 1)",h 301.3390,unchanged,transport
301.339012,Relay A,relay: stores and forwards packet bytes only; no financial state,HOP RECEIPT: from Relay A,hop receipt queued at Relay A,—,unchanged,transport
301.339012,Relay A,relay: stores and forwards packet bytes only; no financial state,HOP RECEIPT: from Relay A,hop receipt queued at Relay A,—,unchanged,transport
301.339290,Relay A,relay: stores and forwards packet bytes only; no financial state,"PACKET SENT: hop receipt: Relay A → Earth, lands h 301.6320","backbone Relay A→Earth launch h 301.3393 (hop_receipt, attempt 1)",h 301.6320,unchanged,transport
301.339290,Relay A,relay: stores and forwards packet bytes only; no financial state,"PACKET SENT: hop receipt: Relay A → Earth, lands h 301.6320","backbone Relay A→Earth launch h 301.3393 (hop_receipt, attempt 1)",h 301.6320,unchanged,transport
301.339568,Relay A,relay: stores and forwards packet bytes only; no financial state,"PACKET SENT: transfer_status: Relay A → Ceres, lands h 301.5834","backbone Relay A→Ceres launch h 301.3396 (data, attempt 1)",h 301.5834,unchanged,network
301.339568,Relay A,relay: stores and forwards packet bytes only; no financial state,"PACKET SENT: data ack: Relay A → Ceres, lands h 301.5834","backbone Relay A→Ceres launch h 301.3396 (data_ack, attempt 1)",h 301.5834,unchanged,transport
301.583375,Ceres,"Ceres Clearing last received: mark from Mars Exchange @h288.51, mark from Mars Exchange @h300.51",HOP RECEIPT: from Ceres,hop receipt queued at Ceres,—,unchanged,transport
301.583375,Ceres Clearing,"Ceres Clearing last received: mark from Mars Exchange @h300.51, transfer_status from Earth Exchange @h301.58",RECEIVED: transfer_status at Ceres Clearing,—,—,unchanged,network
301.583375,E-Alice,"E-Alice sees own $55,000.00 free at Earth",SOURCE RECONCILED: XFR-000010 confirmed at the source — source reconciles to the destination record,—,—,unchanged,finance
301.583375,Ceres,"Ceres Clearing last received: mark from Mars Exchange @h300.51, transfer_status from Earth Exchange @h301.58",DATA ACK: from Ceres,data ack queued at Ceres,—,unchanged,transport
301.583375,Ceres,"Ceres Clearing last received: mark from Mars Exchange @h300.51, transfer_status from Earth Exchange @h301.58",HOP RECEIPT: from Ceres,hop receipt queued at Ceres,—,unchanged,transport
301.583653,Ceres,"Ceres Clearing last received: mark from Mars Exchange @h300.51, transfer_status from Earth Exchange @h301.58","PACKET SENT: hop receipt: Ceres → Relay A, lands h 301.8274","backbone Ceres→Relay A launch h 301.5837 (hop_receipt, attempt 1)",h 301.8274,unchanged,transport
301.583653,Ceres,"Ceres Clearing last received: mark from Mars Exchange @h300.51, transfer_status from Earth Exchange @h301.58","PACKET SENT: data ack: Ceres → Relay A, lands h 301.8274","backbone Ceres→Relay A launch h 301.5837 (data_ack, attempt 1)",h 301.8274,unchanged,transport
301.583653,Ceres,"Ceres Clearing last received: mark from Mars Exchange @h300.51, transfer_status from Earth Exchange @h301.58","PACKET SENT: hop receipt: Ceres → Relay A, lands h 301.8274","backbone Ceres→Relay A launch h 301.5837 (hop_receipt, attempt 1)",h 301.8274,unchanged,transport
301.827434,Relay A,relay: stores and forwards packet bytes only; no financial state,HOP RECEIPT: from Relay A,hop receipt queued at Relay A,—,unchanged,transport
301.827712,Relay A,relay: stores and forwards packet bytes only; no financial state,"PACKET SENT: hop receipt: Relay A → Ceres, lands h 302.0715","backbone Relay A→Ceres launch h 301.8277 (hop_receipt, attempt 1)",h 302.0715,unchanged,transport
301.827989,Relay A,relay: stores and forwards packet bytes only; no financial state,"PACKET SENT: data ack: Relay A → Earth, lands h 302.1207","backbone Relay A→Earth launch h 301.8280 (data_ack, attempt 1)",h 302.1207,unchanged,transport
302.120677,Earth,"Earth Exchange last received: transfer_status from Ceres Clearing @h1.61, transfer from Ceres Clearing @h301.05",HOP RECEIPT: from Earth,hop receipt queued at Earth,—,unchanged,transport
302.120955,Earth,"Earth Exchange last received: transfer_status from Ceres Clearing @h1.61, transfer from Ceres Clearing @h301.05","PACKET SENT: hop receipt: Earth → Relay A, lands h 302.4137","backbone Earth→Relay A launch h 302.1210 (hop_receipt, attempt 1)",h 302.4137,unchanged,transport
